ID,Path,Title,Type,Location,Size bytes,Status candidate,Last modification,Last commit,Related module,Related specification (heuristic),Related code / tests,Authority candidate
DOC-0001,.githooks/README.md,Git Hooks للمشروع,GUIDE,.githooks,2220,UNDECLARED,2025-12-10T17:25:42+03:00,0ef36f8a804fbc9f45219a20b57df271268259ae,Cross-cutting / undetermined,,See traceability matrix; not inferred from pathname alone,L6 — operational guidance / policy candidate
DOC-0002,.github/BRANCHING_STRATEGY.md,استراتيجية الفروع - مشروع بصير,UNKNOWN,.github,2142,UNDECLARED,2026-01-08T14:03:26+03:00,4e9f13e03c26b3bca345cec517de4cfd312dc513,Cross-cutting / undetermined,,See traceability matrix; not inferred from pathname alone,UNASSIGNED
DOC-0003,.github/CI_CD_INTEGRATION.md,CI/CD Integration for Documentation System,UNKNOWN,.github,9157,UNDECLARED,2025-12-10T17:25:42+03:00,0ef36f8a804fbc9f45219a20b57df271268259ae,Delivery / operations; Integration,.kiro/specs/active/basir_master_specification/07_INTEGRATION_PROTOCOLS.md,See traceability matrix; not inferred from pathname alone,UNASSIGNED
DOC-0004,.github/CONTRIBUTING.md,دليل المساهمة,GUIDE,.github,10409,UNDECLARED,2026-01-02T13:15:47+03:00,560c3372de9ac640f01e3854b211ffb6ef0664fd,Cross-cutting / undetermined,,See traceability matrix; not inferred from pathname alone,L6 — operational guidance / policy candidate
DOC-0005,.github/DEPENDABOT_GUIDE.md,دليل Dependabot,GUIDE,.github,6000,UNDECLARED,2025-12-10T17:25:42+03:00,0ef36f8a804fbc9f45219a20b57df271268259ae,Flutter UI / UX,.kiro/specs/active/basir_master_specification/04_UI_DESIGN_SYSTEM.md,See traceability matrix; not inferred from pathname alone,L6 — operational guidance / policy candidate
DOC-0006,.github/ERROR_TRACKING_README.md,🔍 نظام تتبع الأخطاء المتكامل,GUIDE,.github,3989,UNDECLARED,2025-12-29T21:52:19+03:00,e19f81ab07bea087097bea1bd68850501be70504,Cross-cutting / undetermined,,See traceability matrix; not inferred from pathname alone,L6 — operational guidance / policy candidate
DOC-0007,.github/GITHUB_SETUP_GUIDE.md,المراج 📚,GUIDE,.github,12975,UNDECLARED,2026-01-02T13:15:47+03:00,560c3372de9ac640f01e3854b211ffb6ef0664fd,Flutter UI / UX,.kiro/specs/active/basir_master_specification/04_UI_DESIGN_SYSTEM.md,See traceability matrix; not inferred from pathname alone,L6 — operational guidance / policy candidate
DOC-0008,.github/GIT_WORKFLOW.md,دليل سير عمل Git,UNKNOWN,.github,1950,UNDECLARED,2026-01-08T14:03:26+03:00,4e9f13e03c26b3bca345cec517de4cfd312dc513,Cross-cutting / undetermined,,See traceability matrix; not inferred from pathname alone,UNASSIGNED
DOC-0009,.github/ISSUE_TEMPLATE/bug_report.md,📝 وصف المشكلة,REPORT,.github/ISSUE_TEMPLATE,1803,UNDECLARED,2025-12-24T21:10:33+03:00,2f5c6feb4937246a86433e30ce8664e48ce554e5,Cross-cutting / undetermined,,See traceability matrix; not inferred from pathname alone,L7 — historical or evidentiary claim only
DOC-0010,.github/ISSUE_TEMPLATE/code_quality.md,📊 نوع المشكلة,REFERENCE,.github/ISSUE_TEMPLATE,3279,UNDECLARED,2025-12-29T21:52:19+03:00,e19f81ab07bea087097bea1bd68850501be70504,Cross-cutting / undetermined,,See traceability matrix; not inferred from pathname alone,L6 — operational guidance / policy candidate
DOC-0011,.github/ISSUE_TEMPLATE/feature_request.md,🎯 وصف الميزة المقترحة,REFERENCE,.github/ISSUE_TEMPLATE,2430,UNDECLARED,2025-12-24T21:10:33+03:00,2f5c6feb4937246a86433e30ce8664e48ce554e5,Cross-cutting / undetermined,,See traceability matrix; not inferred from pathname alone,L6 — operational guidance / policy candidate
DOC-0012,.github/QUALITY_GATES.md,Quality Gates Documentation,UNKNOWN,.github,2650,UNDECLARED,2025-12-24T21:10:33+03:00,2f5c6feb4937246a86433e30ce8664e48ce554e5,Cross-cutting / undetermined,,See traceability matrix; not inferred from pathname alone,UNASSIGNED
DOC-0013,.github/QUICK_REFERENCE.md,CI/CD Quick Reference Guide,REFERENCE,.github,5810,UNDECLARED,2025-12-10T17:25:42+03:00,0ef36f8a804fbc9f45219a20b57df271268259ae,Flutter UI / UX,.kiro/specs/active/basir_master_specification/04_UI_DESIGN_SYSTEM.md,See traceability matrix; not inferred from pathname alone,L6 — operational guidance / policy candidate
DOC-0014,.github/SECRETS_SETUP_GUIDE.md,دليل إعداد GitHub Secrets,GUIDE,.github,5675,UNDECLARED,2026-01-02T13:15:47+03:00,560c3372de9ac640f01e3854b211ffb6ef0664fd,Flutter UI / UX,.kiro/specs/active/basir_master_specification/04_UI_DESIGN_SYSTEM.md,See traceability matrix; not inferred from pathname alone,L6 — operational guidance / policy candidate
DOC-0015,.github/pull_request_template.md,Pull Request,REFERENCE,.github,2915,UNDECLARED,2025-12-10T17:25:42+03:00,0ef36f8a804fbc9f45219a20b57df271268259ae,Cross-cutting / undetermined,,See traceability matrix; not inferred from pathname alone,L6 — operational guidance / policy candidate
DOC-0016,.github/workflows/analysis.yml,name: Analysis,ANALYSIS,.github/workflows,6104,UNDECLARED,2026-08-13T17:35:36+00:00,95c8aae8ed7ee08acbe95521dbd6448d35b62bc9,Cross-cutting / undetermined,,See traceability matrix; not inferred from pathname alone,L7 — historical or evidentiary claim only
DOC-0017,.github/workflows/codeql-analysis.yml,name: CodeQL Security Analysis,ANALYSIS,.github/workflows,4436,UNDECLARED,2026-08-13T17:35:36+00:00,95c8aae8ed7ee08acbe95521dbd6448d35b62bc9,Cross-cutting / undetermined,,See traceability matrix; not inferred from pathname alone,L7 — historical or evidentiary claim only
DOC-0018,.github/workflows/error-tracking-analysis.yml,name: Error Tracking - Continuous Analysis,ANALYSIS,.github/workflows,6084,UNDECLARED,2026-08-13T17:35:36+00:00,95c8aae8ed7ee08acbe95521dbd6448d35b62bc9,Cross-cutting / undetermined,,See traceability matrix; not inferred from pathname alone,L7 — historical or evidentiary claim only
DOC-0019,.kiro/BLUEPRINT_STATUS.md,حالة Kiro Strategic Workspace,PLAN,.kiro,10312,UNDECLARED,2025-12-29T20:12:37+03:00,d36e29782d6b51094555717719038a5e9a82dc70,Cross-cutting / undetermined,,See traceability matrix; not inferred from pathname alone,L5 — planning only
DOC-0020,.kiro/FINAL_STATUS.md,🎉 الحالة النهائية: Kiro Strategic Workspace,STATUS,.kiro,14636,UNDECLARED,2025-12-29T20:12:37+03:00,d36e29782d6b51094555717719038a5e9a82dc70,Cross-cutting / undetermined,,See traceability matrix; not inferred from pathname alone,L7 — historical or evidentiary claim only
DOC-0021,.kiro/README.md,🚀 Kiro Strategic Workspace - بيئة تطوير ذكية قابلة للتشغيل الكامل,GUIDE,.kiro,16738,UNDECLARED,2025-12-29T21:52:19+03:00,e19f81ab07bea087097bea1bd68850501be70504,Cross-cutting / undetermined,,See traceability matrix; not inferred from pathname alone,L6 — operational guidance / policy candidate
DOC-0022,.kiro/backlog/POWERS_STRATEGY.md,استراتيجية Powers للامتثال لـ Kiro.dev,TASK,.kiro/backlog,5136,UNDECLARED,2025-12-12T21:51:06+03:00,f6a96b9b43cad0893d35214e05192a0e95f95eda,Cross-cutting / undetermined,,See traceability matrix; not inferred from pathname alone,L5 — planning only
DOC-0023,.kiro/backlog/README.md,Backlog Directory,TASK,.kiro/backlog,2831,UNDECLARED,2025-12-12T21:51:06+03:00,f6a96b9b43cad0893d35214e05192a0e95f95eda,Cross-cutting / undetermined,,See traceability matrix; not inferred from pathname alone,L5 — planning only
DOC-0024,.kiro/backlog/technologies/aws-cli-best-practices.md,AWS CLI Best Practices,TASK,.kiro/backlog/technologies,1410,UNDECLARED,2025-12-12T21:51:06+03:00,f6a96b9b43cad0893d35214e05192a0e95f95eda,Cross-cutting / undetermined,,See traceability matrix; not inferred from pathname alone,L5 — planning only
DOC-0025,.kiro/backlog/technologies/cdk-best-practices.md,CDK Best Practices,TASK,.kiro/backlog/technologies,2245,UNDECLARED,2025-12-12T21:51:06+03:00,f6a96b9b43cad0893d35214e05192a0e95f95eda,Cross-cutting / undetermined,,See traceability matrix; not inferred from pathname alone,L5 — planning only
DOC-0026,.kiro/backlog/technologies/docker-best-practices.md,Docker Best Practices,TASK,.kiro/backlog/technologies,1154,UNDECLARED,2025-12-12T21:51:06+03:00,f6a96b9b43cad0893d35214e05192a0e95f95eda,Cross-cutting / undetermined,,See traceability matrix; not inferred from pathname alone,L5 — planning only
DOC-0027,.kiro/docs/README.md,دليل التوثيق - بصير MVP,GUIDE,.kiro/docs,14453,UNDECLARED,2025-12-29T21:52:19+03:00,e19f81ab07bea087097bea1bd68850501be70504,Cross-cutting / undetermined,,See traceability matrix; not inferred from pathname alone,L6 — operational guidance / policy candidate
DOC-0028,.kiro/docs/analysis/BEST_REPOSITORIES_AND_TEMPLATES_ANALYSIS.md,تحليل أفضل المستودعات والقوالب للأوامر والتوجيهات الذكية,ANALYSIS,.kiro/docs/analysis,15676,UNDECLARED,2025-12-15T21:49:15+03:00,a4afa9bc7c19dc44186723a2955d14e44f261c31,Cross-cutting / undetermined,,See traceability matrix; not inferred from pathname alone,L7 — historical or evidentiary claim only
DOC-0029,.kiro/docs/analysis/COMPREHENSIVE_KIRO_ANALYSIS_AND_ENHANCEMENT_PLAN.md,التحليل الشامل وخطة التطوير المتقدمة لمجلد .kiro/,PLAN,.kiro/docs/analysis,30452,PLANNING_CANDIDATE,2025-12-15T21:49:15+03:00,a4afa9bc7c19dc44186723a2955d14e44f261c31,Cross-cutting / undetermined,,See traceability matrix; not inferred from pathname alone,L5 — planning only
DOC-0030,.kiro/docs/analysis/COMPREHENSIVE_SPECS_ANALYSIS.md,تحليل شامل لجميع المواصفات,ANALYSIS,.kiro/docs/analysis,7823,UNDECLARED,2025-12-15T21:49:15+03:00,a4afa9bc7c19dc44186723a2955d14e44f261c31,Cross-cutting / undetermined,,See traceability matrix; not inferred from pathname alone,L7 — historical or evidentiary claim only
DOC-0031,.kiro/docs/analysis/PROFESSIONAL_KIRO_REFERENCES_ANALYSIS.md,تحليل شامل للمراجع الاحترافية لـ Kiro,ANALYSIS,.kiro/docs/analysis,23253,UNDECLARED,2026-01-02T13:15:47+03:00,560c3372de9ac640f01e3854b211ffb6ef0664fd,Cross-cutting / undetermined,,See traceability matrix; not inferred from pathname alone,L7 — historical or evidentiary claim only
DOC-0032,.kiro/docs/i18n/developer-guide.md,دليل المطور لنظام الترجمة والتدويل (i18n Developer Guide),GUIDE,.kiro/docs/i18n,5946,UNDECLARED,2026-01-02T13:15:47+03:00,560c3372de9ac640f01e3854b211ffb6ef0664fd,Flutter UI / UX,.kiro/specs/active/basir_master_specification/04_UI_DESIGN_SYSTEM.md,See traceability matrix; not inferred from pathname alone,L6 — operational guidance / policy candidate
DOC-0033,.kiro/docs/i18n/user-guide.md,دليل المستخدم (User Guide) - اللغة والإعدادات,GUIDE,.kiro/docs/i18n,1956,UNDECLARED,2025-12-31T20:48:36+03:00,6d2b36b5963fc74833e2a28f54d4838b06e08729,Flutter UI / UX,.kiro/specs/active/basir_master_specification/04_UI_DESIGN_SYSTEM.md,See traceability matrix; not inferred from pathname alone,L6 — operational guidance / policy candidate
DOC-0034,.kiro/docs/plans/KIRO_STANDARDS_IMPLEMENTATION_PLAN.md,خطة تنفيذ معايير Kiro.dev الرسمية,STANDARD,.kiro/docs/plans,6299,PLANNING_CANDIDATE,2025-12-15T21:49:15+03:00,a4afa9bc7c19dc44186723a2955d14e44f261c31,Cross-cutting / undetermined,,See traceability matrix; not inferred from pathname alone,L6 — operational guidance / policy candidate
DOC-0035,.kiro/docs/plans/KIRO_WORKFLOW_TESTING_PLAN.md,خطة اختبار التحسينات - kiro-workflow-prompts Integration,PLAN,.kiro/docs/plans,9245,PLANNING_CANDIDATE,2025-12-10T17:25:42+03:00,0ef36f8a804fbc9f45219a20b57df271268259ae,Testing,,See traceability matrix; not inferred from pathname alone,L5 — planning only
DOC-0036,.kiro/docs/plans/SCRIPTS_TESTING_PLAN.md,خطة اختبار السكريبتات المحسّنة,PLAN,.kiro/docs/plans,8849,PLANNING_CANDIDATE,2025-12-10T17:25:42+03:00,0ef36f8a804fbc9f45219a20b57df271268259ae,Testing,,See traceability matrix; not inferred from pathname alone,L5 — planning only
DOC-0037,.kiro/docs/plans/git/GIT_MANAGEMENT_PLAN.md,🔬 خطة عمل هندسية جراحية شاملة لإدارة Git,PLAN,.kiro/docs/plans/git,69040,PLANNING_CANDIDATE,2025-12-29T21:52:19+03:00,e19f81ab07bea087097bea1bd68850501be70504,Cross-cutting / undetermined,,See traceability matrix; not inferred from pathname alone,L5 — planning only
DOC-0038,.kiro/docs/plans/git/GIT_MANAGEMENT_QUICK_START.md,ملخص سريع - خطة إدارة Git,GUIDE,.kiro/docs/plans/git,2281,UNDECLARED,2026-01-02T13:15:47+03:00,560c3372de9ac640f01e3854b211ffb6ef0664fd,Flutter UI / UX,.kiro/specs/active/basir_master_specification/04_UI_DESIGN_SYSTEM.md,See traceability matrix; not inferred from pathname alone,L6 — operational guidance / policy candidate
DOC-0039,.kiro/docs/plans/git/README.md,خطط إدارة Git,GUIDE,.kiro/docs/plans/git,2919,UNDECLARED,2025-12-10T17:25:42+03:00,0ef36f8a804fbc9f45219a20b57df271268259ae,Cross-cutting / undetermined,,See traceability matrix; not inferred from pathname alone,L6 — operational guidance / policy candidate
DOC-0040,.kiro/docs/plans/git/archive/GIT_MANAGEMENT_PLAN_V2.md,🔬 خطة عمل هندسية جراحية شاملة لإدارة Git - الإصدار 2.0,PLAN,.kiro/docs/plans/git/archive,51567,ARCHIVED_CANDIDATE,2026-01-02T13:15:47+03:00,560c3372de9ac640f01e3854b211ffb6ef0664fd,Cross-cutting / undetermined,,See traceability matrix; not inferred from pathname alone,L5 — planning only
DOC-0041,.kiro/docs/plans/testing/README.md,خطط الاختبارات,GUIDE,.kiro/docs/plans/testing,3364,UNDECLARED,2025-12-10T17:25:42+03:00,0ef36f8a804fbc9f45219a20b57df271268259ae,Testing,,See traceability matrix; not inferred from pathname alone,L6 — operational guidance / policy candidate
DOC-0042,.kiro/docs/reorganization/CRITICAL_REORGANIZATION_ANALYSIS.md,تحليل حرج: مشكلة تنظيمية خطيرة في بنية المشروع,ANALYSIS,.kiro/docs/reorganization,15776,UNDECLARED,2026-01-02T13:15:47+03:00,560c3372de9ac640f01e3854b211ffb6ef0664fd,Cross-cutting / undetermined,,See traceability matrix; not inferred from pathname alone,L7 — historical or evidentiary claim only
DOC-0043,.kiro/docs/reorganization/REORGANIZATION_SUCCESS.md,✅ نجاح إعادة التنظيم,STATUS,.kiro/docs/reorganization,1038,UNDECLARED,2025-12-15T21:52:46+03:00,eb64a6d485d5da98f2253ae2f9234ce18cb51ecc,Cross-cutting / undetermined,,See traceability matrix; not inferred from pathname alone,L7 — historical or evidentiary claim only
DOC-0044,.kiro/docs/reorganization/documentation_restructure_summary.md,ملخص إعادة هيكلة الوثائق,REPORT,.kiro/docs/reorganization,7177,UNDECLARED,2026-01-02T13:15:47+03:00,560c3372de9ac640f01e3854b211ffb6ef0664fd,Cross-cutting / undetermined,,See traceability matrix; not inferred from pathname alone,L7 — historical or evidentiary claim only
DOC-0045,.kiro/docs/reports/AUDIT_COMPLETION_STATUS_20260115.md,Audit Completion Status,STATUS,.kiro/docs/reports,7529,COMPLETED_CLAIM,2026-01-15T14:18:26+03:00,b3045c5d54d3040d09f7a3fd9e5a08374cf68569,Cross-cutting / undetermined,,See traceability matrix; not inferred from pathname alone,L7 — historical or evidentiary claim only
DOC-0046,.kiro/docs/reports/BLUEPRINT_STATUS.md,حالة Kiro Strategic Workspace,PLAN,.kiro/docs/reports,10312,HISTORICAL_OR_STATUS,2025-12-24T21:10:33+03:00,2f5c6feb4937246a86433e30ce8664e48ce554e5,Cross-cutting / undetermined,,See traceability matrix; not inferred from pathname alone,L5 — planning only
DOC-0047,.kiro/docs/reports/COMPREHENSIVE_REPOSITORY_AUDIT_20260115.md,Comprehensive Repository Audit Report,REPORT,.kiro/docs/reports,21382,HISTORICAL_OR_STATUS,2026-01-15T14:09:48+03:00,ba552bdb140e9d84256e2340d2f0d4662119b88d,Cross-cutting / undetermined,,See traceability matrix; not inferred from pathname alone,L7 — historical or evidentiary claim only
DOC-0048,.kiro/docs/reports/COMPREHENSIVE_REVIEW_REPORT.md,تقرير المراجعة الشاملة لمكونات .kiro,REPORT,.kiro/docs/reports,17549,HISTORICAL_OR_STATUS,2025-12-24T21:10:33+03:00,2f5c6feb4937246a86433e30ce8664e48ce554e5,Cross-cutting / undetermined,,See traceability matrix; not inferred from pathname alone,L7 — historical or evidentiary claim only
DOC-0049,.kiro/docs/reports/CONTINUATION_STATUS_20260115.md,تقرير حالة المتابعة - نظام بصير المحاسبي,STATUS,.kiro/docs/reports,9767,HISTORICAL_OR_STATUS,2026-01-15T18:03:45+03:00,fc4d6d999e92b49ef17ac6e49bca05bbb08c028c,Cross-cutting / undetermined,,See traceability matrix; not inferred from pathname alone,L7 — historical or evidentiary claim only
DOC-0050,.kiro/docs/reports/DELETION_VERIFICATION_REPORT.md,تقرير التحقق من الحذف - ضمان عدم فقدان المعلومات,REPORT,.kiro/docs/reports,16888,HISTORICAL_OR_STATUS,2025-12-24T21:10:33+03:00,2f5c6feb4937246a86433e30ce8664e48ce554e5,Cross-cutting / undetermined,,See traceability matrix; not inferred from pathname alone,L7 — historical or evidentiary claim only
DOC-0051,.kiro/docs/reports/FINAL_IMPLEMENTATION_REPORT.md,تقرير التنفيذ النهائي - مراجعة بنية .kiro/,STATUS,.kiro/docs/reports,15728,HISTORICAL_OR_STATUS,2025-12-24T21:10:33+03:00,2f5c6feb4937246a86433e30ce8664e48ce554e5,Cross-cutting / undetermined,,See traceability matrix; not inferred from pathname alone,L7 — historical or evidentiary claim only
DOC-0052,.kiro/docs/reports/FINAL_STATUS.md,🎉 الحالة النهائية: Kiro Strategic Workspace,STATUS,.kiro/docs/reports,14636,HISTORICAL_OR_STATUS,2025-12-24T21:10:33+03:00,2f5c6feb4937246a86433e30ce8664e48ce554e5,Cross-cutting / undetermined,,See traceability matrix; not inferred from pathname alone,L7 — historical or evidentiary claim only
DOC-0053,.kiro/docs/reports/FINAL_STATUS_SUMMARY.md,الملخص النهائي لحالة Kiro Strategic Workspace,STATUS,.kiro/docs/reports,12682,HISTORICAL_OR_STATUS,2025-12-24T21:10:33+03:00,2f5c6feb4937246a86433e30ce8664e48ce554e5,Cross-cutting / undetermined,,See traceability matrix; not inferred from pathname alone,L7 — historical or evidentiary claim only
DOC-0054,.kiro/docs/reports/GAPS_ANALYSIS_REPORT.md,🔍 تقرير تحليل الفجوات والثغرات,REPORT,.kiro/docs/reports,11166,HISTORICAL_OR_STATUS,2025-12-24T21:10:33+03:00,2f5c6feb4937246a86433e30ce8664e48ce554e5,Cross-cutting / undetermined,,See traceability matrix; not inferred from pathname alone,L7 — historical or evidentiary claim only
DOC-0055,.kiro/docs/reports/PHASE1_CRITICAL_FIXES_COMPLETE_20260115.md,تقرير إكمال المرحلة 1: الإصلاحات الحرجة,UNKNOWN,.kiro/docs/reports,10411,COMPLETED_CLAIM,2026-01-15T18:03:45+03:00,fc4d6d999e92b49ef17ac6e49bca05bbb08c028c,Cross-cutting / undetermined,,See traceability matrix; not inferred from pathname alone,UNASSIGNED
DOC-0056,.kiro/docs/reports/QUICK_ACTION_CHECKLIST_20260115.md,Quick Action Checklist - Repository Audit,UNKNOWN,.kiro/docs/reports,10565,HISTORICAL_OR_STATUS,2026-01-15T14:09:48+03:00,ba552bdb140e9d84256e2340d2f0d4662119b88d,Flutter UI / UX,.kiro/specs/active/basir_master_specification/04_UI_DESIGN_SYSTEM.md,See traceability matrix; not inferred from pathname alone,UNASSIGNED
DOC-0057,.kiro/docs/reports/REVIEW_UPDATE_REPORT.md,تقرير تحديث المراجعة الشاملة,REPORT,.kiro/docs/reports,12668,HISTORICAL_OR_STATUS,2025-12-24T21:10:33+03:00,2f5c6feb4937246a86433e30ce8664e48ce554e5,Cross-cutting / undetermined,,See traceability matrix; not inferred from pathname alone,L7 — historical or evidentiary claim only
DOC-0058,.kiro/docs/reports/ROOT_CLEANUP_COMPLETION_20260115.md,Root Directory Cleanup - Completion Report,STATUS,.kiro/docs/reports,10024,COMPLETED_CLAIM,2026-01-15T14:21:47+03:00,2eb8a83f05d6a8599e28b4772cdde673dde9bb07,Cross-cutting / undetermined,,See traceability matrix; not inferred from pathname alone,L7 — historical or evidentiary claim only
DOC-0059,.kiro/docs/reports/SESSION_SUMMARY_20260115.md,ملخص الجلسة - نظام بصير المحاسبي,REPORT,.kiro/docs/reports,11957,HISTORICAL_OR_STATUS,2026-01-15T18:03:45+03:00,fc4d6d999e92b49ef17ac6e49bca05bbb08c028c,Cross-cutting / undetermined,,See traceability matrix; not inferred from pathname alone,L7 — historical or evidentiary claim only
DOC-0060,.kiro/docs/reports/STRUCTURE_AUDIT_REPORT.md,تقرير المراجعة الشاملة لبنية .kiro/,REPORT,.kiro/docs/reports,13922,HISTORICAL_OR_STATUS,2025-12-24T21:10:33+03:00,2f5c6feb4937246a86433e30ce8664e48ce554e5,Cross-cutting / undetermined,,See traceability matrix; not inferred from pathname alone,L7 — historical or evidentiary claim only
DOC-0061,.kiro/docs/reports/TEAM_READY_STATUS.md,حالة جاهزية فريق الوكلاء المطورين,STATUS,.kiro/docs/reports,5505,HISTORICAL_OR_STATUS,2025-12-24T21:10:33+03:00,2f5c6feb4937246a86433e30ce8664e48ce554e5,Cross-cutting / undetermined,,See traceability matrix; not inferred from pathname alone,L7 — historical or evidentiary claim only
DOC-0062,.kiro/docs/reports/TRANSFORMATION_COMPLETE.md,🎉 اكتمال التحول: من Blueprint إلى Workspace,UNKNOWN,.kiro/docs/reports,14465,COMPLETED_CLAIM,2025-12-24T21:10:33+03:00,2f5c6feb4937246a86433e30ce8664e48ce554e5,Cross-cutting / undetermined,,See traceability matrix; not inferred from pathname alone,UNASSIGNED
DOC-0063,.kiro/docs/reports/VERIFICATION_REPORT.md,🔍 تقرير التحقق والاختبار الشامل,REPORT,.kiro/docs/reports,13485,HISTORICAL_OR_STATUS,2025-12-24T21:10:33+03:00,2f5c6feb4937246a86433e30ce8664e48ce554e5,Cross-cutting / undetermined,,See traceability matrix; not inferred from pathname alone,L7 — historical or evidentiary claim only
DOC-0064,.kiro/docs/reports/WORKSPACE_STATUS.md,🎯 حالة Kiro Strategic Workspace,STATUS,.kiro/docs/reports,13134,HISTORICAL_OR_STATUS,2025-12-24T21:10:33+03:00,2f5c6feb4937246a86433e30ce8664e48ce554e5,Cross-cutting / undetermined,,See traceability matrix; not inferred from pathname alone,L7 — historical or evidentiary claim only
DOC-0065,.kiro/docs/reports/components/ADDITIONAL_COMPONENTS.md,🎁 المكونات الإضافية - Kiro Strategic Workspace,UNKNOWN,.kiro/docs/reports/components,8775,HISTORICAL_OR_STATUS,2025-12-10T17:25:42+03:00,0ef36f8a804fbc9f45219a20b57df271268259ae,Cross-cutting / undetermined,,See traceability matrix; not inferred from pathname alone,UNASSIGNED
DOC-0066,.kiro/docs/reports/components/CUSTOM_EXTENSIONS.md,الإضافات المخصصة لمشروع بصير,UNKNOWN,.kiro/docs/reports/components,8963,HISTORICAL_OR_STATUS,2025-12-10T17:25:42+03:00,0ef36f8a804fbc9f45219a20b57df271268259ae,Cross-cutting / undetermined,,See traceability matrix; not inferred from pathname alone,UNASSIGNED
DOC-0067,.kiro/docs/reports/components/MCP_FINAL_SUMMARY.md,الملخص النهائي - خوادم MCP,STATUS,.kiro/docs/reports/components,6529,HISTORICAL_OR_STATUS,2025-12-10T17:25:42+03:00,0ef36f8a804fbc9f45219a20b57df271268259ae,Cross-cutting / undetermined,,See traceability matrix; not inferred from pathname alone,L7 — historical or evidentiary claim only
DOC-0068,.kiro/docs/reports/components/MCP_IMPLEMENTATION_COMPLETE.md,تقرير إكمال تنفيذ خوادم MCP,UNKNOWN,.kiro/docs/reports/components,12067,COMPLETED_CLAIM,2025-12-10T17:25:42+03:00,0ef36f8a804fbc9f45219a20b57df271268259ae,Cross-cutting / undetermined,,See traceability matrix; not inferred from pathname alone,UNASSIGNED
DOC-0069,.kiro/docs/reports/components/MCP_NEXT_STEPS_ANALYSIS.md,تحليل الوضع الحالي والخطوات التالية,ANALYSIS,.kiro/docs/reports/components,9350,HISTORICAL_OR_STATUS,2026-01-02T13:15:47+03:00,560c3372de9ac640f01e3854b211ffb6ef0664fd,Cross-cutting / undetermined,,See traceability matrix; not inferred from pathname alone,L7 — historical or evidentiary claim only
DOC-0070,.kiro/docs/reports/components/MCP_SERVERS_COMPLETE_SETUP.md,إعداد خوادم MCP الكامل - التقرير النهائي,UNKNOWN,.kiro/docs/reports/components,9684,COMPLETED_CLAIM,2025-12-10T17:25:42+03:00,0ef36f8a804fbc9f45219a20b57df271268259ae,Cross-cutting / undetermined,,See traceability matrix; not inferred from pathname alone,UNASSIGNED
DOC-0071,.kiro/docs/reports/components/MCP_SERVERS_FIX_REPORT.md,تقرير إصلاح خوادم MCP - الحل النهائي,REPORT,.kiro/docs/reports/components,4938,HISTORICAL_OR_STATUS,2025-12-10T17:25:42+03:00,0ef36f8a804fbc9f45219a20b57df271268259ae,Cross-cutting / undetermined,,See traceability matrix; not inferred from pathname alone,L7 — historical or evidentiary claim only
DOC-0072,.kiro/docs/reports/components/MCP_SERVERS_QUICK_GUIDE.md,دليل سريع - خوادم MCP الجديدة,GUIDE,.kiro/docs/reports/components,1754,HISTORICAL_OR_STATUS,2025-12-10T17:25:42+03:00,0ef36f8a804fbc9f45219a20b57df271268259ae,Flutter UI / UX,.kiro/specs/active/basir_master_specification/04_UI_DESIGN_SYSTEM.md,See traceability matrix; not inferred from pathname alone,L6 — operational guidance / policy candidate
DOC-0073,.kiro/docs/reports/components/MCP_STATUS.md,حالة خوادم MCP - ملخص سريع,STATUS,.kiro/docs/reports/components,1464,HISTORICAL_OR_STATUS,2025-12-10T17:25:42+03:00,0ef36f8a804fbc9f45219a20b57df271268259ae,Cross-cutting / undetermined,,See traceability matrix; not inferred from pathname alone,L7 — historical or evidentiary claim only
DOC-0074,.kiro/docs/reports/components/MCP_USAGE_EXAMPLES.md,أمثلة استخدام خوادم MCP,UNKNOWN,.kiro/docs/reports/components,7298,HISTORICAL_OR_STATUS,2025-12-10T17:25:42+03:00,0ef36f8a804fbc9f45219a20b57df271268259ae,Cross-cutting / undetermined,,See traceability matrix; not inferred from pathname alone,UNASSIGNED
DOC-0075,.kiro/docs/reports/components/README.md,تقارير المكونات - بصير MVP,GUIDE,.kiro/docs/reports/components,2532,HISTORICAL_OR_STATUS,2025-12-29T21:52:19+03:00,e19f81ab07bea087097bea1bd68850501be70504,Cross-cutting / undetermined,,See traceability matrix; not inferred from pathname alone,L6 — operational guidance / policy candidate
DOC-0076,.kiro/docs/reports/enhancements/ALL_ENHANCEMENTS_COMPLETE.md,تقرير إكمال جميع التحسينات الموصى بها,UNKNOWN,.kiro/docs/reports/enhancements,6817,COMPLETED_CLAIM,2025-12-10T17:25:42+03:00,0ef36f8a804fbc9f45219a20b57df271268259ae,Cross-cutting / undetermined,,See traceability matrix; not inferred from pathname alone,UNASSIGNED
DOC-0077,.kiro/docs/reports/enhancements/CI_CD_ENHANCEMENTS_COMPLETION_REPORT.md,تقرير إكمال تحسينات CI/CD,STATUS,.kiro/docs/reports/enhancements,19776,COMPLETED_CLAIM,2025-12-10T17:25:42+03:00,0ef36f8a804fbc9f45219a20b57df271268259ae,Delivery / operations,,See traceability matrix; not inferred from pathname alone,L7 — historical or evidentiary claim only
DOC-0078,.kiro/docs/reports/enhancements/EXAMPLES_COMPLETION_REPORT.md,تقرير إكمال الأمثلة العملية,STATUS,.kiro/docs/reports/enhancements,14357,COMPLETED_CLAIM,2025-12-10T17:25:42+03:00,0ef36f8a804fbc9f45219a20b57df271268259ae,Cross-cutting / undetermined,,See traceability matrix; not inferred from pathname alone,L7 — historical or evidentiary claim only
DOC-0079,.kiro/docs/reports/enhancements/FINAL_ENHANCEMENTS_SUMMARY.md,الملخص النهائي - جميع التحسينات,STATUS,.kiro/docs/reports/enhancements,2359,HISTORICAL_OR_STATUS,2025-12-10T17:25:42+03:00,0ef36f8a804fbc9f45219a20b57df271268259ae,Cross-cutting / undetermined,,See traceability matrix; not inferred from pathname alone,L7 — historical or evidentiary claim only
DOC-0080,.kiro/docs/reports/enhancements/QUICK_START_COMPLETION_REPORT.md,تقرير إكمال دليل البدء السريع وتحديث README,STATUS,.kiro/docs/reports/enhancements,18417,COMPLETED_CLAIM,2025-12-10T17:25:42+03:00,0ef36f8a804fbc9f45219a20b57df271268259ae,Flutter UI / UX,.kiro/specs/active/basir_master_specification/04_UI_DESIGN_SYSTEM.md,See traceability matrix; not inferred from pathname alone,L7 — historical or evidentiary claim only
DOC-0081,.kiro/docs/reports/enhancements/README.md,تقارير التحسينات - بصير MVP,GUIDE,.kiro/docs/reports/enhancements,3654,HISTORICAL_OR_STATUS,2025-12-10T17:25:42+03:00,0ef36f8a804fbc9f45219a20b57df271268259ae,Cross-cutting / undetermined,,See traceability matrix; not inferred from pathname alone,L6 — operational guidance / policy candidate
DOC-0082,.kiro/docs/reports/enhancements/RECOMMENDED_ENHANCEMENTS_PLAN.md,خطة التحسينات الموصى بها,PLAN,.kiro/docs/reports/enhancements,11664,PLANNING_CANDIDATE,2025-12-10T17:25:42+03:00,0ef36f8a804fbc9f45219a20b57df271268259ae,Cross-cutting / undetermined,,See traceability matrix; not inferred from pathname alone,L5 — planning only
DOC-0083,.kiro/docs/reports/git/EXECUTIVE_SUMMARY.md,Executive Summary - Git Push Issue Resolution,REPORT,.kiro/docs/reports/git,7117,HISTORICAL_OR_STATUS,2026-01-02T13:15:47+03:00,560c3372de9ac640f01e3854b211ffb6ef0664fd,Cross-cutting / undetermined,,See traceability matrix; not inferred from pathname alone,L7 — historical or evidentiary claim only
DOC-0084,.kiro/docs/reports/git/FINAL_SOLUTION.md,الحل النهائي - Git Push Issue,STATUS,.kiro/docs/reports/git,6667,HISTORICAL_OR_STATUS,2026-01-02T13:15:47+03:00,560c3372de9ac640f01e3854b211ffb6ef0664fd,Cross-cutting / undetermined,,See traceability matrix; not inferred from pathname alone,L7 — historical or evidentiary claim only
DOC-0085,.kiro/docs/reports/git/GIT_CLEANUP_EXECUTION_COMPLETE.md,✅ تقرير التنفيذ الكامل - تنظيف المستودع,UNKNOWN,.kiro/docs/reports/git,11803,COMPLETED_CLAIM,2025-12-10T17:25:42+03:00,0ef36f8a804fbc9f45219a20b57df271268259ae,Cross-cutting / undetermined,,See traceability matrix; not inferred from pathname alone,UNASSIGNED
DOC-0086,.kiro/docs/reports/git/GIT_CLEANUP_QUICK_SUMMARY.md,✅ ملخص سريع - تنظيف المستودع,REPORT,.kiro/docs/reports/git,3891,HISTORICAL_OR_STATUS,2025-12-10T17:25:42+03:00,0ef36f8a804fbc9f45219a20b57df271268259ae,Flutter UI / UX,.kiro/specs/active/basir_master_specification/04_UI_DESIGN_SYSTEM.md,See traceability matrix; not inferred from pathname alone,L7 — historical or evidentiary claim only
DOC-0087,.kiro/docs/reports/git/GIT_HOOKS_QUICK_SUMMARY.md,✅ ملخص سريع - اختبار Git Hooks,REPORT,.kiro/docs/reports/git,1768,HISTORICAL_OR_STATUS,2025-12-10T17:25:42+03:00,0ef36f8a804fbc9f45219a20b57df271268259ae,Flutter UI / UX,.kiro/specs/active/basir_master_specification/04_UI_DESIGN_SYSTEM.md,See traceability matrix; not inferred from pathname alone,L7 — historical or evidentiary claim only
DOC-0088,.kiro/docs/reports/git/GIT_HOOKS_TEST_REPORT.md,🎉 تقرير اختبار Git Hooks - نجاح كامل!,REPORT,.kiro/docs/reports/git,13593,HISTORICAL_OR_STATUS,2026-01-02T13:15:47+03:00,560c3372de9ac640f01e3854b211ffb6ef0664fd,Testing,,See traceability matrix; not inferred from pathname alone,L7 — historical or evidentiary claim only
DOC-0089,.kiro/docs/reports/git/GIT_PLANS_ANALYSIS_AND_REORGANIZATION.md,📊 تحليل شامل: ملفات خطط إدارة Git وإعادة التنظيم,PLAN,.kiro/docs/reports/git,17548,PLANNING_CANDIDATE,2025-12-10T17:25:42+03:00,0ef36f8a804fbc9f45219a20b57df271268259ae,Cross-cutting / undetermined,,See traceability matrix; not inferred from pathname alone,L5 — planning only
DOC-0090,.kiro/docs/reports/git/GIT_PUSH_FAILURE_ROOT_CAUSE_ANALYSIS.md,Git Push Failure - Root Cause Analysis,ANALYSIS,.kiro/docs/reports/git,7899,HISTORICAL_OR_STATUS,2025-12-10T17:25:42+03:00,0ef36f8a804fbc9f45219a20b57df271268259ae,Cross-cutting / undetermined,,See traceability matrix; not inferred from pathname alone,L7 — historical or evidentiary claim only
DOC-0091,.kiro/docs/reports/git/GIT_PUSH_SOLUTION_REPORT.md,Git Push Solution Report - Final Analysis,REPORT,.kiro/docs/reports/git,10276,HISTORICAL_OR_STATUS,2026-01-02T13:15:47+03:00,560c3372de9ac640f01e3854b211ffb6ef0664fd,Cross-cutting / undetermined,,See traceability matrix; not inferred from pathname alone,L7 — historical or evidentiary claim only
DOC-0092,.kiro/docs/reports/git/GIT_REPOSITORY_CLEANUP_REPORT.md,📊 تقرير تنظيف المستودع الشامل,REPORT,.kiro/docs/reports/git,13536,HISTORICAL_OR_STATUS,2025-12-10T17:25:42+03:00,0ef36f8a804fbc9f45219a20b57df271268259ae,Cross-cutting / undetermined,,See traceability matrix; not inferred from pathname alone,L7 — historical or evidentiary claim only
DOC-0093,.kiro/docs/reports/git/README.md,تقارير Git,GUIDE,.kiro/docs/reports/git,3479,HISTORICAL_OR_STATUS,2025-12-10T17:25:42+03:00,0ef36f8a804fbc9f45219a20b57df271268259ae,Cross-cutting / undetermined,,See traceability matrix; not inferred from pathname alone,L6 — operational guidance / policy candidate
DOC-0094,.kiro/docs/reports/kiro/COMPLETE_INTEGRATION_SUMMARY.md,ملخص التكامل الكامل - kiro-workflow-prompts,REPORT,.kiro/docs/reports/kiro,15901,COMPLETED_CLAIM,2025-12-10T17:25:42+03:00,0ef36f8a804fbc9f45219a20b57df271268259ae,Integration,.kiro/specs/active/basir_master_specification/07_INTEGRATION_PROTOCOLS.md,See traceability matrix; not inferred from pathname alone,L7 — historical or evidentiary claim only
DOC-0095,.kiro/docs/reports/kiro/DOCUMENTATION_ORGANIZATION_SUCCESS.md,✅ نجاح تنظيم التوثيق,STATUS,.kiro/docs/reports/kiro,2114,HISTORICAL_OR_STATUS,2025-12-29T21:52:19+03:00,e19f81ab07bea087097bea1bd68850501be70504,Cross-cutting / undetermined,,See traceability matrix; not inferred from pathname alone,L7 — historical or evidentiary claim only
DOC-0096,.kiro/docs/reports/kiro/INTEGRATION_FINAL_REPORT.md,تقرير نهائي شامل: kiro-workflow-prompts Integration,STATUS,.kiro/docs/reports/kiro,12707,HISTORICAL_OR_STATUS,2025-12-10T17:25:42+03:00,0ef36f8a804fbc9f45219a20b57df271268259ae,Integration,.kiro/specs/active/basir_master_specification/07_INTEGRATION_PROTOCOLS.md,See traceability matrix; not inferred from pathname alone,L7 — historical or evidentiary claim only
DOC-0097,.kiro/docs/reports/kiro/INTEGRATION_SUMMARY.md,ملخص دمج kiro-workflow-prompts,REPORT,.kiro/docs/reports/kiro,5471,HISTORICAL_OR_STATUS,2025-12-10T17:25:42+03:00,0ef36f8a804fbc9f45219a20b57df271268259ae,Integration,.kiro/specs/active/basir_master_specification/07_INTEGRATION_PROTOCOLS.md,See traceability matrix; not inferred from pathname alone,L7 — historical or evidentiary claim only
DOC-0098,.kiro/docs/reports/kiro/KIRO_AUDIT_COMPLETION_REPORT.md,تقرير إتمام مراجعة مجلد .kiro/,STATUS,.kiro/docs/reports/kiro,11384,COMPLETED_CLAIM,2025-12-10T17:25:42+03:00,0ef36f8a804fbc9f45219a20b57df271268259ae,Cross-cutting / undetermined,,See traceability matrix; not inferred from pathname alone,L7 — historical or evidentiary claim only
DOC-0099,.kiro/docs/reports/kiro/KIRO_AUDIT_SUMMARY.md,ملخص مراجعة مجلد .kiro/,REPORT,.kiro/docs/reports/kiro,6613,HISTORICAL_OR_STATUS,2025-12-10T17:25:42+03:00,0ef36f8a804fbc9f45219a20b57df271268259ae,Cross-cutting / undetermined,,See traceability matrix; not inferred from pathname alone,L7 — historical or evidentiary claim only
DOC-0100,.kiro/docs/reports/kiro/KIRO_COMPREHENSIVE_AUDIT_REPORT.md,تقرير المراجعة الشاملة لمجلد .kiro/,REPORT,.kiro/docs/reports/kiro,28190,HISTORICAL_OR_STATUS,2025-12-10T17:25:42+03:00,0ef36f8a804fbc9f45219a20b57df271268259ae,Cross-cutting / undetermined,,See traceability matrix; not inferred from pathname alone,L7 — historical or evidentiary claim only
DOC-0101,.kiro/docs/reports/kiro/KIRO_IMPROVEMENT_FINAL_REPORT.md,.kiro/ Improvement - Final Report,STATUS,.kiro/docs/reports/kiro,7033,HISTORICAL_OR_STATUS,2026-01-02T13:15:47+03:00,560c3372de9ac640f01e3854b211ffb6ef0664fd,Cross-cutting / undetermined,,See traceability matrix; not inferred from pathname alone,L7 — historical or evidentiary claim only
DOC-0102,.kiro/docs/reports/kiro/KIRO_RECOMMENDATIONS.md,توصيات تحسين مجلد .kiro/,UNKNOWN,.kiro/docs/reports/kiro,17063,HISTORICAL_OR_STATUS,2025-12-10T17:25:42+03:00,0ef36f8a804fbc9f45219a20b57df271268259ae,Cross-cutting / undetermined,,See traceability matrix; not inferred from pathname alone,UNASSIGNED
DOC-0103,.kiro/docs/reports/kiro/KIRO_STRATEGIC_BLUEPRINT.md,Kiro Strategic Workspace - بصير MVP,PLAN,.kiro/docs/reports/kiro,18484,HISTORICAL_OR_STATUS,2025-12-10T17:25:42+03:00,0ef36f8a804fbc9f45219a20b57df271268259ae,Cross-cutting / undetermined,,See traceability matrix; not inferred from pathname alone,L5 — planning only
DOC-0104,.kiro/docs/reports/kiro/KIRO_WORKFLOW_PROMPTS_ANALYSIS.md,تحليل شامل: kiro-workflow-prompts,ANALYSIS,.kiro/docs/reports/kiro,19612,HISTORICAL_OR_STATUS,2025-12-10T17:25:42+03:00,0ef36f8a804fbc9f45219a20b57df271268259ae,Cross-cutting / undetermined,,See traceability matrix; not inferred from pathname alone,L7 — historical or evidentiary claim only
DOC-0105,.kiro/docs/reports/kiro/KIRO_WORKFLOW_PROMPTS_INTEGRATION_REPORT.md,تقرير دمج kiro-workflow-prompts,REPORT,.kiro/docs/reports/kiro,15043,HISTORICAL_OR_STATUS,2025-12-10T17:25:42+03:00,0ef36f8a804fbc9f45219a20b57df271268259ae,Integration,.kiro/specs/active/basir_master_specification/07_INTEGRATION_PROTOCOLS.md,See traceability matrix; not inferred from pathname alone,L7 — historical or evidentiary claim only
DOC-0106,.kiro/docs/reports/kiro/README.md,تقارير Kiro Workflow - بصير MVP,GUIDE,.kiro/docs/reports/kiro,4161,HISTORICAL_OR_STATUS,2025-12-10T17:25:42+03:00,0ef36f8a804fbc9f45219a20b57df271268259ae,Cross-cutting / undetermined,,See traceability matrix; not inferred from pathname alone,L6 — operational guidance / policy candidate
DOC-0107,.kiro/docs/reports/kiro/REPOSITORY_IMPROVEMENTS_COMPLETE.md,تقرير التحسينات المكتملة للمستودع,UNKNOWN,.kiro/docs/reports/kiro,9156,COMPLETED_CLAIM,2025-12-10T17:25:42+03:00,0ef36f8a804fbc9f45219a20b57df271268259ae,Cross-cutting / undetermined,,See traceability matrix; not inferred from pathname alone,UNASSIGNED
DOC-0108,.kiro/docs/reports/phases/PHASE2_COMPLETION_REPORT.md,Phase 2 Completion Report - Prompts Enhancement,STATUS,.kiro/docs/reports/phases,10262,COMPLETED_CLAIM,2026-01-02T13:15:47+03:00,560c3372de9ac640f01e3854b211ffb6ef0664fd,Cross-cutting / undetermined,,See traceability matrix; not inferred from pathname alone,L7 — historical or evidentiary claim only
DOC-0109,.kiro/docs/reports/phases/PHASE3_COMPLETION_REPORT.md,Phase 3 Completion Report - Additional Enhancements,STATUS,.kiro/docs/reports/phases,7067,COMPLETED_CLAIM,2025-12-10T17:25:42+03:00,0ef36f8a804fbc9f45219a20b57df271268259ae,Cross-cutting / undetermined,,See traceability matrix; not inferred from pathname alone,L7 — historical or evidentiary claim only
DOC-0110,.kiro/docs/reports/phases/PHASE_1_2_FINAL_REPORT.md,تقرير نهائي: Phase 1 & 2 - kiro-workflow-prompts Integration,STATUS,.kiro/docs/reports/phases,6735,HISTORICAL_OR_STATUS,2025-12-10T17:25:42+03:00,0ef36f8a804fbc9f45219a20b57df271268259ae,Cross-cutting / undetermined,,See traceability matrix; not inferred from pathname alone,L7 — historical or evidentiary claim only
DOC-0111,.kiro/docs/reports/phases/PHASE_1_COMPLETION_REPORT.md,Phase 1 Completion Report,STATUS,.kiro/docs/reports/phases,1749,COMPLETED_CLAIM,2026-01-02T13:15:47+03:00,560c3372de9ac640f01e3854b211ffb6ef0664fd,Cross-cutting / undetermined,,See traceability matrix; not inferred from pathname alone,L7 — historical or evidentiary claim only
DOC-0112,.kiro/docs/reports/phases/PHASE_2_COMPLETION_REPORT.md,Phase 2 Completion Report,STATUS,.kiro/docs/reports/phases,4393,COMPLETED_CLAIM,2026-01-02T13:15:47+03:00,560c3372de9ac640f01e3854b211ffb6ef0664fd,Cross-cutting / undetermined,,See traceability matrix; not inferred from pathname alone,L7 — historical or evidentiary claim only
DOC-0113,.kiro/docs/reports/phases/PHASE_3_COMPLETION_REPORT.md,Phase 3 Completion Report,STATUS,.kiro/docs/reports/phases,2494,COMPLETED_CLAIM,2026-01-02T13:15:47+03:00,560c3372de9ac640f01e3854b211ffb6ef0664fd,Cross-cutting / undetermined,,See traceability matrix; not inferred from pathname alone,L7 — historical or evidentiary claim only
DOC-0114,.kiro/docs/reports/phases/README.md,تقارير المراحل - بصير MVP,GUIDE,.kiro/docs/reports/phases,2794,HISTORICAL_OR_STATUS,2025-12-10T17:25:42+03:00,0ef36f8a804fbc9f45219a20b57df271268259ae,Cross-cutting / undetermined,,See traceability matrix; not inferred from pathname alone,L6 — operational guidance / policy candidate
DOC-0115,.kiro/docs/reports/quality/BLUEPRINT_ACTIVATION.md,تفعيل Kiro Strategic Workspace,PLAN,.kiro/docs/reports/quality,10738,HISTORICAL_OR_STATUS,2025-12-10T17:25:42+03:00,0ef36f8a804fbc9f45219a20b57df271268259ae,Tax / VAT,.kiro/specs/active/basir_master_specification/02_ACCOUNTING_ENGINE.md,See traceability matrix; not inferred from pathname alone,L5 — planning only
DOC-0116,.kiro/docs/reports/quality/QUALITY_ASSESSMENT.md,📊 تقييم الجودة والأداء الشامل,REPORT,.kiro/docs/reports/quality,13225,HISTORICAL_OR_STATUS,2025-12-10T17:25:42+03:00,0ef36f8a804fbc9f45219a20b57df271268259ae,Cross-cutting / undetermined,,See traceability matrix; not inferred from pathname alone,L7 — historical or evidentiary claim only
DOC-0117,.kiro/docs/reports/quality/README.md,تقارير الجودة - بصير MVP,GUIDE,.kiro/docs/reports/quality,2810,HISTORICAL_OR_STATUS,2025-12-10T17:25:42+03:00,0ef36f8a804fbc9f45219a20b57df271268259ae,Cross-cutting / undetermined,,See traceability matrix; not inferred from pathname alone,L6 — operational guidance / policy candidate
DOC-0118,.kiro/docs/reports/quality/SETUP_VERIFICATION.md,✅ التحقق من إعداد Kiro Strategic Workspace,UNKNOWN,.kiro/docs/reports/quality,6395,HISTORICAL_OR_STATUS,2025-12-10T17:25:42+03:00,0ef36f8a804fbc9f45219a20b57df271268259ae,Cross-cutting / undetermined,,See traceability matrix; not inferred from pathname alone,UNASSIGNED
DOC-0119,.kiro/docs/reports/reorganization/COMPLETE_PROJECT_REORGANIZATION_FINAL_REPORT.md,التقرير النهائي الشامل: إعادة تنظيم المشروع,STATUS,.kiro/docs/reports/reorganization,14178,COMPLETED_CLAIM,2026-01-02T13:15:47+03:00,560c3372de9ac640f01e3854b211ffb6ef0664fd,Cross-cutting / undetermined,,See traceability matrix; not inferred from pathname alone,L7 — historical or evidentiary claim only
DOC-0120,.kiro/docs/reports/reorganization/DOCUMENTATION_REORGANIZATION_COMPLETION_REPORT.md,🎉 تقرير إكمال إعادة تنظيم الوثائق,STATUS,.kiro/docs/reports/reorganization,12912,COMPLETED_CLAIM,2025-12-10T17:25:42+03:00,0ef36f8a804fbc9f45219a20b57df271268259ae,Cross-cutting / undetermined,,See traceability matrix; not inferred from pathname alone,L7 — historical or evidentiary claim only
DOC-0121,.kiro/docs/reports/reorganization/DOCUMENTATION_REORGANIZATION_QUICK_SUMMARY.md,ملخص سريع - إعادة تنظيم الوثائق,REPORT,.kiro/docs/reports/reorganization,2492,HISTORICAL_OR_STATUS,2025-12-10T17:25:42+03:00,0ef36f8a804fbc9f45219a20b57df271268259ae,Flutter UI / UX,.kiro/specs/active/basir_master_specification/04_UI_DESIGN_SYSTEM.md,See traceability matrix; not inferred from pathname alone,L7 — historical or evidentiary claim only
DOC-0122,.kiro/docs/reports/reorganization/DOCUMENTATION_REORGANIZATION_REPORT.md,تقرير إعادة تنظيم الوثائق,REPORT,.kiro/docs/reports/reorganization,12832,HISTORICAL_OR_STATUS,2025-12-10T17:25:42+03:00,0ef36f8a804fbc9f45219a20b57df271268259ae,Cross-cutting / undetermined,,See traceability matrix; not inferred from pathname alone,L7 — historical or evidentiary claim only
DOC-0123,.kiro/docs/reports/reorganization/MAINTENANCE_TOOLS_IMPLEMENTATION_REPORT.md,تقرير تنفيذ: أدوات الصيانة والوقاية,REPORT,.kiro/docs/reports/reorganization,8113,HISTORICAL_OR_STATUS,2025-12-29T21:52:19+03:00,e19f81ab07bea087097bea1bd68850501be70504,Cross-cutting / undetermined,,See traceability matrix; not inferred from pathname alone,L7 — historical or evidentiary claim only
DOC-0124,.kiro/docs/reports/reorganization/PROJECT_FINAL_STATUS_AND_RECOMMENDATIONS.md,الحالة النهائية والتوصيات,STATUS,.kiro/docs/reports/reorganization,9135,HISTORICAL_OR_STATUS,2026-01-02T13:15:47+03:00,560c3372de9ac640f01e3854b211ffb6ef0664fd,Cross-cutting / undetermined,,See traceability matrix; not inferred from pathname alone,L7 — historical or evidentiary claim only
DOC-0125,.kiro/docs/reports/reorganization/PROJECT_ROOT_CLEANUP_ANALYSIS.md,تحليل شامل: تنظيف جذر المشروع,ANALYSIS,.kiro/docs/reports/reorganization,14914,HISTORICAL_OR_STATUS,2026-01-02T13:15:47+03:00,560c3372de9ac640f01e3854b211ffb6ef0664fd,Cross-cutting / undetermined,,See traceability matrix; not inferred from pathname alone,L7 — historical or evidentiary claim only
DOC-0126,.kiro/docs/reports/reorganization/PROJECT_ROOT_CLEANUP_SUCCESS_REPORT.md,تقرير نجاح: تنظيف جذر المشروع,STATUS,.kiro/docs/reports/reorganization,8933,HISTORICAL_OR_STATUS,2026-01-02T13:15:47+03:00,560c3372de9ac640f01e3854b211ffb6ef0664fd,Cross-cutting / undetermined,,See traceability matrix; not inferred from pathname alone,L7 — historical or evidentiary claim only
DOC-0127,.kiro/docs/reports/reorganization/PROJECT_ROOT_CLEANUP_SUMMARY.md,ملخص تنفيذي: تنظيف جذر المشروع,REPORT,.kiro/docs/reports/reorganization,4585,HISTORICAL_OR_STATUS,2025-12-29T21:52:19+03:00,e19f81ab07bea087097bea1bd68850501be70504,Cross-cutting / undetermined,,See traceability matrix; not inferred from pathname alone,L7 — historical or evidentiary claim only
DOC-0128,.kiro/docs/reports/reorganization/README.md,تقارير إعادة التنظيم - بصير MVP,GUIDE,.kiro/docs/reports/reorganization,3708,HISTORICAL_OR_STATUS,2025-12-15T21:52:46+03:00,eb64a6d485d5da98f2253ae2f9234ce18cb51ecc,Cross-cutting / undetermined,,See traceability matrix; not inferred from pathname alone,L6 — operational guidance / policy candidate
DOC-0129,.kiro/docs/reports/sessions/README.md,تقارير الجلسات - بصير MVP,GUIDE,.kiro/docs/reports/sessions,3088,HISTORICAL_OR_STATUS,2025-12-10T17:25:42+03:00,0ef36f8a804fbc9f45219a20b57df271268259ae,Cross-cutting / undetermined,,See traceability matrix; not inferred from pathname alone,L6 — operational guidance / policy candidate
DOC-0130,.kiro/docs/reports/sessions/SESSION_2_SUMMARY.md,⚡ ملخص الجلسة 2 - نجاح كامل!,REPORT,.kiro/docs/reports/sessions,933,HISTORICAL_OR_STATUS,2025-12-10T17:25:42+03:00,0ef36f8a804fbc9f45219a20b57df271268259ae,Cross-cutting / undetermined,,See traceability matrix; not inferred from pathname alone,L7 — historical or evidentiary claim only
DOC-0131,.kiro/docs/reports/sessions/SESSION_3_DOCUMENTATION_GENERATOR_SUMMARY.md,📚 ملخص جلسة الاختبار 3: Documentation Generator,REPORT,.kiro/docs/reports/sessions,8651,HISTORICAL_OR_STATUS,2026-01-02T13:15:47+03:00,560c3372de9ac640f01e3854b211ffb6ef0664fd,Cross-cutting / undetermined,,See traceability matrix; not inferred from pathname alone,L7 — historical or evidentiary claim only
DOC-0132,.kiro/docs/reports/sessions/SESSION_4_FINAL_COMPLETION_SUMMARY.md,🎉 ملخص الجلسة 4: إكمال اختبار جميع السكريبتات,STATUS,.kiro/docs/reports/sessions,7096,COMPLETED_CLAIM,2025-12-10T17:25:42+03:00,0ef36f8a804fbc9f45219a20b57df271268259ae,Cross-cutting / undetermined,,See traceability matrix; not inferred from pathname alone,L7 — historical or evidentiary claim only
DOC-0133,.kiro/docs/reports/sessions/SESSION_5_COMPLETION_SUMMARY.md,🎉 ملخص الجلسة 5: تنظيف Git وإضافة التقارير,STATUS,.kiro/docs/reports/sessions,12735,COMPLETED_CLAIM,2025-12-10T17:25:42+03:00,0ef36f8a804fbc9f45219a20b57df271268259ae,Cross-cutting / undetermined,,See traceability matrix; not inferred from pathname alone,L7 — historical or evidentiary claim only
DOC-0134,.kiro/docs/reports/sessions/TASK_COMPLETION_SUMMARY.md,ملخص إنجاز المهام,TASK,.kiro/docs/reports/sessions,7877,COMPLETED_CLAIM,2025-12-10T17:25:42+03:00,0ef36f8a804fbc9f45219a20b57df271268259ae,Cross-cutting / undetermined,,See traceability matrix; not inferred from pathname alone,L5 — planning only
DOC-0135,.kiro/docs/reports/status/CURRENT_PROGRESS_SUMMARY.md,📊 ملخص التقدم الحالي - اختبار السكريبتات المحسّنة,STATUS,.kiro/docs/reports/status,10685,HISTORICAL_OR_STATUS,2025-12-10T17:25:42+03:00,0ef36f8a804fbc9f45219a20b57df271268259ae,Cross-cutting / undetermined,,See traceability matrix; not inferred from pathname alone,L7 — historical or evidentiary claim only
DOC-0136,.kiro/docs/reports/status/FINAL_STATUS.md,الحالة النهائية - تكامل kiro-workflow-prompts,STATUS,.kiro/docs/reports/status,3064,HISTORICAL_OR_STATUS,2025-12-10T17:25:42+03:00,0ef36f8a804fbc9f45219a20b57df271268259ae,Cross-cutting / undetermined,,See traceability matrix; not inferred from pathname alone,L7 — historical or evidentiary claim only
DOC-0137,.kiro/docs/reports/status/FINAL_SUMMARY.md,🎉 الملخص النهائي: kiro-workflow-prompts Integration,STATUS,.kiro/docs/reports/status,4683,HISTORICAL_OR_STATUS,2025-12-10T17:25:42+03:00,0ef36f8a804fbc9f45219a20b57df271268259ae,Cross-cutting / undetermined,,See traceability matrix; not inferred from pathname alone,L7 — historical or evidentiary claim only
DOC-0138,.kiro/docs/reports/status/README.md,تقارير الحالة - بصير MVP,GUIDE,.kiro/docs/reports/status,2977,HISTORICAL_OR_STATUS,2025-12-10T17:25:42+03:00,0ef36f8a804fbc9f45219a20b57df271268259ae,Cross-cutting / undetermined,,See traceability matrix; not inferred from pathname alone,L6 — operational guidance / policy candidate
DOC-0139,.kiro/docs/reports/status/SUCCESS_SUMMARY.md,✅ تم بنجاح - جميع التحسينات الثمانية,STATUS,.kiro/docs/reports/status,1572,HISTORICAL_OR_STATUS,2025-12-10T17:25:42+03:00,0ef36f8a804fbc9f45219a20b57df271268259ae,Cross-cutting / undetermined,,See traceability matrix; not inferred from pathname alone,L7 — historical or evidentiary claim only
DOC-0140,.kiro/docs/reports/testing/ACCESSIBILITY_I18N_QUICK_SUMMARY.md,⚡ ملخص سريع - Accessibility + I18n Testing,REPORT,.kiro/docs/reports/testing,1470,HISTORICAL_OR_STATUS,2025-12-10T17:25:42+03:00,0ef36f8a804fbc9f45219a20b57df271268259ae,Flutter UI / UX; Testing,.kiro/specs/active/basir_master_specification/04_UI_DESIGN_SYSTEM.md,See traceability matrix; not inferred from pathname alone,L7 — historical or evidentiary claim only
DOC-0141,.kiro/docs/reports/testing/ACCESSIBILITY_TEST_QUICK_SUMMARY.md,⚡ ملخص سريع: Accessibility Testing,REPORT,.kiro/docs/reports/testing,1504,HISTORICAL_OR_STATUS,2025-12-10T17:25:42+03:00,0ef36f8a804fbc9f45219a20b57df271268259ae,Flutter UI / UX; Testing,.kiro/specs/active/basir_master_specification/04_UI_DESIGN_SYSTEM.md,See traceability matrix; not inferred from pathname alone,L7 — historical or evidentiary claim only
DOC-0142,.kiro/docs/reports/testing/ACCESSIBILITY_TEST_REPORT.md,🎉 تقرير اختبار Accessibility Testing - نجاح مع ملاحظات!,REPORT,.kiro/docs/reports/testing,14846,HISTORICAL_OR_STATUS,2025-12-10T17:25:42+03:00,0ef36f8a804fbc9f45219a20b57df271268259ae,Testing,,See traceability matrix; not inferred from pathname alone,L7 — historical or evidentiary claim only
DOC-0143,.kiro/docs/reports/testing/DEPENDENCY_UPDATE_QUICK_SUMMARY.md,✅ ملخص سريع - اختبار تحديث الاعتماديات,REPORT,.kiro/docs/reports/testing,1516,HISTORICAL_OR_STATUS,2025-12-10T17:25:42+03:00,0ef36f8a804fbc9f45219a20b57df271268259ae,Flutter UI / UX; Testing,.kiro/specs/active/basir_master_specification/04_UI_DESIGN_SYSTEM.md,See traceability matrix; not inferred from pathname alone,L7 — historical or evidentiary claim only
DOC-0144,.kiro/docs/reports/testing/DEPENDENCY_UPDATE_TEST_REPORT.md,تقرير اختبار سكريبت تحديث الاعتماديات,REPORT,.kiro/docs/reports/testing,9360,HISTORICAL_OR_STATUS,2025-12-10T17:25:42+03:00,0ef36f8a804fbc9f45219a20b57df271268259ae,Testing,,See traceability matrix; not inferred from pathname alone,L7 — historical or evidentiary claim only
DOC-0145,.kiro/docs/reports/testing/DOCUMENTATION_GENERATOR_QUICK_SUMMARY.md,📚 ملخص سريع: Documentation Generator Script,REPORT,.kiro/docs/reports/testing,2884,HISTORICAL_OR_STATUS,2025-12-10T17:25:42+03:00,0ef36f8a804fbc9f45219a20b57df271268259ae,Flutter UI / UX; Testing,.kiro/specs/active/basir_master_specification/04_UI_DESIGN_SYSTEM.md,See traceability matrix; not inferred from pathname alone,L7 — historical or evidentiary claim only
DOC-0146,.kiro/docs/reports/testing/DOCUMENTATION_GENERATOR_TEST_REPORT.md,📚 تقرير اختبار Documentation Generator Script,REPORT,.kiro/docs/reports/testing,16339,HISTORICAL_OR_STATUS,2026-01-02T13:15:47+03:00,560c3372de9ac640f01e3854b211ffb6ef0664fd,Testing,,See traceability matrix; not inferred from pathname alone,L7 — historical or evidentiary claim only
DOC-0147,.kiro/docs/reports/testing/I18N_TEST_QUICK_SUMMARY.md,⚡ ملخص سريع - I18n Testing,REPORT,.kiro/docs/reports/testing,3008,HISTORICAL_OR_STATUS,2025-12-10T17:25:42+03:00,0ef36f8a804fbc9f45219a20b57df271268259ae,Flutter UI / UX; Testing,.kiro/specs/active/basir_master_specification/04_UI_DESIGN_SYSTEM.md,See traceability matrix; not inferred from pathname alone,L7 — historical or evidentiary claim only
DOC-0148,.kiro/docs/reports/testing/I18N_TEST_REPORT.md,🌍 تقرير اختبار I18n Testing - نجاح مع ملاحظات مهمة!,REPORT,.kiro/docs/reports/testing,16057,HISTORICAL_OR_STATUS,2026-01-02T13:15:47+03:00,560c3372de9ac640f01e3854b211ffb6ef0664fd,Testing,,See traceability matrix; not inferred from pathname alone,L7 — historical or evidentiary claim only
DOC-0149,.kiro/docs/reports/testing/IOS_BUILD_SCRIPT_TEST_REPORT.md,🍎 تقرير اختبار iOS Build Script,REPORT,.kiro/docs/reports/testing,13112,HISTORICAL_OR_STATUS,2025-12-10T17:25:42+03:00,0ef36f8a804fbc9f45219a20b57df271268259ae,Flutter UI / UX; Testing,.kiro/specs/active/basir_master_specification/04_UI_DESIGN_SYSTEM.md,See traceability matrix; not inferred from pathname alone,L7 — historical or evidentiary claim only
DOC-0150,.kiro/docs/reports/testing/NEXT_STEPS_AFTER_DEPENDENCY_TEST.md,الخطوات التالية بعد اختبار تحديث الاعتماديات,UNKNOWN,.kiro/docs/reports/testing,8885,HISTORICAL_OR_STATUS,2025-12-10T17:25:42+03:00,0ef36f8a804fbc9f45219a20b57df271268259ae,Testing,,See traceability matrix; not inferred from pathname alone,UNASSIGNED
DOC-0151,.kiro/docs/reports/testing/PERFORMANCE_TEST_QUICK_SUMMARY.md,✅ ملخص سريع - اختبار Performance Testing,REPORT,.kiro/docs/reports/testing,1944,HISTORICAL_OR_STATUS,2025-12-10T17:25:42+03:00,0ef36f8a804fbc9f45219a20b57df271268259ae,Flutter UI / UX; Testing,.kiro/specs/active/basir_master_specification/04_UI_DESIGN_SYSTEM.md,See traceability matrix; not inferred from pathname alone,L7 — historical or evidentiary claim only
DOC-0152,.kiro/docs/reports/testing/PERFORMANCE_TEST_REPORT.md,🎉 تقرير اختبار Performance Testing - نجاح كامل!,REPORT,.kiro/docs/reports/testing,10674,HISTORICAL_OR_STATUS,2025-12-10T17:25:42+03:00,0ef36f8a804fbc9f45219a20b57df271268259ae,Testing,,See traceability matrix; not inferred from pathname alone,L7 — historical or evidentiary claim only
DOC-0153,.kiro/docs/reports/testing/README.md,تقارير الاختبارات,GUIDE,.kiro/docs/reports/testing,7131,HISTORICAL_OR_STATUS,2025-12-10T17:25:42+03:00,0ef36f8a804fbc9f45219a20b57df271268259ae,Testing,,See traceability matrix; not inferred from pathname alone,L6 — operational guidance / policy candidate
DOC-0154,.kiro/docs/reports/testing/SCRIPTS_TESTING_FINAL_SUMMARY.md,🎉 التقرير النهائي الشامل: اختبار السكريبتات المحسّنة,STATUS,.kiro/docs/reports/testing,18236,HISTORICAL_OR_STATUS,2025-12-10T17:25:42+03:00,0ef36f8a804fbc9f45219a20b57df271268259ae,Testing,,See traceability matrix; not inferred from pathname alone,L7 — historical or evidentiary claim only
DOC-0155,.kiro/docs/reports/testing/SCRIPTS_TESTING_ISSUES_ANALYSIS.md,🔍 تحليل شامل: المشاكل الناتجة عن تنفيذ الاختبارات,ANALYSIS,.kiro/docs/reports/testing,13195,HISTORICAL_OR_STATUS,2025-12-10T17:25:42+03:00,0ef36f8a804fbc9f45219a20b57df271268259ae,Testing,,See traceability matrix; not inferred from pathname alone,L7 — historical or evidentiary claim only
DOC-0156,.kiro/docs/reports/testing/SCRIPTS_TESTING_PROGRESS.md,📊 تقدم اختبار السكريبتات المحسّنة,STATUS,.kiro/docs/reports/testing,10151,HISTORICAL_OR_STATUS,2025-12-10T17:25:42+03:00,0ef36f8a804fbc9f45219a20b57df271268259ae,Testing,,See traceability matrix; not inferred from pathname alone,L7 — historical or evidentiary claim only
DOC-0157,.kiro/docs/reports/testing/SCRIPTS_TESTING_SESSION_2_COMPLETE.md,🎉 تقرير الجلسة الثانية - اختبار السكريبتات المحسّنة,UNKNOWN,.kiro/docs/reports/testing,9703,COMPLETED_CLAIM,2025-12-10T17:25:42+03:00,0ef36f8a804fbc9f45219a20b57df271268259ae,Testing,,See traceability matrix; not inferred from pathname alone,UNASSIGNED
DOC-0158,.kiro/docs/reports/testing/SCRIPT_TESTING_COMPLETE_SUMMARY.md,✅ ملخص شامل - اختبار السكريبتات المحسّنة,REPORT,.kiro/docs/reports/testing,9454,COMPLETED_CLAIM,2025-12-10T17:25:42+03:00,0ef36f8a804fbc9f45219a20b57df271268259ae,Testing,,See traceability matrix; not inferred from pathname alone,L7 — historical or evidentiary claim only
DOC-0159,.kiro/docs/reports/testing/WEB_BUILD_SCRIPT_QUICK_SUMMARY.md,🌐 ملخص سريع: Web Build Script,REPORT,.kiro/docs/reports/testing,1736,HISTORICAL_OR_STATUS,2025-12-10T17:25:42+03:00,0ef36f8a804fbc9f45219a20b57df271268259ae,Flutter UI / UX; Testing,.kiro/specs/active/basir_master_specification/04_UI_DESIGN_SYSTEM.md,See traceability matrix; not inferred from pathname alone,L7 — historical or evidentiary claim only
DOC-0160,.kiro/docs/reports/testing/WEB_BUILD_SCRIPT_TEST_REPORT.md,🌐 تقرير اختبار Web Build Script,REPORT,.kiro/docs/reports/testing,16014,HISTORICAL_OR_STATUS,2026-01-02T13:15:47+03:00,560c3372de9ac640f01e3854b211ffb6ef0664fd,Flutter UI / UX; Testing,.kiro/specs/active/basir_master_specification/04_UI_DESIGN_SYSTEM.md,See traceability matrix; not inferred from pathname alone,L7 — historical or evidentiary claim only
DOC-0161,.kiro/docs/sessions/SESSION_28_NOV_2025.md,📝 ملخص الجلسة - 28 نوفمبر 2025,UNKNOWN,.kiro/docs/sessions,5315,HISTORICAL_OR_STATUS,2026-01-02T13:15:47+03:00,560c3372de9ac640f01e3854b211ffb6ef0664fd,Cross-cutting / undetermined,,See traceability matrix; not inferred from pathname alone,UNASSIGNED
DOC-0162,.kiro/docs/sessions/SESSION_COMPLETE_SUMMARY.md,ملخص الجلسة الكامل: إعادة تنظيم المشروع,REPORT,.kiro/docs/sessions,11005,COMPLETED_CLAIM,2025-12-29T21:52:19+03:00,e19f81ab07bea087097bea1bd68850501be70504,Cross-cutting / undetermined,,See traceability matrix; not inferred from pathname alone,L7 — historical or evidentiary claim only
DOC-0163,.kiro/docs/standards/COMPREHENSIVE_KIRO_STANDARDS_ANALYSIS_UPDATED.md,التحليل الشامل المحدث للمعايير الحقيقية لـ Kiro,STANDARD,.kiro/docs/standards,16170,UNDECLARED,2025-12-17T16:13:38+03:00,da77065bc6c86f882795c3c200b40fc09e243f87,Cross-cutting / undetermined,,See traceability matrix; not inferred from pathname alone,L6 — operational guidance / policy candidate
DOC-0164,.kiro/docs/standards/OFFICIAL_KIRO_STANDARDS_COMPLIANCE_ANALYSIS.md,تحليل الامتثال للمعايير الرسمية لـ Kiro.dev,STANDARD,.kiro/docs/standards,14876,UNDECLARED,2025-12-15T21:49:15+03:00,a4afa9bc7c19dc44186723a2955d14e44f261c31,Rust engine / FFI; Delivery / operations,.kiro/specs/active/basir_master_specification/06_COMPLIANCE_ENGINES.md,See traceability matrix; not inferred from pathname alone,L6 — operational guidance / policy candidate
DOC-0165,.kiro/docs/standards/QUICK_START_PROFESSIONAL_COMPONENTS.md,دليل البدء السريع - المكونات الاحترافية,GUIDE,.kiro/docs/standards,11104,UNDECLARED,2025-12-15T21:49:15+03:00,a4afa9bc7c19dc44186723a2955d14e44f261c31,Flutter UI / UX,.kiro/specs/active/basir_master_specification/04_UI_DESIGN_SYSTEM.md,See traceability matrix; not inferred from pathname alone,L6 — operational guidance / policy candidate
DOC-0166,.kiro/docs/standards/STEERING_CRITICAL_RULES.md,⚠️ قواعد حرجة: إضافة ملفات التوجيه,UNKNOWN,.kiro/docs/standards,6976,UNDECLARED,2025-12-15T21:52:46+03:00,eb64a6d485d5da98f2253ae2f9234ce18cb51ecc,Cross-cutting / undetermined,,See traceability matrix; not inferred from pathname alone,UNASSIGNED
DOC-0167,.kiro/docs/standards/STEERING_GUIDE.md,دليل ملفات التوجيه,GUIDE,.kiro/docs/standards,9108,UNDECLARED,2025-12-15T21:49:15+03:00,a4afa9bc7c19dc44186723a2955d14e44f261c31,Flutter UI / UX,.kiro/specs/active/basir_master_specification/04_UI_DESIGN_SYSTEM.md,See traceability matrix; not inferred from pathname alone,L6 — operational guidance / policy candidate
DOC-0168,.kiro/docs/standards/report-templates.md,قوالب التقارير,REPORT,.kiro/docs/standards,14737,UNDECLARED,2025-12-15T21:49:15+03:00,a4afa9bc7c19dc44186723a2955d14e44f261c31,Cross-cutting / undetermined,,See traceability matrix; not inferred from pathname alone,L7 — historical or evidentiary claim only
DOC-0169,.kiro/docs/workspace/WORKSPACE_TRANSFORMATION_FINAL_ASSESSMENT.md,تقرير التقييم النهائي الشامل - مشروع Workspace Transformation,STATUS,.kiro/docs/workspace,10657,UNDECLARED,2025-12-15T21:49:15+03:00,a4afa9bc7c19dc44186723a2955d14e44f261c31,Cross-cutting / undetermined,,See traceability matrix; not inferred from pathname alone,L7 — historical or evidentiary claim only
DOC-0170,.kiro/docs/workspace/WORKSPACE_TRANSFORMATION_STRATEGIC_ANALYSIS.md,تحليل استراتيجي شامل لمشروع Workspace Transformation,ANALYSIS,.kiro/docs/workspace,12869,UNDECLARED,2025-12-15T21:49:15+03:00,a4afa9bc7c19dc44186723a2955d14e44f261c31,Cross-cutting / undetermined,,See traceability matrix; not inferred from pathname alone,L7 — historical or evidentiary claim only
DOC-0171,.kiro/docs/workspace/context-monitor.md,دليل مراقبة السياق,UNKNOWN,.kiro/docs/workspace,13614,UNDECLARED,2025-12-15T21:49:15+03:00,a4afa9bc7c19dc44186723a2955d14e44f261c31,Cross-cutting / undetermined,,See traceability matrix; not inferred from pathname alone,UNASSIGNED
DOC-0172,.kiro/hooks/HOOKS_IMPLEMENTATION_REPORT.md,تقرير تنفيذ Hooks الأتمتة الذكية,REPORT,.kiro/hooks,12722,UNDECLARED,2025-12-10T17:25:42+03:00,0ef36f8a804fbc9f45219a20b57df271268259ae,Cross-cutting / undetermined,,See traceability matrix; not inferred from pathname alone,L7 — historical or evidentiary claim only
DOC-0173,.kiro/hooks/KIRO_COMPLIANCE_HOOKS.md,Kiro.dev Compliance Hooks,UNKNOWN,.kiro/hooks,5524,UNDECLARED,2025-12-12T21:51:06+03:00,f6a96b9b43cad0893d35214e05192a0e95f95eda,Cross-cutting / undetermined,.kiro/specs/active/basir_master_specification/06_COMPLIANCE_ENGINES.md,See traceability matrix; not inferred from pathname alone,UNASSIGNED
DOC-0174,.kiro/hooks/QUICK_REFERENCE.md,مرجع سريع للـ Hooks,REFERENCE,.kiro/hooks,4988,UNDECLARED,2025-12-10T17:25:42+03:00,0ef36f8a804fbc9f45219a20b57df271268259ae,Flutter UI / UX,.kiro/specs/active/basir_master_specification/04_UI_DESIGN_SYSTEM.md,See traceability matrix; not inferred from pathname alone,L6 — operational guidance / policy candidate
DOC-0175,.kiro/hooks/README.md,Hooks للأتمتة الذكية,GUIDE,.kiro/hooks,17211,UNDECLARED,2025-12-10T17:25:42+03:00,0ef36f8a804fbc9f45219a20b57df271268259ae,Cross-cutting / undetermined,,See traceability matrix; not inferred from pathname alone,L6 — operational guidance / policy candidate
DOC-0176,.kiro/hooks/spec-compliance-check.json,"""name"": ""spec-compliance-check"",",UNKNOWN,.kiro/hooks,1543,UNDECLARED,2025-12-10T17:25:42+03:00,0ef36f8a804fbc9f45219a20b57df271268259ae,Cross-cutting / undetermined,.kiro/specs/active/basir_master_specification/06_COMPLIANCE_ENGINES.md,See traceability matrix; not inferred from pathname alone,UNASSIGNED
DOC-0177,.kiro/prompts/QUICK_START.md,Quick Start Guide - Enhanced Prompts,GUIDE,.kiro/prompts,12565,UNDECLARED,2026-01-02T13:15:47+03:00,560c3372de9ac640f01e3854b211ffb6ef0664fd,Flutter UI / UX,.kiro/specs/active/basir_master_specification/04_UI_DESIGN_SYSTEM.md,See traceability matrix; not inferred from pathname alone,L6 — operational guidance / policy candidate
DOC-0178,.kiro/prompts/README.md,Enhanced Prompts - Spec-Driven Development,GUIDE,.kiro/prompts,8023,UNDECLARED,2026-01-02T13:15:47+03:00,560c3372de9ac640f01e3854b211ffb6ef0664fd,Cross-cutting / undetermined,,See traceability matrix; not inferred from pathname alone,L6 — operational guidance / policy candidate
DOC-0179,.kiro/prompts/commit.prompt.md,مساعد Git Commit الاحترافي,UNKNOWN,.kiro/prompts,12519,UNDECLARED,2025-12-10T17:25:42+03:00,0ef36f8a804fbc9f45219a20b57df271268259ae,Cross-cutting / undetermined,,See traceability matrix; not inferred from pathname alone,UNASSIGNED
DOC-0180,.kiro/prompts/createSpec.prompt.md,Requirements Generation Guide - Spec Writer Agent,UNKNOWN,.kiro/prompts,10313,UNDECLARED,2026-01-02T13:15:47+03:00,560c3372de9ac640f01e3854b211ffb6ef0664fd,Cross-cutting / undetermined,,See traceability matrix; not inferred from pathname alone,UNASSIGNED
DOC-0181,.kiro/prompts/createTask.prompt.md,Task Generation Guide - Implementation Planning Agent,TASK,.kiro/prompts,11013,UNDECLARED,2026-01-02T13:15:47+03:00,560c3372de9ac640f01e3854b211ffb6ef0664fd,Cross-cutting / undetermined,,See traceability matrix; not inferred from pathname alone,L5 — planning only
DOC-0182,.kiro/prompts/design.prompt.md,Design Generation Guide - Technical Architect Agent,DESIGN,.kiro/prompts,15292,UNDECLARED,2026-01-02T13:15:47+03:00,560c3372de9ac640f01e3854b211ffb6ef0664fd,Cross-cutting / undetermined,.kiro/specs/active/basir_master_specification/04_UI_DESIGN_SYSTEM.md,See traceability matrix; not inferred from pathname alone,L3 — design authority candidate
DOC-0183,.kiro/prompts/examples/01-createSpec-example.md,Example 1: Requirements Generation (createSpec),UNKNOWN,.kiro/prompts/examples,14757,UNDECLARED,2026-01-02T13:15:47+03:00,560c3372de9ac640f01e3854b211ffb6ef0664fd,Cross-cutting / undetermined,,See traceability matrix; not inferred from pathname alone,UNASSIGNED
DOC-0184,.kiro/prompts/examples/02-design-example.md,Example 2: Design Generation (design),DESIGN,.kiro/prompts/examples,26231,UNDECLARED,2026-01-02T13:15:47+03:00,560c3372de9ac640f01e3854b211ffb6ef0664fd,Cross-cutting / undetermined,.kiro/specs/active/basir_master_specification/04_UI_DESIGN_SYSTEM.md,See traceability matrix; not inferred from pathname alone,L3 — design authority candidate
DOC-0185,.kiro/prompts/examples/03-createTask-example.md,Example 3: Task Breakdown (createTask),TASK,.kiro/prompts/examples,19798,UNDECLARED,2026-01-02T13:15:47+03:00,560c3372de9ac640f01e3854b211ffb6ef0664fd,Cross-cutting / undetermined,,See traceability matrix; not inferred from pathname alone,L5 — planning only
DOC-0186,.kiro/prompts/examples/04-executeTask-example.md,Example 4: Task Execution (executeTask),TASK,.kiro/prompts/examples,13576,UNDECLARED,2026-01-02T13:15:47+03:00,560c3372de9ac640f01e3854b211ffb6ef0664fd,Cross-cutting / undetermined,,See traceability matrix; not inferred from pathname alone,L5 — planning only
DOC-0187,.kiro/prompts/examples/05-commit-example.md,Example 5: Commit Message Generation (commit),UNKNOWN,.kiro/prompts/examples,10609,UNDECLARED,2026-01-02T13:15:47+03:00,560c3372de9ac640f01e3854b211ffb6ef0664fd,Cross-cutting / undetermined,,See traceability matrix; not inferred from pathname alone,UNASSIGNED
DOC-0188,.kiro/prompts/examples/06-prReview-example.md,Example 6: Pull Request Review (prReview),UNKNOWN,.kiro/prompts/examples,15255,UNDECLARED,2026-01-02T13:15:47+03:00,560c3372de9ac640f01e3854b211ffb6ef0664fd,Cross-cutting / undetermined,,See traceability matrix; not inferred from pathname alone,UNASSIGNED
DOC-0189,.kiro/prompts/examples/README.md,Practical Examples - Prompts Usage,GUIDE,.kiro/prompts/examples,2304,UNDECLARED,2026-01-02T13:15:47+03:00,560c3372de9ac640f01e3854b211ffb6ef0664fd,Cross-cutting / undetermined,,See traceability matrix; not inferred from pathname alone,L6 — operational guidance / policy candidate
DOC-0190,.kiro/prompts/executeTask.prompt.md,دليل تنفيذ المهام - وكيل التنفيذ الاستراتيجي,TASK,.kiro/prompts,8906,UNDECLARED,2025-12-10T17:25:42+03:00,0ef36f8a804fbc9f45219a20b57df271268259ae,Cross-cutting / undetermined,,See traceability matrix; not inferred from pathname alone,L5 — planning only
DOC-0191,.kiro/prompts/models/alpaca-edit.md,Alpaca Edit Prompt,UNKNOWN,.kiro/prompts/models,413,UNDECLARED,2025-12-12T15:54:04+03:00,781c0427bc4c2b7170b562441b8625e268886434,Cross-cutting / undetermined,,See traceability matrix; not inferred from pathname alone,UNASSIGNED
DOC-0192,.kiro/prompts/models/anthropic/claude-edit.md,Claude Edit Prompt,UNKNOWN,.kiro/prompts/models/anthropic,387,UNDECLARED,2025-12-12T15:54:04+03:00,781c0427bc4c2b7170b562441b8625e268886434,Cross-cutting / undetermined,,See traceability matrix; not inferred from pathname alone,UNASSIGNED
DOC-0193,.kiro/prompts/models/deepseek-edit.md,DeepSeek Edit Prompt,UNKNOWN,.kiro/prompts/models,574,UNDECLARED,2025-12-12T15:54:04+03:00,781c0427bc4c2b7170b562441b8625e268886434,Cross-cutting / undetermined,,See traceability matrix; not inferred from pathname alone,UNASSIGNED
DOC-0194,.kiro/prompts/models/delete-file.md,Delete File Tool Prompt,UNKNOWN,.kiro/prompts/models,477,UNDECLARED,2025-12-12T15:54:04+03:00,781c0427bc4c2b7170b562441b8625e268886434,Cross-cutting / undetermined,,See traceability matrix; not inferred from pathname alone,UNASSIGNED
DOC-0195,.kiro/prompts/models/execute-bash.md,Execute Bash Tool Prompt,UNKNOWN,.kiro/prompts/models,856,UNDECLARED,2025-12-12T15:54:04+03:00,781c0427bc4c2b7170b562441b8625e268886434,Cross-cutting / undetermined,,See traceability matrix; not inferred from pathname alone,UNASSIGNED
DOC-0196,.kiro/prompts/models/file-search.md,File Search Tool Prompt,UNKNOWN,.kiro/prompts/models,610,UNDECLARED,2025-12-12T15:54:04+03:00,781c0427bc4c2b7170b562441b8625e268886434,Cross-cutting / undetermined,,See traceability matrix; not inferred from pathname alone,UNASSIGNED
DOC-0197,.kiro/prompts/models/fs-append.md,File System Append Tool Prompt,UNKNOWN,.kiro/prompts/models,377,UNDECLARED,2025-12-12T15:54:04+03:00,781c0427bc4c2b7170b562441b8625e268886434,Cross-cutting / undetermined,,See traceability matrix; not inferred from pathname alone,UNASSIGNED
DOC-0198,.kiro/prompts/models/fs-write.md,File System Write Tool Prompt,UNKNOWN,.kiro/prompts/models,447,UNDECLARED,2025-12-12T15:54:04+03:00,781c0427bc4c2b7170b562441b8625e268886434,Cross-cutting / undetermined,,See traceability matrix; not inferred from pathname alone,UNASSIGNED
DOC-0199,.kiro/prompts/models/gemma-edit.md,Gemma Edit Prompt,UNKNOWN,.kiro/prompts/models,358,UNDECLARED,2025-12-12T15:54:04+03:00,781c0427bc4c2b7170b562441b8625e268886434,Cross-cutting / undetermined,,See traceability matrix; not inferred from pathname alone,UNASSIGNED
DOC-0200,.kiro/prompts/models/grep-search.md,Grep Search Tool Prompt,UNKNOWN,.kiro/prompts/models,2509,UNDECLARED,2025-12-12T15:54:04+03:00,781c0427bc4c2b7170b562441b8625e268886434,Cross-cutting / undetermined,,See traceability matrix; not inferred from pathname alone,UNASSIGNED
DOC-0201,.kiro/prompts/models/hook-creation.md,Hook Creation Prompt,UNKNOWN,.kiro/prompts/models,1112,UNDECLARED,2025-12-12T15:54:04+03:00,781c0427bc4c2b7170b562441b8625e268886434,Cross-cutting / undetermined,,See traceability matrix; not inferred from pathname alone,UNASSIGNED
DOC-0202,.kiro/prompts/models/list-directory.md,List Directory Tool Prompt,UNKNOWN,.kiro/prompts/models,659,UNDECLARED,2025-12-12T15:54:04+03:00,781c0427bc4c2b7170b562441b8625e268886434,Cross-cutting / undetermined,,See traceability matrix; not inferred from pathname alone,UNASSIGNED
DOC-0203,.kiro/prompts/models/neural-chat-edit.md,Neural Chat Edit Prompt,UNKNOWN,.kiro/prompts/models,353,UNDECLARED,2025-12-12T15:54:04+03:00,781c0427bc4c2b7170b562441b8625e268886434,Cross-cutting / undetermined,,See traceability matrix; not inferred from pathname alone,UNASSIGNED
DOC-0204,.kiro/prompts/models/ollama/codellama-70b-edit.md,CodeLlama 70B Edit Prompt,UNKNOWN,.kiro/prompts/models/ollama,352,UNDECLARED,2025-12-12T15:54:04+03:00,781c0427bc4c2b7170b562441b8625e268886434,Cross-cutting / undetermined,,See traceability matrix; not inferred from pathname alone,UNASSIGNED
DOC-0205,.kiro/prompts/models/ollama/llama3-edit.md,Llama 3 Edit Prompt,UNKNOWN,.kiro/prompts/models/ollama,330,UNDECLARED,2025-12-12T15:54:04+03:00,781c0427bc4c2b7170b562441b8625e268886434,Cross-cutting / undetermined,,See traceability matrix; not inferred from pathname alone,UNASSIGNED
DOC-0206,.kiro/prompts/models/ollama/mistral-edit.md,Mistral Edit Prompt,UNKNOWN,.kiro/prompts/models/ollama,293,UNDECLARED,2025-12-12T15:54:04+03:00,781c0427bc4c2b7170b562441b8625e268886434,Cross-cutting / undetermined,,See traceability matrix; not inferred from pathname alone,UNASSIGNED
DOC-0207,.kiro/prompts/models/openai/gpt-edit.md,GPT Edit Prompt,UNKNOWN,.kiro/prompts/models/openai,1286,UNDECLARED,2025-12-12T15:54:04+03:00,781c0427bc4c2b7170b562441b8625e268886434,Cross-cutting / undetermined,,See traceability matrix; not inferred from pathname alone,UNASSIGNED
DOC-0208,.kiro/prompts/models/openchat-edit.md,OpenChat Edit Prompt,UNKNOWN,.kiro/prompts/models,517,UNDECLARED,2025-12-12T15:54:04+03:00,781c0427bc4c2b7170b562441b8625e268886434,Cross-cutting / undetermined,,See traceability matrix; not inferred from pathname alone,UNASSIGNED
DOC-0209,.kiro/prompts/models/phind-edit.md,Phind Edit Prompt,UNKNOWN,.kiro/prompts/models,357,UNDECLARED,2025-12-12T15:54:04+03:00,781c0427bc4c2b7170b562441b8625e268886434,Cross-cutting / undetermined,,See traceability matrix; not inferred from pathname alone,UNASSIGNED
DOC-0210,.kiro/prompts/models/read-file.md,Read File Tool Prompt,UNKNOWN,.kiro/prompts/models,1022,UNDECLARED,2025-12-12T15:54:04+03:00,781c0427bc4c2b7170b562441b8625e268886434,Cross-cutting / undetermined,,See traceability matrix; not inferred from pathname alone,UNASSIGNED
DOC-0211,.kiro/prompts/models/read-multiple-files.md,Read Multiple Files Tool Prompt,UNKNOWN,.kiro/prompts/models,1367,UNDECLARED,2025-12-12T15:54:04+03:00,781c0427bc4c2b7170b562441b8625e268886434,Cross-cutting / undetermined,,See traceability matrix; not inferred from pathname alone,UNASSIGNED
DOC-0212,.kiro/prompts/models/simplified-edit.md,Simplified Edit Prompt,UNKNOWN,.kiro/prompts/models,311,UNDECLARED,2025-12-12T15:54:04+03:00,781c0427bc4c2b7170b562441b8625e268886434,Cross-cutting / undetermined,,See traceability matrix; not inferred from pathname alone,UNASSIGNED
DOC-0213,.kiro/prompts/models/spec-design-document.md,Specification Design Document Creation Prompt,DESIGN,.kiro/prompts/models,2663,UNDECLARED,2025-12-12T15:54:04+03:00,781c0427bc4c2b7170b562441b8625e268886434,Cross-cutting / undetermined,.kiro/specs/active/basir_master_specification/04_UI_DESIGN_SYSTEM.md,See traceability matrix; not inferred from pathname alone,L3 — design authority candidate
DOC-0214,.kiro/prompts/models/spec-implementation-plan.md,Specification Implementation Plan Prompt,PLAN,.kiro/prompts/models,5803,PLANNING_CANDIDATE,2025-12-12T15:54:04+03:00,781c0427bc4c2b7170b562441b8625e268886434,Cross-cutting / undetermined,,See traceability matrix; not inferred from pathname alone,L5 — planning only
DOC-0215,.kiro/prompts/models/spec-requirements-clarification.md,Specification Requirements Clarification Prompt,REQUIREMENT,.kiro/prompts/models,2360,UNDECLARED,2025-12-12T15:54:04+03:00,781c0427bc4c2b7170b562441b8625e268886434,Flutter UI / UX,.kiro/specs/active/basir_master_specification/04_UI_DESIGN_SYSTEM.md,See traceability matrix; not inferred from pathname alone,L4 — requirement authority candidate
DOC-0216,.kiro/prompts/models/spec-task-execution.md,Specification Task Execution Prompt,TASK,.kiro/prompts/models,1521,UNDECLARED,2025-12-12T15:54:04+03:00,781c0427bc4c2b7170b562441b8625e268886434,Cross-cutting / undetermined,,See traceability matrix; not inferred from pathname alone,L5 — planning only
DOC-0217,.kiro/prompts/models/str-replace.md,String Replace Tool Prompt,UNKNOWN,.kiro/prompts/models,1796,UNDECLARED,2025-12-12T15:54:04+03:00,781c0427bc4c2b7170b562441b8625e268886434,Cross-cutting / undetermined,,See traceability matrix; not inferred from pathname alone,UNASSIGNED
DOC-0218,.kiro/prompts/models/system-prompt.md,Kiro Base System Prompt,UNKNOWN,.kiro/prompts/models,13551,UNDECLARED,2025-12-12T15:54:04+03:00,781c0427bc4c2b7170b562441b8625e268886434,Cross-cutting / undetermined,,See traceability matrix; not inferred from pathname alone,UNASSIGNED
DOC-0219,.kiro/prompts/models/xwin-coder-edit.md,XWin-Coder Edit Prompt,UNKNOWN,.kiro/prompts/models,398,UNDECLARED,2025-12-12T15:54:04+03:00,781c0427bc4c2b7170b562441b8625e268886434,Cross-cutting / undetermined,,See traceability matrix; not inferred from pathname alone,UNASSIGNED
DOC-0220,.kiro/prompts/models/zephyr-edit.md,Zephyr Edit Prompt,UNKNOWN,.kiro/prompts/models,348,UNDECLARED,2025-12-12T15:54:04+03:00,781c0427bc4c2b7170b562441b8625e268886434,Cross-cutting / undetermined,,See traceability matrix; not inferred from pathname alone,UNASSIGNED
DOC-0221,.kiro/prompts/prReview.prompt.md,Pull Request Review Guide - Code Review Agent,UNKNOWN,.kiro/prompts,11256,UNDECLARED,2026-01-02T13:15:47+03:00,560c3372de9ac640f01e3854b211ffb6ef0664fd,Cross-cutting / undetermined,,See traceability matrix; not inferred from pathname alone,UNASSIGNED
DOC-0222,.kiro/prompts/provider-manager.md,AI Provider Management System,UNKNOWN,.kiro/prompts,10031,UNDECLARED,2026-01-02T13:15:47+03:00,560c3372de9ac640f01e3854b211ffb6ef0664fd,Cross-cutting / undetermined,,See traceability matrix; not inferred from pathname alone,UNASSIGNED
DOC-0223,.kiro/prompts/providers/anthropic-claude.md,Anthropic Claude Optimized Prompts,UNKNOWN,.kiro/prompts/providers,2271,UNDECLARED,2025-12-12T15:54:04+03:00,781c0427bc4c2b7170b562441b8625e268886434,Cross-cutting / undetermined,,See traceability matrix; not inferred from pathname alone,UNASSIGNED
DOC-0224,.kiro/prompts/providers/anthropic/claude-prompts.md,Anthropic Claude Prompts,UNKNOWN,.kiro/prompts/providers/anthropic,5162,UNDECLARED,2026-01-02T13:15:47+03:00,560c3372de9ac640f01e3854b211ffb6ef0664fd,Cross-cutting / undetermined,,See traceability matrix; not inferred from pathname alone,UNASSIGNED
DOC-0225,.kiro/prompts/providers/aws-bedrock.md,AWS Bedrock Optimized Prompts,UNKNOWN,.kiro/prompts/providers,2482,UNDECLARED,2025-12-12T15:54:04+03:00,781c0427bc4c2b7170b562441b8625e268886434,Cross-cutting / undetermined,,See traceability matrix; not inferred from pathname alone,UNASSIGNED
DOC-0226,.kiro/prompts/providers/bedrock/aws-bedrock-prompts.md,AWS Bedrock Prompts,UNKNOWN,.kiro/prompts/providers/bedrock,5881,UNDECLARED,2026-01-02T13:15:47+03:00,560c3372de9ac640f01e3854b211ffb6ef0664fd,Cross-cutting / undetermined,,See traceability matrix; not inferred from pathname alone,UNASSIGNED
DOC-0227,.kiro/prompts/providers/gemini-pro.md,Google Gemini Pro Optimized Prompts,UNKNOWN,.kiro/prompts/providers,2384,UNDECLARED,2025-12-12T15:54:04+03:00,781c0427bc4c2b7170b562441b8625e268886434,Cross-cutting / undetermined,,See traceability matrix; not inferred from pathname alone,UNASSIGNED
DOC-0228,.kiro/prompts/providers/llama-models.md,Meta Llama Models Optimized Prompts,UNKNOWN,.kiro/prompts/providers,3002,UNDECLARED,2025-12-12T15:54:04+03:00,781c0427bc4c2b7170b562441b8625e268886434,Cross-cutting / undetermined,,See traceability matrix; not inferred from pathname alone,UNASSIGNED
DOC-0229,.kiro/prompts/providers/ollama-local.md,Ollama Local Models Optimized Prompts,UNKNOWN,.kiro/prompts/providers,2602,UNDECLARED,2025-12-12T15:54:04+03:00,781c0427bc4c2b7170b562441b8625e268886434,Cross-cutting / undetermined,,See traceability matrix; not inferred from pathname alone,UNASSIGNED
DOC-0230,.kiro/prompts/providers/ollama/local-models.md,Ollama Local Models Prompts,UNKNOWN,.kiro/prompts/providers/ollama,6307,UNDECLARED,2026-01-02T13:15:47+03:00,560c3372de9ac640f01e3854b211ffb6ef0664fd,Cross-cutting / undetermined,,See traceability matrix; not inferred from pathname alone,UNASSIGNED
DOC-0231,.kiro/prompts/providers/openai-gpt4.md,OpenAI GPT-4 Optimized Prompts,UNKNOWN,.kiro/prompts/providers,2377,UNDECLARED,2025-12-12T15:54:04+03:00,781c0427bc4c2b7170b562441b8625e268886434,Cross-cutting / undetermined,,See traceability matrix; not inferred from pathname alone,UNASSIGNED
DOC-0232,.kiro/prompts/providers/openai/chat-completion.md,OpenAI Chat Completion Prompts,STATUS,.kiro/prompts/providers/openai,2942,COMPLETED_CLAIM,2026-01-02T13:15:47+03:00,560c3372de9ac640f01e3854b211ffb6ef0664fd,Cross-cutting / undetermined,,See traceability matrix; not inferred from pathname alone,L7 — historical or evidentiary claim only
DOC-0233,.kiro/prompts/system_code_generator.prompt.md,Role,UNKNOWN,.kiro/prompts,2694,UNDECLARED,2026-01-02T13:15:47+03:00,560c3372de9ac640f01e3854b211ffb6ef0664fd,Cross-cutting / undetermined,,See traceability matrix; not inferred from pathname alone,UNASSIGNED
DOC-0234,.kiro/prompts/system_default.prompt.md,System Prompt: Default Agent (Professional Financial Architect),UNKNOWN,.kiro/prompts,1448,UNDECLARED,2026-01-03T19:48:18+03:00,f601c5828d1a0f3c5c73de7c4cb22243e34d3cfb,Cross-cutting / undetermined,,See traceability matrix; not inferred from pathname alone,UNASSIGNED
DOC-0235,.kiro/prompts/system_spec_writer.prompt.md,Role,UNKNOWN,.kiro/prompts,2895,UNDECLARED,2026-01-02T13:15:47+03:00,560c3372de9ac640f01e3854b211ffb6ef0664fd,Cross-cutting / undetermined,,See traceability matrix; not inferred from pathname alone,UNASSIGNED
DOC-0236,.kiro/reference/INDEX.md,فهرس المراجع الكاملة - بصير MVP,REFERENCE,.kiro/reference,2893,UNDECLARED,2025-12-17T22:32:28+03:00,b29af6bd686a8ad76056703f40b7ef7d45c9ea33,Cross-cutting / undetermined,,See traceability matrix; not inferred from pathname alone,L6 — operational guidance / policy candidate
DOC-0237,.kiro/reference/PROJECT_QUALITY_CHECKLIST.md,قائمة التحقق الشاملة لمشروع بصير MVP,REFERENCE,.kiro/reference,43606,UNDECLARED,2025-12-14T21:06:28+03:00,487a83c95307c5a47f046f5009237a6032a3e4ed,Cross-cutting / undetermined,,See traceability matrix; not inferred from pathname alone,L6 — operational guidance / policy candidate
DOC-0238,.kiro/reference/advanced-ai-development-standards.md,معايير التطوير بالذكاء الاصطناعي المتقدمة - مرجع شامل,STANDARD,.kiro/reference,10954,UNDECLARED,2025-12-17T16:13:38+03:00,da77065bc6c86f882795c3c200b40fc09e243f87,Cross-cutting / undetermined,,See traceability matrix; not inferred from pathname alone,L6 — operational guidance / policy candidate
DOC-0239,.kiro/reference/advanced-performance-optimization.md,دليل تحسين الأداء المتقدم - مرجع شامل,REFERENCE,.kiro/reference,18236,UNDECLARED,2025-12-17T16:13:38+03:00,da77065bc6c86f882795c3c200b40fc09e243f87,Cross-cutting / undetermined,,See traceability matrix; not inferred from pathname alone,L6 — operational guidance / policy candidate
DOC-0240,.kiro/reference/advanced-quality-monitoring.md,نظام مراقبة الجودة المتقدم 2025,REFERENCE,.kiro/reference,15693,UNDECLARED,2025-12-16T13:12:20+03:00,4e425c578fabdb8438319ce294a8db26cf8ef9ef,Cross-cutting / undetermined,,See traceability matrix; not inferred from pathname alone,L6 — operational guidance / policy candidate
DOC-0241,.kiro/reference/advanced-security-practices.md,أفضل ممارسات الأمان المتقدمة - مرجع شامل,REFERENCE,.kiro/reference,11753,UNDECLARED,2025-12-17T16:13:38+03:00,da77065bc6c86f882795c3c200b40fc09e243f87,Security,.kiro/specs/active/basir_master_specification/05_SECURITY_GOVERNANCE.md,See traceability matrix; not inferred from pathname alone,L6 — operational guidance / policy candidate
DOC-0242,.kiro/reference/advanced-tech-stack.md,المكدس التقني المتقدم - بصير MVP 2025+,REFERENCE,.kiro/reference,33956,UNDECLARED,2025-12-17T16:13:38+03:00,da77065bc6c86f882795c3c200b40fc09e243f87,Cross-cutting / undetermined,,See traceability matrix; not inferred from pathname alone,L6 — operational guidance / policy candidate
DOC-0243,.kiro/reference/arabic-dictionary.md,القاموس العربي الكامل,REFERENCE,.kiro/reference,17250,UNDECLARED,2025-12-10T17:25:42+03:00,0ef36f8a804fbc9f45219a20b57df271268259ae,Cross-cutting / undetermined,,See traceability matrix; not inferred from pathname alone,L6 — operational guidance / policy candidate
DOC-0244,.kiro/reference/best-practices.md,Best Practices Reference,REFERENCE,.kiro/reference,8618,UNDECLARED,2025-12-12T15:54:04+03:00,781c0427bc4c2b7170b562441b8625e268886434,Cross-cutting / undetermined,,See traceability matrix; not inferred from pathname alone,L6 — operational guidance / policy candidate
DOC-0245,.kiro/reference/examples.md,أمثلة تفصيلية - مرجع شامل,REFERENCE,.kiro/reference,18206,UNDECLARED,2025-12-10T17:25:42+03:00,0ef36f8a804fbc9f45219a20b57df271268259ae,Cross-cutting / undetermined,,See traceability matrix; not inferred from pathname alone,L6 — operational guidance / policy candidate
DOC-0246,.kiro/reference/full-standards.md,المعايير الكاملة لمشروع بصير,STANDARD,.kiro/reference,9966,UNDECLARED,2025-12-16T13:12:20+03:00,4e425c578fabdb8438319ce294a8db26cf8ef9ef,Cross-cutting / undetermined,,See traceability matrix; not inferred from pathname alone,L6 — operational guidance / policy candidate
DOC-0247,.kiro/reference/maintenance/quality-metrics.md,مؤشرات جودة المراجع,REFERENCE,.kiro/reference/maintenance,7719,UNDECLARED,2025-12-16T13:12:20+03:00,4e425c578fabdb8438319ce294a8db26cf8ef9ef,Cross-cutting / undetermined,,See traceability matrix; not inferred from pathname alone,L6 — operational guidance / policy candidate
DOC-0248,.kiro/reference/maintenance/review-schedule.md,جدول مراجعة وصيانة المراجع,REFERENCE,.kiro/reference/maintenance,6018,UNDECLARED,2025-12-16T13:12:20+03:00,4e425c578fabdb8438319ce294a8db26cf8ef9ef,Cross-cutting / undetermined,,See traceability matrix; not inferred from pathname alone,L6 — operational guidance / policy candidate
DOC-0249,.kiro/reference/maintenance/update-log-2025-advanced.md,سجل التحديثات المتقدمة 2025,REFERENCE,.kiro/reference/maintenance,6726,UNDECLARED,2025-12-16T13:12:20+03:00,4e425c578fabdb8438319ce294a8db26cf8ef9ef,Cross-cutting / undetermined,,See traceability matrix; not inferred from pathname alone,L6 — operational guidance / policy candidate
DOC-0250,.kiro/reference/maintenance/update-log.md,سجل تحديثات المراجع,REFERENCE,.kiro/reference/maintenance,7367,UNDECLARED,2025-12-16T13:12:20+03:00,4e425c578fabdb8438319ce294a8db26cf8ef9ef,Cross-cutting / undetermined,,See traceability matrix; not inferred from pathname alone,L6 — operational guidance / policy candidate
DOC-0251,.kiro/reference/strategic-docs.md,الوثائق الاستراتيجية - مرجع شامل,REFERENCE,.kiro/reference,5897,UNDECLARED,2025-12-25T23:00:12+03:00,7fbd18898a9bafc459f310949bc630d467128c15,Cross-cutting / undetermined,,See traceability matrix; not inferred from pathname alone,L6 — operational guidance / policy candidate
DOC-0252,.kiro/reference/tech-stack.md,Tech Stack - Basir MVP,REFERENCE,.kiro/reference,16073,UNDECLARED,2026-01-02T13:15:47+03:00,560c3372de9ac640f01e3854b211ffb6ef0664fd,Cross-cutting / undetermined,,See traceability matrix; not inferred from pathname alone,L6 — operational guidance / policy candidate
DOC-0253,.kiro/reports/project-analysis-2025-12-31.md,تقرير التحليل الشامل للمشروع - بصير MVP,ANALYSIS,.kiro/reports,4221,HISTORICAL_OR_STATUS,2025-12-31T20:48:36+03:00,6d2b36b5963fc74833e2a28f54d4838b06e08729,Cross-cutting / undetermined,,See traceability matrix; not inferred from pathname alone,L7 — historical or evidentiary claim only
DOC-0254,.kiro/reports/project-analysis-final-2025-12-31.md,تقرير التحليل الشامل النهائي - بصير MVP,STATUS,.kiro/reports,5109,HISTORICAL_OR_STATUS,2025-12-31T20:48:36+03:00,6d2b36b5963fc74833e2a28f54d4838b06e08729,Cross-cutting / undetermined,,See traceability matrix; not inferred from pathname alone,L7 — historical or evidentiary claim only
DOC-0255,.kiro/scripts/README.md,Enhanced Scripts - بصير المحاسبي v2.0,GUIDE,.kiro/scripts,12902,UNDECLARED,2026-01-11T23:12:27+03:00,c458bbcaa0bf25bc561e64c3f926e61178af03f0,Cross-cutting / undetermined,,See traceability matrix; not inferred from pathname alone,L6 — operational guidance / policy candidate
DOC-0256,.kiro/scripts/monitoring_schedule.md,جدول المراقبة التلقائية,UNKNOWN,.kiro/scripts,687,UNDECLARED,2025-12-29T21:52:19+03:00,e19f81ab07bea087097bea1bd68850501be70504,Cross-cutting / undetermined,,See traceability matrix; not inferred from pathname alone,UNASSIGNED
DOC-0257,.kiro/specs/COMPREHENSIVE_ANALYSIS_REPORT.md,تقرير التحليل الشامل لمجلد المواصفات,SPECIFICATION,.kiro/specs,13388,UNDECLARED,2026-01-15T18:03:45+03:00,fc4d6d999e92b49ef17ac6e49bca05bbb08c028c,Cross-cutting / undetermined,,See traceability matrix; not inferred from pathname alone,UNASSIGNED
DOC-0258,.kiro/specs/GOVERNANCE.md,Specs Directory Governance,SPECIFICATION,.kiro/specs,12715,UNDECLARED,2026-01-15T13:07:43+03:00,cc1606aa007799d428d096e69c8f3b708202ce77,Cross-cutting / undetermined,,See traceability matrix; not inferred from pathname alone,UNASSIGNED
DOC-0259,.kiro/specs/PHASE1_CLEANUP_COMPLETE.md,تقرير إكمال المرحلة 1: التنظيف الفوري,SPECIFICATION,.kiro/specs,6970,COMPLETED_CLAIM,2026-01-15T18:15:37+03:00,7dfb338ac9538a5c7e488ea0e94a6033eb150acf,Cross-cutting / undetermined,,See traceability matrix; not inferred from pathname alone,UNASSIGNED
DOC-0260,.kiro/specs/PHASE2_REORGANIZATION_COMPLETE.md,تقرير إكمال المرحلة 2: إعادة التنظيم,SPECIFICATION,.kiro/specs,8625,COMPLETED_CLAIM,2026-01-15T19:13:04+03:00,6b0932c51b94d7672b2f4bc4705d0d72275a42a2,Cross-cutting / undetermined,,See traceability matrix; not inferred from pathname alone,UNASSIGNED
DOC-0261,.kiro/specs/QUICK_REFERENCE.md,Specs Directory - Quick Reference,SPECIFICATION,.kiro/specs,4568,UNDECLARED,2026-01-15T13:07:43+03:00,cc1606aa007799d428d096e69c8f3b708202ce77,Flutter UI / UX,.kiro/specs/active/basir_master_specification/04_UI_DESIGN_SYSTEM.md,See traceability matrix; not inferred from pathname alone,UNASSIGNED
DOC-0262,.kiro/specs/README.md,Specs Directory - Index & Navigation,SPECIFICATION,.kiro/specs,6836,UNDECLARED,2026-01-15T19:13:04+03:00,6b0932c51b94d7672b2f4bc4705d0d72275a42a2,Cross-cutting / undetermined,,See traceability matrix; not inferred from pathname alone,UNASSIGNED
DOC-0263,.kiro/specs/active/basir_master_specification/00_SPECIFICATION_MANIFESTO.md,Basir Master Specification: The Diamond Paradigm,MASTER_SPEC,.kiro/specs/active/basir_master_specification,4714,ACTIVE_CANDIDATE,2026-02-21T22:35:15+03:00,afca608f78fad5ca683c127ef7b3a8d889e92cb0,Delivery / operations,.kiro/specs/active/basir_master_specification/00_SPECIFICATION_MANIFESTO.md,See traceability matrix; not inferred from pathname alone,L1 — approved only after validation against repository reality
DOC-0264,.kiro/specs/active/basir_master_specification/01_FUNCTIONAL_ARCHITECTURE.md,Functional Architecture Specification,MASTER_SPEC,.kiro/specs/active/basir_master_specification,6274,ACTIVE_CANDIDATE,2026-02-21T22:35:15+03:00,afca608f78fad5ca683c127ef7b3a8d889e92cb0,Delivery / operations,.kiro/specs/active/basir_master_specification/01_FUNCTIONAL_ARCHITECTURE.md,See traceability matrix; not inferred from pathname alone,L1 — approved only after validation against repository reality
DOC-0265,.kiro/specs/active/basir_master_specification/02_ACCOUNTING_ENGINE.md,Accounting Engine Specification,MASTER_SPEC,.kiro/specs/active/basir_master_specification,8167,ACTIVE_CANDIDATE,2026-02-21T22:35:15+03:00,afca608f78fad5ca683c127ef7b3a8d889e92cb0,Accounting / ledger; Delivery / operations,.kiro/specs/active/basir_master_specification/02_ACCOUNTING_ENGINE.md,See traceability matrix; not inferred from pathname alone,L1 — approved only after validation against repository reality
DOC-0266,.kiro/specs/active/basir_master_specification/03_DATA_SCHEMA.md,Data Schema Specification,MASTER_SPEC,.kiro/specs/active/basir_master_specification,12897,ACTIVE_CANDIDATE,2026-02-21T22:35:15+03:00,afca608f78fad5ca683c127ef7b3a8d889e92cb0,Data / schema; Delivery / operations,.kiro/specs/active/basir_master_specification/03_DATA_SCHEMA.md,See traceability matrix; not inferred from pathname alone,L1 — approved only after validation against repository reality
DOC-0267,.kiro/specs/active/basir_master_specification/04_UI_DESIGN_SYSTEM.md,UI/UX Design System Specification,MASTER_SPEC,.kiro/specs/active/basir_master_specification,7533,ACTIVE_CANDIDATE,2026-02-21T22:35:15+03:00,afca608f78fad5ca683c127ef7b3a8d889e92cb0,Flutter UI / UX; Delivery / operations,.kiro/specs/active/basir_master_specification/04_UI_DESIGN_SYSTEM.md,See traceability matrix; not inferred from pathname alone,L1 — approved only after validation against repository reality
DOC-0268,.kiro/specs/active/basir_master_specification/05_SECURITY_GOVERNANCE.md,Security & Governance Specification,MASTER_SPEC,.kiro/specs/active/basir_master_specification,7333,ACTIVE_CANDIDATE,2026-02-21T22:35:15+03:00,afca608f78fad5ca683c127ef7b3a8d889e92cb0,Security; Delivery / operations,.kiro/specs/active/basir_master_specification/05_SECURITY_GOVERNANCE.md,See traceability matrix; not inferred from pathname alone,L1 — approved only after validation against repository reality
DOC-0269,.kiro/specs/active/basir_master_specification/06_COMPLIANCE_ENGINES.md,Compliance Engines Specification,MASTER_SPEC,.kiro/specs/active/basir_master_specification,6998,ACTIVE_CANDIDATE,2026-02-21T22:35:15+03:00,afca608f78fad5ca683c127ef7b3a8d889e92cb0,Delivery / operations,.kiro/specs/active/basir_master_specification/06_COMPLIANCE_ENGINES.md,See traceability matrix; not inferred from pathname alone,L1 — approved only after validation against repository reality
DOC-0270,.kiro/specs/active/basir_master_specification/07_INTEGRATION_PROTOCOLS.md,Integration & Protocols Specification,MASTER_SPEC,.kiro/specs/active/basir_master_specification,7967,ACTIVE_CANDIDATE,2026-02-21T22:35:15+03:00,afca608f78fad5ca683c127ef7b3a8d889e92cb0,Delivery / operations; Integration,.kiro/specs/active/basir_master_specification/07_INTEGRATION_PROTOCOLS.md,See traceability matrix; not inferred from pathname alone,L1 — approved only after validation against repository reality
DOC-0271,.kiro/specs/active/basir_master_specification/08_FORENSIC_ATLAS_INDEX.md,Forensic Atlas: Screen Index & Feature Mapping,MASTER_SPEC,.kiro/specs/active/basir_master_specification,10647,ACTIVE_CANDIDATE,2026-02-21T22:35:15+03:00,afca608f78fad5ca683c127ef7b3a8d889e92cb0,Delivery / operations,.kiro/specs/active/basir_master_specification/08_FORENSIC_ATLAS_INDEX.md,See traceability matrix; not inferred from pathname alone,L1 — approved only after validation against repository reality
DOC-0272,.kiro/specs/active/basir_master_specification/README.md,Basir Master Specification - README,MASTER_SPEC,.kiro/specs/active/basir_master_specification,3446,ACTIVE_CANDIDATE,2026-02-21T22:35:15+03:00,afca608f78fad5ca683c127ef7b3a8d889e92cb0,Delivery / operations,.kiro/specs/active/basir_master_specification/README.md,See traceability matrix; not inferred from pathname alone,L1 — approved only after validation against repository reality
DOC-0273,.kiro/specs/active/ui-ux-improvements/ANALYSIS_REPORT.md,تقرير تحليل الوضع الحالي لواجهة المستخدم,SPECIFICATION,.kiro/specs/active/ui-ux-improvements,16191,ACTIVE_CANDIDATE,2026-01-02T13:15:47+03:00,560c3372de9ac640f01e3854b211ffb6ef0664fd,Flutter UI / UX,.kiro/specs/active/basir_master_specification/04_UI_DESIGN_SYSTEM.md,See traceability matrix; not inferred from pathname alone,L2 — active specification candidate
DOC-0274,.kiro/specs/active/ui-ux-improvements/README.md,تحسينات واجهة المستخدم (UI/UX Improvements),SPECIFICATION,.kiro/specs/active/ui-ux-improvements,6600,ACTIVE_CANDIDATE,2025-12-18T21:53:41+03:00,0e395a6c3954d6a12dac16d08c1e18df8d899d13,Flutter UI / UX,.kiro/specs/active/basir_master_specification/04_UI_DESIGN_SYSTEM.md,See traceability matrix; not inferred from pathname alone,L2 — active specification candidate
DOC-0275,.kiro/specs/active/ui-ux-improvements/UX_PSYCHOLOGY_ANALYSIS.md,تحليل علم نفس المستخدم والاتجاهات العصرية,SPECIFICATION,.kiro/specs/active/ui-ux-improvements,17233,ACTIVE_CANDIDATE,2026-01-02T13:15:47+03:00,560c3372de9ac640f01e3854b211ffb6ef0664fd,Flutter UI / UX,.kiro/specs/active/basir_master_specification/04_UI_DESIGN_SYSTEM.md,See traceability matrix; not inferred from pathname alone,L2 — active specification candidate
DOC-0276,.kiro/specs/active/ui-ux-improvements/color-states-analysis-report.md,تقرير تحليل مشاكل الألوان والحالات في نظام بصير,SPECIFICATION,.kiro/specs/active/ui-ux-improvements,17334,ACTIVE_CANDIDATE,2026-01-02T13:15:47+03:00,560c3372de9ac640f01e3854b211ffb6ef0664fd,Flutter UI / UX,.kiro/specs/active/basir_master_specification/04_UI_DESIGN_SYSTEM.md,See traceability matrix; not inferred from pathname alone,L2 — active specification candidate
DOC-0277,.kiro/specs/active/ui-ux-improvements/design.md,تصميم تحسينات واجهة المستخدم,SPECIFICATION,.kiro/specs/active/ui-ux-improvements,85855,ACTIVE_CANDIDATE,2026-01-02T13:15:47+03:00,560c3372de9ac640f01e3854b211ffb6ef0664fd,Flutter UI / UX,.kiro/specs/active/basir_master_specification/04_UI_DESIGN_SYSTEM.md,See traceability matrix; not inferred from pathname alone,L2 — active specification candidate
DOC-0278,.kiro/specs/active/ui-ux-improvements/requirements.md,متطلبات تحسين الوضوح والتباين في واجهة المستخدم,SPECIFICATION,.kiro/specs/active/ui-ux-improvements,33071,ACTIVE_CANDIDATE,2025-12-18T21:53:41+03:00,0e395a6c3954d6a12dac16d08c1e18df8d899d13,Flutter UI / UX,.kiro/specs/active/basir_master_specification/04_UI_DESIGN_SYSTEM.md,See traceability matrix; not inferred from pathname alone,L2 — active specification candidate
DOC-0279,.kiro/specs/active/ui-ux-improvements/tasks.md,قائمة مهام تحسينات واجهة المستخدم,SPECIFICATION,.kiro/specs/active/ui-ux-improvements,72068,ACTIVE_CANDIDATE,2026-07-27T16:20:21+03:00,a766d6d812a09c6c498a11706629d9ac28f641f5,Flutter UI / UX,.kiro/specs/active/basir_master_specification/04_UI_DESIGN_SYSTEM.md,See traceability matrix; not inferred from pathname alone,L2 — active specification candidate
DOC-0280,.kiro/specs/active/ui-ux-improvements/update-summary.md,ملخص تحديث مواصفات تحسينات واجهة المستخدم,SPECIFICATION,.kiro/specs/active/ui-ux-improvements,9058,ACTIVE_CANDIDATE,2025-12-18T21:53:41+03:00,0e395a6c3954d6a12dac16d08c1e18df8d899d13,Flutter UI / UX,.kiro/specs/active/basir_master_specification/04_UI_DESIGN_SYSTEM.md,See traceability matrix; not inferred from pathname alone,L2 — active specification candidate
DOC-0281,.kiro/specs/active/widget-tests-phase3/requirements.md,Requirements Document: Widget Tests Phase 3 - Final Fixes,SPECIFICATION,.kiro/specs/active/widget-tests-phase3,6160,ACTIVE_CANDIDATE,2026-01-15T13:07:43+03:00,cc1606aa007799d428d096e69c8f3b708202ce77,Flutter UI / UX; Testing,.kiro/specs/active/basir_master_specification/04_UI_DESIGN_SYSTEM.md,See traceability matrix; not inferred from pathname alone,L2 — active specification candidate
DOC-0282,.kiro/specs/archived/2025-completed/brand-visual-identity/DESIGN_COMPLETION_REPORT.md,تقرير إكمال تصميم نظام الهوية البصرية,SPECIFICATION,.kiro/specs/archived/2025-completed/brand-visual-identity,10151,ARCHIVED_CANDIDATE,2026-01-15T13:07:43+03:00,cc1606aa007799d428d096e69c8f3b708202ce77,Cross-cutting / undetermined,.kiro/specs/active/basir_master_specification/04_UI_DESIGN_SYSTEM.md,See traceability matrix; not inferred from pathname alone,UNASSIGNED
DOC-0283,.kiro/specs/archived/2025-completed/brand-visual-identity/QUICK_SUMMARY.md,ملخص سريع: تصميم نظام الهوية البصرية,SPECIFICATION,.kiro/specs/archived/2025-completed/brand-visual-identity,3986,ARCHIVED_CANDIDATE,2026-01-15T13:07:43+03:00,cc1606aa007799d428d096e69c8f3b708202ce77,Flutter UI / UX,.kiro/specs/active/basir_master_specification/04_UI_DESIGN_SYSTEM.md,See traceability matrix; not inferred from pathname alone,UNASSIGNED
DOC-0284,.kiro/specs/archived/2025-completed/brand-visual-identity/TASKS_COMPLETION_REPORT.md,تقرير إكمال ملف المهام (tasks.md),SPECIFICATION,.kiro/specs/archived/2025-completed/brand-visual-identity,7217,ARCHIVED_CANDIDATE,2026-01-15T13:07:43+03:00,cc1606aa007799d428d096e69c8f3b708202ce77,Cross-cutting / undetermined,,See traceability matrix; not inferred from pathname alone,UNASSIGNED
DOC-0285,.kiro/specs/archived/2025-completed/brand-visual-identity/design.md,تصميم نظام الهوية البصرية الموحدة - المرحلة الأولى,SPECIFICATION,.kiro/specs/archived/2025-completed/brand-visual-identity,13209,ARCHIVED_CANDIDATE,2026-01-15T13:07:43+03:00,cc1606aa007799d428d096e69c8f3b708202ce77,Cross-cutting / undetermined,.kiro/specs/active/basir_master_specification/04_UI_DESIGN_SYSTEM.md,See traceability matrix; not inferred from pathname alone,UNASSIGNED
DOC-0286,.kiro/specs/archived/2025-completed/brand-visual-identity/requirements.md,متطلبات نظام الهوية البصرية الموحدة - المرحلة الأولى,SPECIFICATION,.kiro/specs/archived/2025-completed/brand-visual-identity,13356,ARCHIVED_CANDIDATE,2026-01-15T13:07:43+03:00,cc1606aa007799d428d096e69c8f3b708202ce77,Flutter UI / UX,.kiro/specs/active/basir_master_specification/04_UI_DESIGN_SYSTEM.md,See traceability matrix; not inferred from pathname alone,UNASSIGNED
DOC-0287,.kiro/specs/archived/2025-completed/brand-visual-identity/tasks.md,خطة تنفيذ نظام الهوية البصرية الموحدة - المرحلة الأولى,SPECIFICATION,.kiro/specs/archived/2025-completed/brand-visual-identity,12648,ARCHIVED_CANDIDATE,2026-01-15T13:07:43+03:00,cc1606aa007799d428d096e69c8f3b708202ce77,Cross-cutting / undetermined,,See traceability matrix; not inferred from pathname alone,UNASSIGNED
DOC-0288,.kiro/specs/archived/2025-completed/comprehensive-steering-quality-overhaul/COMPARISON_ANALYSIS.md,تحليل مقارن شامل: المواصفة الشاملة مقابل steering-cleanup,SPECIFICATION,.kiro/specs/archived/2025-completed/comprehensive-steering-quality-overhaul,15879,ARCHIVED_CANDIDATE,2026-01-15T19:13:04+03:00,6b0932c51b94d7672b2f4bc4705d0d72275a42a2,Cross-cutting / undetermined,,See traceability matrix; not inferred from pathname alone,UNASSIGNED
DOC-0289,.kiro/specs/archived/2025-completed/comprehensive-steering-quality-overhaul/GUARANTEES_AND_STANDARDS.md,الضمانات ومعايير التقييم والتنفيذ - المواصفة الشاملة,SPECIFICATION,.kiro/specs/archived/2025-completed/comprehensive-steering-quality-overhaul,20339,ARCHIVED_CANDIDATE,2026-01-15T19:13:04+03:00,6b0932c51b94d7672b2f4bc4705d0d72275a42a2,Cross-cutting / undetermined,,See traceability matrix; not inferred from pathname alone,UNASSIGNED
DOC-0290,.kiro/specs/archived/2025-completed/comprehensive-steering-quality-overhaul/STATUS.md,حالة المشروع - المراجعة الشاملة لنظام ضمان الجودة,SPECIFICATION,.kiro/specs/archived/2025-completed/comprehensive-steering-quality-overhaul,2156,ARCHIVED_CANDIDATE,2026-01-15T19:13:04+03:00,6b0932c51b94d7672b2f4bc4705d0d72275a42a2,Cross-cutting / undetermined,,See traceability matrix; not inferred from pathname alone,UNASSIGNED
DOC-0291,.kiro/specs/archived/2025-completed/comprehensive-steering-quality-overhaul/design.md,تصميم تحسين وتنظيم ملفات التوجيه,SPECIFICATION,.kiro/specs/archived/2025-completed/comprehensive-steering-quality-overhaul,12509,ARCHIVED_CANDIDATE,2026-01-15T19:13:04+03:00,6b0932c51b94d7672b2f4bc4705d0d72275a42a2,Cross-cutting / undetermined,.kiro/specs/active/basir_master_specification/04_UI_DESIGN_SYSTEM.md,See traceability matrix; not inferred from pathname alone,UNASSIGNED
DOC-0292,.kiro/specs/archived/2025-completed/comprehensive-steering-quality-overhaul/requirements.md,متطلبات تحسين وتنظيم ملفات التوجيه,SPECIFICATION,.kiro/specs/archived/2025-completed/comprehensive-steering-quality-overhaul,20498,ARCHIVED_CANDIDATE,2026-01-15T19:13:04+03:00,6b0932c51b94d7672b2f4bc4705d0d72275a42a2,Flutter UI / UX,.kiro/specs/active/basir_master_specification/04_UI_DESIGN_SYSTEM.md,See traceability matrix; not inferred from pathname alone,UNASSIGNED
DOC-0293,.kiro/specs/archived/2025-completed/comprehensive-steering-quality-overhaul/tasks.md,مهام المراجعة الشاملة لنظام ضمان جودة ملفات التوجيه,SPECIFICATION,.kiro/specs/archived/2025-completed/comprehensive-steering-quality-overhaul,7997,ARCHIVED_CANDIDATE,2026-01-15T19:13:04+03:00,6b0932c51b94d7672b2f4bc4705d0d72275a42a2,Cross-cutting / undetermined,,See traceability matrix; not inferred from pathname alone,UNASSIGNED
DOC-0294,.kiro/specs/archived/2025-completed/context-optimization-closure-old/ANALYSIS_REPORT.md,تقرير التحليل الشامل - مشروع تحسين السياق,SPECIFICATION,.kiro/specs/archived/2025-completed/context-optimization-closure-old,26465,ARCHIVED_CANDIDATE,2026-01-15T19:13:04+03:00,6b0932c51b94d7672b2f4bc4705d0d72275a42a2,Cross-cutting / undetermined,,See traceability matrix; not inferred from pathname alone,UNASSIGNED
DOC-0295,.kiro/specs/archived/2025-completed/context-optimization-closure-old/FINAL_RESULTS_REPORT.md,تقرير النتائج النهائية - مشروع تحسين السياق,SPECIFICATION,.kiro/specs/archived/2025-completed/context-optimization-closure-old,12685,ARCHIVED_CANDIDATE,2026-01-15T19:13:04+03:00,6b0932c51b94d7672b2f4bc4705d0d72275a42a2,Cross-cutting / undetermined,,See traceability matrix; not inferred from pathname alone,UNASSIGNED
DOC-0296,.kiro/specs/archived/2025-completed/context-optimization-closure-old/QUICK_RESUME_GUIDE.md,دليل المتابعة السريع - مشروع تحسين السياق,SPECIFICATION,.kiro/specs/archived/2025-completed/context-optimization-closure-old,4787,ARCHIVED_CANDIDATE,2026-01-15T19:13:04+03:00,6b0932c51b94d7672b2f4bc4705d0d72275a42a2,Flutter UI / UX,.kiro/specs/active/basir_master_specification/04_UI_DESIGN_SYSTEM.md,See traceability matrix; not inferred from pathname alone,UNASSIGNED
DOC-0297,.kiro/specs/archived/2025-completed/context-optimization-closure/CELEBRATION.md,🎉🎊 الاحتفال الكبير بالنجاح الباهر! 🎊🎉,SPECIFICATION,.kiro/specs/archived/2025-completed/context-optimization-closure,69130,ARCHIVED_CANDIDATE,2026-01-15T13:07:43+03:00,cc1606aa007799d428d096e69c8f3b708202ce77,Cross-cutting / undetermined,,See traceability matrix; not inferred from pathname alone,UNASSIGNED
DOC-0298,.kiro/specs/archived/2025-completed/context-optimization-closure/CLOSURE.md,إغلاق رسمي - مشروع تحسين السياق,SPECIFICATION,.kiro/specs/archived/2025-completed/context-optimization-closure,7897,ARCHIVED_CANDIDATE,2026-01-15T13:07:43+03:00,cc1606aa007799d428d096e69c8f3b708202ce77,Cross-cutting / undetermined,,See traceability matrix; not inferred from pathname alone,UNASSIGNED
DOC-0299,.kiro/specs/archived/2025-completed/context-optimization-closure/INDEX.md,فهرس وثائق إغلاق مشروع تحسين السياق,SPECIFICATION,.kiro/specs/archived/2025-completed/context-optimization-closure,4890,ARCHIVED_CANDIDATE,2026-01-15T13:07:43+03:00,cc1606aa007799d428d096e69c8f3b708202ce77,Cross-cutting / undetermined,,See traceability matrix; not inferred from pathname alone,UNASSIGNED
DOC-0300,.kiro/specs/archived/2025-completed/context-optimization-closure/PROJECT_CLOSURE.md,تقرير الإغلاق النهائي - مشروع تحسين إدارة السياق,SPECIFICATION,.kiro/specs/archived/2025-completed/context-optimization-closure,17921,ARCHIVED_CANDIDATE,2026-01-15T13:07:43+03:00,cc1606aa007799d428d096e69c8f3b708202ce77,Cross-cutting / undetermined,,See traceability matrix; not inferred from pathname alone,UNASSIGNED
DOC-0301,.kiro/specs/archived/2025-completed/context-optimization-closure/README.md,وثائق إغلاق مشروع تحسين السياق,SPECIFICATION,.kiro/specs/archived/2025-completed/context-optimization-closure,3554,ARCHIVED_CANDIDATE,2026-01-15T13:07:43+03:00,cc1606aa007799d428d096e69c8f3b708202ce77,Cross-cutting / undetermined,,See traceability matrix; not inferred from pathname alone,UNASSIGNED
DOC-0302,.kiro/specs/archived/2025-completed/context-optimization-closure/STATUS.md,حالة المشروع - تحسين السياق,SPECIFICATION,.kiro/specs/archived/2025-completed/context-optimization-closure,1282,ARCHIVED_CANDIDATE,2026-01-15T13:07:43+03:00,cc1606aa007799d428d096e69c8f3b708202ce77,Cross-cutting / undetermined,,See traceability matrix; not inferred from pathname alone,UNASSIGNED
DOC-0303,.kiro/specs/archived/2025-completed/context-optimization-closure/SUMMARY_FOR_USER.md,ملخص للمستخدم - مشروع تحسين السياق,SPECIFICATION,.kiro/specs/archived/2025-completed/context-optimization-closure,3409,ARCHIVED_CANDIDATE,2026-01-15T13:07:43+03:00,cc1606aa007799d428d096e69c8f3b708202ce77,Cross-cutting / undetermined,,See traceability matrix; not inferred from pathname alone,UNASSIGNED
DOC-0304,.kiro/specs/archived/2025-completed/context-optimization-closure/requirements.md,Requirements: إغلاق مشروع تحسين إدارة السياق,SPECIFICATION,.kiro/specs/archived/2025-completed/context-optimization-closure,9167,ARCHIVED_CANDIDATE,2026-01-15T13:07:43+03:00,cc1606aa007799d428d096e69c8f3b708202ce77,Flutter UI / UX,.kiro/specs/active/basir_master_specification/04_UI_DESIGN_SYSTEM.md,See traceability matrix; not inferred from pathname alone,UNASSIGNED
DOC-0305,.kiro/specs/archived/2025-completed/critical-fixes-old/ACTUAL_TESTING_REPORT.md,تقرير الاختبار الفعلي - Task 9.3,SPECIFICATION,.kiro/specs/archived/2025-completed/critical-fixes-old,4564,ARCHIVED_CANDIDATE,2026-01-15T19:13:04+03:00,6b0932c51b94d7672b2f4bc4705d0d72275a42a2,Testing,,See traceability matrix; not inferred from pathname alone,UNASSIGNED
DOC-0306,.kiro/specs/archived/2025-completed/critical-fixes-old/TASK_9_3_UPDATE.md,تحديث Task 9.3 - اختبار الميزات الأساسية,SPECIFICATION,.kiro/specs/archived/2025-completed/critical-fixes-old,3744,ARCHIVED_CANDIDATE,2026-01-15T19:13:04+03:00,6b0932c51b94d7672b2f4bc4705d0d72275a42a2,Cross-cutting / undetermined,,See traceability matrix; not inferred from pathname alone,UNASSIGNED
DOC-0307,.kiro/specs/archived/2025-completed/critical-fixes/PERFORMANCE_REVIEW.md,تقرير مراجعة الأداء,SPECIFICATION,.kiro/specs/archived/2025-completed/critical-fixes,13955,ARCHIVED_CANDIDATE,2026-01-15T13:07:43+03:00,cc1606aa007799d428d096e69c8f3b708202ce77,Cross-cutting / undetermined,,See traceability matrix; not inferred from pathname alone,UNASSIGNED
DOC-0308,.kiro/specs/archived/2025-completed/critical-fixes/PR_TEMPLATE.md,Pull Request: إصلاحات حرجة فورية,SPECIFICATION,.kiro/specs/archived/2025-completed/critical-fixes,11543,ARCHIVED_CANDIDATE,2026-01-15T13:07:43+03:00,cc1606aa007799d428d096e69c8f3b708202ce77,Cross-cutting / undetermined,,See traceability matrix; not inferred from pathname alone,UNASSIGNED
DOC-0309,.kiro/specs/archived/2025-completed/critical-fixes/design.md,Design Document - إصلاحات حرجة فورية,SPECIFICATION,.kiro/specs/archived/2025-completed/critical-fixes,8171,ARCHIVED_CANDIDATE,2026-01-15T13:07:43+03:00,cc1606aa007799d428d096e69c8f3b708202ce77,Cross-cutting / undetermined,.kiro/specs/active/basir_master_specification/04_UI_DESIGN_SYSTEM.md,See traceability matrix; not inferred from pathname alone,UNASSIGNED
DOC-0310,.kiro/specs/archived/2025-completed/critical-fixes/requirements.md,Requirements Document - إصلاحات حرجة فورية,SPECIFICATION,.kiro/specs/archived/2025-completed/critical-fixes,5103,ARCHIVED_CANDIDATE,2026-01-15T13:07:43+03:00,cc1606aa007799d428d096e69c8f3b708202ce77,Flutter UI / UX,.kiro/specs/active/basir_master_specification/04_UI_DESIGN_SYSTEM.md,See traceability matrix; not inferred from pathname alone,UNASSIGNED
DOC-0311,.kiro/specs/archived/2025-completed/critical-fixes/tasks.md,Implementation Plan - إصلاحات حرجة فورية,SPECIFICATION,.kiro/specs/archived/2025-completed/critical-fixes,6074,ARCHIVED_CANDIDATE,2026-01-15T13:07:43+03:00,cc1606aa007799d428d096e69c8f3b708202ce77,Cross-cutting / undetermined,,See traceability matrix; not inferred from pathname alone,UNASSIGNED
DOC-0312,.kiro/specs/archived/2025-completed/dashboard-test-integration/design.md,Dashboard Test Integration - Design Document,SPECIFICATION,.kiro/specs/archived/2025-completed/dashboard-test-integration,9384,ARCHIVED_CANDIDATE,2026-01-15T13:07:43+03:00,cc1606aa007799d428d096e69c8f3b708202ce77,Testing; Integration,.kiro/specs/active/basir_master_specification/04_UI_DESIGN_SYSTEM.md,See traceability matrix; not inferred from pathname alone,UNASSIGNED
DOC-0313,.kiro/specs/archived/2025-completed/dashboard-test-integration/requirements.md,Dashboard Test Integration - Requirements Document,SPECIFICATION,.kiro/specs/archived/2025-completed/dashboard-test-integration,8823,ARCHIVED_CANDIDATE,2026-01-15T13:07:43+03:00,cc1606aa007799d428d096e69c8f3b708202ce77,Flutter UI / UX; Testing; Integration,.kiro/specs/active/basir_master_specification/04_UI_DESIGN_SYSTEM.md,See traceability matrix; not inferred from pathname alone,UNASSIGNED
DOC-0314,.kiro/specs/archived/2025-completed/dashboard-test-integration/tasks.md,Dashboard Test Integration - Implementation Tasks,SPECIFICATION,.kiro/specs/archived/2025-completed/dashboard-test-integration,9768,ARCHIVED_CANDIDATE,2026-01-15T13:07:43+03:00,cc1606aa007799d428d096e69c8f3b708202ce77,Testing; Integration,.kiro/specs/active/basir_master_specification/07_INTEGRATION_PROTOCOLS.md,See traceability matrix; not inferred from pathname alone,UNASSIGNED
DOC-0315,.kiro/specs/archived/2025-completed/error-tracking-system/tasks.md,Implementation Plan: Error Tracking and Logging Infrastructure,SPECIFICATION,.kiro/specs/archived/2025-completed/error-tracking-system,4830,ARCHIVED_CANDIDATE,2026-01-15T13:07:43+03:00,cc1606aa007799d428d096e69c8f3b708202ce77,Cross-cutting / undetermined,,See traceability matrix; not inferred from pathname alone,UNASSIGNED
DOC-0316,.kiro/specs/archived/2025-completed/git-merge-strategy/COMPLETION_SUMMARY.md,Git Merge Strategy - Completion Summary,SPECIFICATION,.kiro/specs/archived/2025-completed/git-merge-strategy,7263,ARCHIVED_CANDIDATE,2026-01-15T13:07:43+03:00,cc1606aa007799d428d096e69c8f3b708202ce77,Cross-cutting / undetermined,,See traceability matrix; not inferred from pathname alone,UNASSIGNED
DOC-0317,.kiro/specs/archived/2025-completed/git-merge-strategy/design.md,Design Document - Git Merge Strategy System,SPECIFICATION,.kiro/specs/archived/2025-completed/git-merge-strategy,17574,ARCHIVED_CANDIDATE,2026-01-15T13:07:43+03:00,cc1606aa007799d428d096e69c8f3b708202ce77,Cross-cutting / undetermined,.kiro/specs/active/basir_master_specification/04_UI_DESIGN_SYSTEM.md,See traceability matrix; not inferred from pathname alone,UNASSIGNED
DOC-0318,.kiro/specs/archived/2025-completed/git-merge-strategy/requirements.md,Requirements Document - Git Merge Strategy,SPECIFICATION,.kiro/specs/archived/2025-completed/git-merge-strategy,18589,ARCHIVED_CANDIDATE,2026-01-15T13:07:43+03:00,cc1606aa007799d428d096e69c8f3b708202ce77,Flutter UI / UX,.kiro/specs/active/basir_master_specification/04_UI_DESIGN_SYSTEM.md,See traceability matrix; not inferred from pathname alone,UNASSIGNED
DOC-0319,.kiro/specs/archived/2025-completed/git-merge-strategy/tasks.md,Implementation Plan - Git Merge Strategy System (Enhanced & Optimized Edition),SPECIFICATION,.kiro/specs/archived/2025-completed/git-merge-strategy,66154,ARCHIVED_CANDIDATE,2026-01-15T13:07:43+03:00,cc1606aa007799d428d096e69c8f3b708202ce77,Cross-cutting / undetermined,,See traceability matrix; not inferred from pathname alone,UNASSIGNED
DOC-0320,.kiro/specs/archived/2025-completed/git-repository-optimization-completed/MIGRATION_COMPLETE.md,تقرير إكمال النقل الكامل للمواصفات,SPECIFICATION,.kiro/specs/archived/2025-completed/git-repository-optimization-completed,5399,ARCHIVED_CANDIDATE,2026-01-15T13:07:43+03:00,cc1606aa007799d428d096e69c8f3b708202ce77,Cross-cutting / undetermined,.kiro/specs/active/basir_master_specification/03_DATA_SCHEMA.md,See traceability matrix; not inferred from pathname alone,UNASSIGNED
DOC-0321,.kiro/specs/archived/2025-completed/git-repository-optimization-completed/QUALITY_FIXES_REPORT.md,تقرير إصلاحات الجودة المكتملة,SPECIFICATION,.kiro/specs/archived/2025-completed/git-repository-optimization-completed,8721,ARCHIVED_CANDIDATE,2026-01-15T13:07:43+03:00,cc1606aa007799d428d096e69c8f3b708202ce77,Cross-cutting / undetermined,,See traceability matrix; not inferred from pathname alone,UNASSIGNED
DOC-0322,.kiro/specs/archived/2025-completed/git-repository-optimization-completed/README.md,مواصفات تحسين المستودع الشامل,SPECIFICATION,.kiro/specs/archived/2025-completed/git-repository-optimization-completed,6768,ARCHIVED_CANDIDATE,2026-01-15T13:07:43+03:00,cc1606aa007799d428d096e69c8f3b708202ce77,Cross-cutting / undetermined,,See traceability matrix; not inferred from pathname alone,UNASSIGNED
DOC-0323,.kiro/specs/archived/2025-completed/git-repository-optimization-completed/RECOMMENDATIONS_IMPLEMENTATION_REPORT.md,تقرير تنفيذ التوصيات - Git Repository Optimization,SPECIFICATION,.kiro/specs/archived/2025-completed/git-repository-optimization-completed,6490,ARCHIVED_CANDIDATE,2026-01-15T13:07:43+03:00,cc1606aa007799d428d096e69c8f3b708202ce77,Cross-cutting / undetermined,,See traceability matrix; not inferred from pathname alone,UNASSIGNED
DOC-0324,.kiro/specs/archived/2025-completed/git-repository-optimization-completed/VERIFICATION_REPORT.md,تقرير التحقق من نقل المواصفات,SPECIFICATION,.kiro/specs/archived/2025-completed/git-repository-optimization-completed,6991,ARCHIVED_CANDIDATE,2026-01-15T13:07:43+03:00,cc1606aa007799d428d096e69c8f3b708202ce77,Cross-cutting / undetermined,,See traceability matrix; not inferred from pathname alone,UNASSIGNED
DOC-0325,.kiro/specs/archived/2025-completed/git-repository-optimization-completed/design.md,Design Document - Git Repository Optimization,SPECIFICATION,.kiro/specs/archived/2025-completed/git-repository-optimization-completed,17495,ARCHIVED_CANDIDATE,2026-01-15T13:07:43+03:00,cc1606aa007799d428d096e69c8f3b708202ce77,Cross-cutting / undetermined,.kiro/specs/active/basir_master_specification/04_UI_DESIGN_SYSTEM.md,See traceability matrix; not inferred from pathname alone,UNASSIGNED
DOC-0326,.kiro/specs/archived/2025-completed/git-repository-optimization-completed/requirements.md,Requirements Document - Git Repository Optimization,SPECIFICATION,.kiro/specs/archived/2025-completed/git-repository-optimization-completed,15558,ARCHIVED_CANDIDATE,2026-01-15T13:07:43+03:00,cc1606aa007799d428d096e69c8f3b708202ce77,Flutter UI / UX,.kiro/specs/active/basir_master_specification/04_UI_DESIGN_SYSTEM.md,See traceability matrix; not inferred from pathname alone,UNASSIGNED
DOC-0327,.kiro/specs/archived/2025-completed/git-repository-optimization-completed/tasks.md,Tasks Document - Git Repository Optimization,SPECIFICATION,.kiro/specs/archived/2025-completed/git-repository-optimization-completed,20903,ARCHIVED_CANDIDATE,2026-01-15T13:07:43+03:00,cc1606aa007799d428d096e69c8f3b708202ce77,Cross-cutting / undetermined,,See traceability matrix; not inferred from pathname alone,UNASSIGNED
DOC-0328,.kiro/specs/archived/2025-completed/guest-mode-upgrade-ui/tasks.md,Tasks Document - Guest Mode Upgrade UI,SPECIFICATION,.kiro/specs/archived/2025-completed/guest-mode-upgrade-ui,3712,ARCHIVED_CANDIDATE,2026-01-15T13:07:43+03:00,cc1606aa007799d428d096e69c8f3b708202ce77,Flutter UI / UX,.kiro/specs/active/basir_master_specification/04_UI_DESIGN_SYSTEM.md,See traceability matrix; not inferred from pathname alone,UNASSIGNED
DOC-0329,.kiro/specs/archived/2025-completed/isar-testing-fix/COMPLETION_REPORT.md,تقرير إكمال مشروع إصلاح Isar - بصير MVP,SPECIFICATION,.kiro/specs/archived/2025-completed/isar-testing-fix,4842,ARCHIVED_CANDIDATE,2026-01-15T13:07:43+03:00,cc1606aa007799d428d096e69c8f3b708202ce77,Testing,,See traceability matrix; not inferred from pathname alone,UNASSIGNED
DOC-0330,.kiro/specs/archived/2025-completed/isar-testing-fix/design.md,تصميم إصلاح مشكلة Isar في الاختبارات - بصير MVP,SPECIFICATION,.kiro/specs/archived/2025-completed/isar-testing-fix,27464,ARCHIVED_CANDIDATE,2026-01-15T13:07:43+03:00,cc1606aa007799d428d096e69c8f3b708202ce77,Testing,.kiro/specs/active/basir_master_specification/04_UI_DESIGN_SYSTEM.md,See traceability matrix; not inferred from pathname alone,UNASSIGNED
DOC-0331,.kiro/specs/archived/2025-completed/isar-testing-fix/requirements.md,متطلبات إصلاح مشكلة Isar في الاختبارات - بصير MVP,SPECIFICATION,.kiro/specs/archived/2025-completed/isar-testing-fix,11848,ARCHIVED_CANDIDATE,2026-01-15T13:07:43+03:00,cc1606aa007799d428d096e69c8f3b708202ce77,Flutter UI / UX; Testing,.kiro/specs/active/basir_master_specification/04_UI_DESIGN_SYSTEM.md,See traceability matrix; not inferred from pathname alone,UNASSIGNED
DOC-0332,.kiro/specs/archived/2025-completed/isar-testing-fix/tasks.md,مهام إصلاح مشكلة Isar في الاختبارات - بصير MVP,SPECIFICATION,.kiro/specs/archived/2025-completed/isar-testing-fix,16768,ARCHIVED_CANDIDATE,2026-01-15T13:07:43+03:00,cc1606aa007799d428d096e69c8f3b708202ce77,Testing,,See traceability matrix; not inferred from pathname alone,UNASSIGNED
DOC-0333,.kiro/specs/archived/2025-completed/release-management/README.md,نظام إدارة الإصدارات (Release Management System),SPECIFICATION,.kiro/specs/archived/2025-completed/release-management,3732,ARCHIVED_CANDIDATE,2026-01-15T13:07:43+03:00,cc1606aa007799d428d096e69c8f3b708202ce77,Cross-cutting / undetermined,,See traceability matrix; not inferred from pathname alone,UNASSIGNED
DOC-0334,.kiro/specs/archived/2025-completed/release-management/design.md,تصميم نظام إدارة الإصدارات (Release Management),SPECIFICATION,.kiro/specs/archived/2025-completed/release-management,19363,ARCHIVED_CANDIDATE,2026-01-15T13:07:43+03:00,cc1606aa007799d428d096e69c8f3b708202ce77,Cross-cutting / undetermined,.kiro/specs/active/basir_master_specification/04_UI_DESIGN_SYSTEM.md,See traceability matrix; not inferred from pathname alone,UNASSIGNED
DOC-0335,.kiro/specs/archived/2025-completed/release-management/requirements.md,متطلبات نظام إدارة الإصدارات (Release Management),SPECIFICATION,.kiro/specs/archived/2025-completed/release-management,12355,ARCHIVED_CANDIDATE,2026-01-15T13:07:43+03:00,cc1606aa007799d428d096e69c8f3b708202ce77,Flutter UI / UX,.kiro/specs/active/basir_master_specification/04_UI_DESIGN_SYSTEM.md,See traceability matrix; not inferred from pathname alone,UNASSIGNED
DOC-0336,.kiro/specs/archived/2025-completed/release-management/tasks.md,مهام نظام إدارة الإصدارات (Release Management),SPECIFICATION,.kiro/specs/archived/2025-completed/release-management,11739,ARCHIVED_CANDIDATE,2026-01-15T13:07:43+03:00,cc1606aa007799d428d096e69c8f3b708202ce77,Cross-cutting / undetermined,,See traceability matrix; not inferred from pathname alone,UNASSIGNED
DOC-0337,.kiro/specs/archived/2025-completed/repository-cleanup-organization/README.md,مواصفة تنظيف وإعادة هيكلة المستودع الضخم - محسنة ومطورة,SPECIFICATION,.kiro/specs/archived/2025-completed/repository-cleanup-organization,5153,ARCHIVED_CANDIDATE,2026-01-15T13:07:43+03:00,cc1606aa007799d428d096e69c8f3b708202ce77,Cross-cutting / undetermined,,See traceability matrix; not inferred from pathname alone,UNASSIGNED
DOC-0338,.kiro/specs/archived/2025-completed/repository-cleanup-organization/requirements.md,,SPECIFICATION,.kiro/specs/archived/2025-completed/repository-cleanup-organization,0,ARCHIVED_CANDIDATE,2026-01-15T13:07:43+03:00,cc1606aa007799d428d096e69c8f3b708202ce77,Flutter UI / UX,.kiro/specs/active/basir_master_specification/04_UI_DESIGN_SYSTEM.md,See traceability matrix; not inferred from pathname alone,UNASSIGNED
DOC-0339,.kiro/specs/archived/2025-completed/repository-cleanup-organization/spec.md,مواصفة تنظيف وإعادة هيكلة المستودع الضخم,SPECIFICATION,.kiro/specs/archived/2025-completed/repository-cleanup-organization,14340,ARCHIVED_CANDIDATE,2026-01-15T13:07:43+03:00,cc1606aa007799d428d096e69c8f3b708202ce77,Cross-cutting / undetermined,,See traceability matrix; not inferred from pathname alone,UNASSIGNED
DOC-0340,.kiro/specs/archived/2025-completed/repository-cleanup-organization/tasks.md,قائمة المهام المحدثة - تنظيف وإعادة هيكلة المستودع الضخم,SPECIFICATION,.kiro/specs/archived/2025-completed/repository-cleanup-organization,63069,ARCHIVED_CANDIDATE,2026-01-15T13:07:43+03:00,cc1606aa007799d428d096e69c8f3b708202ce77,Cross-cutting / undetermined,,See traceability matrix; not inferred from pathname alone,UNASSIGNED
DOC-0341,.kiro/specs/archived/2025-completed/repository-optimization/INDEX.md,فهرس مواصفات تحسين المستودع الشامل,SPECIFICATION,.kiro/specs/archived/2025-completed/repository-optimization,12913,ARCHIVED_CANDIDATE,2026-01-15T13:07:43+03:00,cc1606aa007799d428d096e69c8f3b708202ce77,Cross-cutting / undetermined,,See traceability matrix; not inferred from pathname alone,UNASSIGNED
DOC-0342,.kiro/specs/archived/2025-completed/repository-optimization/README.md,مساحة تحسين المستودع الشاملة,SPECIFICATION,.kiro/specs/archived/2025-completed/repository-optimization,9043,ARCHIVED_CANDIDATE,2026-01-15T13:07:43+03:00,cc1606aa007799d428d096e69c8f3b708202ce77,Cross-cutting / undetermined,,See traceability matrix; not inferred from pathname alone,UNASSIGNED
DOC-0343,.kiro/specs/archived/2025-completed/repository-optimization/REORGANIZATION_REPORT.md,Repository Optimization Workspace Reorganization Report,SPECIFICATION,.kiro/specs/archived/2025-completed/repository-optimization,7622,ARCHIVED_CANDIDATE,2026-01-15T13:07:43+03:00,cc1606aa007799d428d096e69c8f3b708202ce77,Cross-cutting / undetermined,,See traceability matrix; not inferred from pathname alone,UNASSIGNED
DOC-0344,.kiro/specs/archived/2025-completed/repository-optimization/code-quality/design.md,Design Document - تحسينات جودة الكود,SPECIFICATION,.kiro/specs/archived/2025-completed/repository-optimization/code-quality,14529,ARCHIVED_CANDIDATE,2026-01-15T13:07:43+03:00,cc1606aa007799d428d096e69c8f3b708202ce77,Cross-cutting / undetermined,.kiro/specs/active/basir_master_specification/04_UI_DESIGN_SYSTEM.md,See traceability matrix; not inferred from pathname alone,UNASSIGNED
DOC-0345,.kiro/specs/archived/2025-completed/repository-optimization/code-quality/requirements.md,Requirements Document - تحسينات جودة الكود,SPECIFICATION,.kiro/specs/archived/2025-completed/repository-optimization/code-quality,9969,ARCHIVED_CANDIDATE,2026-01-15T13:07:43+03:00,cc1606aa007799d428d096e69c8f3b708202ce77,Flutter UI / UX,.kiro/specs/active/basir_master_specification/04_UI_DESIGN_SYSTEM.md,See traceability matrix; not inferred from pathname alone,UNASSIGNED
DOC-0346,.kiro/specs/archived/2025-completed/repository-optimization/code-quality/tasks.md,Implementation Plan - تحسينات جودة الكود,SPECIFICATION,.kiro/specs/archived/2025-completed/repository-optimization/code-quality,6614,ARCHIVED_CANDIDATE,2026-01-15T13:07:43+03:00,cc1606aa007799d428d096e69c8f3b708202ce77,Cross-cutting / undetermined,,See traceability matrix; not inferred from pathname alone,UNASSIGNED
DOC-0347,.kiro/specs/archived/2025-completed/repository-optimization/documentation/CHANGELOG.md,Changelog - نظام التوثيق الشامل,SPECIFICATION,.kiro/specs/archived/2025-completed/repository-optimization/documentation,8416,ARCHIVED_CANDIDATE,2026-01-15T13:07:43+03:00,cc1606aa007799d428d096e69c8f3b708202ce77,Cross-cutting / undetermined,,See traceability matrix; not inferred from pathname alone,UNASSIGNED
DOC-0348,.kiro/specs/archived/2025-completed/repository-optimization/documentation/CHECKPOINT_12_FINAL.md,Checkpoint 12 - Final Checkpoint Report,SPECIFICATION,.kiro/specs/archived/2025-completed/repository-optimization/documentation,3911,ARCHIVED_CANDIDATE,2026-01-15T13:07:43+03:00,cc1606aa007799d428d096e69c8f3b708202ce77,Cross-cutting / undetermined,,See traceability matrix; not inferred from pathname alone,UNASSIGNED
DOC-0349,.kiro/specs/archived/2025-completed/repository-optimization/documentation/CI_CD_IMPLEMENTATION_SUMMARY.md,CI/CD Integration Implementation Summary,SPECIFICATION,.kiro/specs/archived/2025-completed/repository-optimization/documentation,8494,ARCHIVED_CANDIDATE,2026-01-15T13:07:43+03:00,cc1606aa007799d428d096e69c8f3b708202ce77,Delivery / operations,,See traceability matrix; not inferred from pathname alone,UNASSIGNED
DOC-0350,.kiro/specs/archived/2025-completed/repository-optimization/documentation/EXAMPLES.md,أمثلة عملية - نظام التوثيق الشامل,SPECIFICATION,.kiro/specs/archived/2025-completed/repository-optimization/documentation,22243,ARCHIVED_CANDIDATE,2026-01-15T13:07:43+03:00,cc1606aa007799d428d096e69c8f3b708202ce77,Cross-cutting / undetermined,,See traceability matrix; not inferred from pathname alone,UNASSIGNED
DOC-0351,.kiro/specs/archived/2025-completed/repository-optimization/documentation/USER_GUIDE.md,دليل المستخدم - نظام التوثيق الشامل,SPECIFICATION,.kiro/specs/archived/2025-completed/repository-optimization/documentation,13538,ARCHIVED_CANDIDATE,2026-01-15T13:07:43+03:00,cc1606aa007799d428d096e69c8f3b708202ce77,Flutter UI / UX,.kiro/specs/active/basir_master_specification/04_UI_DESIGN_SYSTEM.md,See traceability matrix; not inferred from pathname alone,UNASSIGNED
DOC-0352,.kiro/specs/archived/2025-completed/repository-optimization/documentation/design.md,Design Document - نظام التوثيق الشامل,SPECIFICATION,.kiro/specs/archived/2025-completed/repository-optimization/documentation,11864,ARCHIVED_CANDIDATE,2026-01-15T13:07:43+03:00,cc1606aa007799d428d096e69c8f3b708202ce77,Cross-cutting / undetermined,.kiro/specs/active/basir_master_specification/04_UI_DESIGN_SYSTEM.md,See traceability matrix; not inferred from pathname alone,UNASSIGNED
DOC-0353,.kiro/specs/archived/2025-completed/repository-optimization/documentation/requirements.md,Requirements Document - نظام التوثيق الشامل,SPECIFICATION,.kiro/specs/archived/2025-completed/repository-optimization/documentation,3683,ARCHIVED_CANDIDATE,2026-01-15T13:07:43+03:00,cc1606aa007799d428d096e69c8f3b708202ce77,Flutter UI / UX,.kiro/specs/active/basir_master_specification/04_UI_DESIGN_SYSTEM.md,See traceability matrix; not inferred from pathname alone,UNASSIGNED
DOC-0354,.kiro/specs/archived/2025-completed/repository-optimization/documentation/tasks.md,Implementation Plan - نظام التوثيق الشامل,SPECIFICATION,.kiro/specs/archived/2025-completed/repository-optimization/documentation,6668,ARCHIVED_CANDIDATE,2026-01-15T13:07:43+03:00,cc1606aa007799d428d096e69c8f3b708202ce77,Cross-cutting / undetermined,,See traceability matrix; not inferred from pathname alone,UNASSIGNED
DOC-0355,.kiro/specs/archived/2025-completed/repository-optimization/error-tracking/BEST_PRACTICES_AUDIT.md,تقرير مراجعة أفضل الممارسات العالمية,SPECIFICATION,.kiro/specs/archived/2025-completed/repository-optimization/error-tracking,13676,ARCHIVED_CANDIDATE,2026-01-15T13:07:43+03:00,cc1606aa007799d428d096e69c8f3b708202ce77,Cross-cutting / undetermined,,See traceability matrix; not inferred from pathname alone,UNASSIGNED
DOC-0356,.kiro/specs/archived/2025-completed/repository-optimization/error-tracking/FINAL_STATUS_REPORT.md,التقرير النهائي - مراجعة وتحديث مواصفات error-tracking-system,SPECIFICATION,.kiro/specs/archived/2025-completed/repository-optimization/error-tracking,10984,ARCHIVED_CANDIDATE,2026-01-15T13:07:43+03:00,cc1606aa007799d428d096e69c8f3b708202ce77,Cross-cutting / undetermined,,See traceability matrix; not inferred from pathname alone,UNASSIGNED
DOC-0357,.kiro/specs/archived/2025-completed/repository-optimization/error-tracking/GITHUB_WORKFLOWS_INTEGRATION.md,تكامل GitHub Workflows - تحديث شامل,SPECIFICATION,.kiro/specs/archived/2025-completed/repository-optimization/error-tracking,11521,ARCHIVED_CANDIDATE,2026-01-15T13:07:43+03:00,cc1606aa007799d428d096e69c8f3b708202ce77,Integration,.kiro/specs/active/basir_master_specification/07_INTEGRATION_PROTOCOLS.md,See traceability matrix; not inferred from pathname alone,UNASSIGNED
DOC-0358,.kiro/specs/archived/2025-completed/repository-optimization/error-tracking/REALITY_CHECK_ANALYSIS.md,تحليل الواقع الفعلي لمواصفات error-tracking-system,SPECIFICATION,.kiro/specs/archived/2025-completed/repository-optimization/error-tracking,10243,ARCHIVED_CANDIDATE,2026-01-15T13:07:43+03:00,cc1606aa007799d428d096e69c8f3b708202ce77,Cross-cutting / undetermined,,See traceability matrix; not inferred from pathname alone,UNASSIGNED
DOC-0359,.kiro/specs/archived/2025-completed/repository-optimization/error-tracking/SPECS_UPDATE_REPORT.md,تقرير تحديث المواصفات - نظام تتبع الأخطاء,SPECIFICATION,.kiro/specs/archived/2025-completed/repository-optimization/error-tracking,12166,ARCHIVED_CANDIDATE,2026-01-15T13:07:43+03:00,cc1606aa007799d428d096e69c8f3b708202ce77,Cross-cutting / undetermined,,See traceability matrix; not inferred from pathname alone,UNASSIGNED
DOC-0360,.kiro/specs/archived/2025-completed/repository-optimization/error-tracking/SYSTEM_VERIFICATION.md,تقرير التحقق من اكتمال منظومة إدارة الأخطاء والسجلات,SPECIFICATION,.kiro/specs/archived/2025-completed/repository-optimization/error-tracking,10278,ARCHIVED_CANDIDATE,2026-01-15T13:07:43+03:00,cc1606aa007799d428d096e69c8f3b708202ce77,Cross-cutting / undetermined,,See traceability matrix; not inferred from pathname alone,UNASSIGNED
DOC-0361,.kiro/specs/archived/2025-completed/repository-optimization/error-tracking/design.md,Design Document - نظام تتبع الأخطاء والسجلات,SPECIFICATION,.kiro/specs/archived/2025-completed/repository-optimization/error-tracking,38841,ARCHIVED_CANDIDATE,2026-01-15T13:07:43+03:00,cc1606aa007799d428d096e69c8f3b708202ce77,Cross-cutting / undetermined,.kiro/specs/active/basir_master_specification/04_UI_DESIGN_SYSTEM.md,See traceability matrix; not inferred from pathname alone,UNASSIGNED
DOC-0362,.kiro/specs/archived/2025-completed/repository-optimization/error-tracking/requirements.md,Requirements Document - نظام تتبع الأخطاء والسجلات,SPECIFICATION,.kiro/specs/archived/2025-completed/repository-optimization/error-tracking,13688,ARCHIVED_CANDIDATE,2026-01-15T13:07:43+03:00,cc1606aa007799d428d096e69c8f3b708202ce77,Flutter UI / UX,.kiro/specs/active/basir_master_specification/04_UI_DESIGN_SYSTEM.md,See traceability matrix; not inferred from pathname alone,UNASSIGNED
DOC-0363,.kiro/specs/archived/2025-completed/repository-optimization/error-tracking/requirements_v2.md,Requirements Document v2.0 - نظام تتبع الأخطاء (عملي وواقعي),SPECIFICATION,.kiro/specs/archived/2025-completed/repository-optimization/error-tracking,10140,ARCHIVED_CANDIDATE,2026-01-15T13:07:43+03:00,cc1606aa007799d428d096e69c8f3b708202ce77,Flutter UI / UX,.kiro/specs/active/basir_master_specification/04_UI_DESIGN_SYSTEM.md,See traceability matrix; not inferred from pathname alone,UNASSIGNED
DOC-0364,.kiro/specs/archived/2025-completed/repository-optimization/error-tracking/tasks.md,Implementation Plan - نظام تتبع الأخطاء والسجلات,SPECIFICATION,.kiro/specs/archived/2025-completed/repository-optimization/error-tracking,22002,ARCHIVED_CANDIDATE,2026-01-15T13:07:43+03:00,cc1606aa007799d428d096e69c8f3b708202ce77,Cross-cutting / undetermined,,See traceability matrix; not inferred from pathname alone,UNASSIGNED
DOC-0365,.kiro/specs/archived/2025-completed/repository-optimization/repository-audit/CHANGELOG.md,Changelog - Repository Comprehensive Audit,SPECIFICATION,.kiro/specs/archived/2025-completed/repository-optimization/repository-audit,8774,ARCHIVED_CANDIDATE,2026-01-15T13:07:43+03:00,cc1606aa007799d428d096e69c8f3b708202ce77,Cross-cutting / undetermined,,See traceability matrix; not inferred from pathname alone,UNASSIGNED
DOC-0366,.kiro/specs/archived/2025-completed/repository-optimization/repository-audit/README.md,Repository Comprehensive Audit - نظرة عامة,SPECIFICATION,.kiro/specs/archived/2025-completed/repository-optimization/repository-audit,8554,ARCHIVED_CANDIDATE,2026-01-15T13:07:43+03:00,cc1606aa007799d428d096e69c8f3b708202ce77,Cross-cutting / undetermined,,See traceability matrix; not inferred from pathname alone,UNASSIGNED
DOC-0367,.kiro/specs/archived/2025-completed/repository-optimization/repository-audit/action-items.md,قائمة المهام - Repository Comprehensive Audit,SPECIFICATION,.kiro/specs/archived/2025-completed/repository-optimization/repository-audit,12970,ARCHIVED_CANDIDATE,2026-01-15T13:07:43+03:00,cc1606aa007799d428d096e69c8f3b708202ce77,Cross-cutting / undetermined,,See traceability matrix; not inferred from pathname alone,UNASSIGNED
DOC-0368,.kiro/specs/archived/2025-completed/repository-optimization/repository-audit/requirements.md,Requirements Document - Repository Comprehensive Audit,SPECIFICATION,.kiro/specs/archived/2025-completed/repository-optimization/repository-audit,15124,ARCHIVED_CANDIDATE,2026-01-15T13:07:43+03:00,cc1606aa007799d428d096e69c8f3b708202ce77,Flutter UI / UX,.kiro/specs/active/basir_master_specification/04_UI_DESIGN_SYSTEM.md,See traceability matrix; not inferred from pathname alone,UNASSIGNED
DOC-0369,.kiro/specs/archived/2025-completed/steering-cleanup/ANALYSIS.md,تحليل حالة مجلد Steering,SPECIFICATION,.kiro/specs/archived/2025-completed/steering-cleanup,6531,ARCHIVED_CANDIDATE,2026-01-15T13:07:43+03:00,cc1606aa007799d428d096e69c8f3b708202ce77,Cross-cutting / undetermined,,See traceability matrix; not inferred from pathname alone,UNASSIGNED
DOC-0370,.kiro/specs/archived/2025-completed/steering-cleanup/ARCHIVE_RESTORATION_REPORT.md,تقرير استعادة الأرشيف,SPECIFICATION,.kiro/specs/archived/2025-completed/steering-cleanup,12314,ARCHIVED_CANDIDATE,2026-01-15T13:07:43+03:00,cc1606aa007799d428d096e69c8f3b708202ce77,Cross-cutting / undetermined,,See traceability matrix; not inferred from pathname alone,UNASSIGNED
DOC-0371,.kiro/specs/archived/2025-completed/steering-cleanup/CLEANUP_REPORT.md,تقرير تنظيف ملفات التوجيه,SPECIFICATION,.kiro/specs/archived/2025-completed/steering-cleanup,5245,ARCHIVED_CANDIDATE,2026-01-15T13:07:43+03:00,cc1606aa007799d428d096e69c8f3b708202ce77,Cross-cutting / undetermined,,See traceability matrix; not inferred from pathname alone,UNASSIGNED
DOC-0372,.kiro/specs/archived/2025-completed/steering-cleanup/COMPLETION_SUMMARY.md,ملخص إكمال تنظيف ملفات التوجيه,SPECIFICATION,.kiro/specs/archived/2025-completed/steering-cleanup,3586,ARCHIVED_CANDIDATE,2026-01-15T13:07:43+03:00,cc1606aa007799d428d096e69c8f3b708202ce77,Cross-cutting / undetermined,,See traceability matrix; not inferred from pathname alone,UNASSIGNED
DOC-0373,.kiro/specs/archived/2025-completed/steering-cleanup/EXECUTIVE_SUMMARY.md,الملخص التنفيذي: تنظيف مجلد Steering,SPECIFICATION,.kiro/specs/archived/2025-completed/steering-cleanup,1772,ARCHIVED_CANDIDATE,2026-01-15T13:07:43+03:00,cc1606aa007799d428d096e69c8f3b708202ce77,Cross-cutting / undetermined,,See traceability matrix; not inferred from pathname alone,UNASSIGNED
DOC-0374,.kiro/specs/archived/2025-completed/steering-cleanup/README.md,Spec: تنظيف وإعادة هيكلة مجلد Steering,SPECIFICATION,.kiro/specs/archived/2025-completed/steering-cleanup,2432,ARCHIVED_CANDIDATE,2026-01-15T13:07:43+03:00,cc1606aa007799d428d096e69c8f3b708202ce77,Cross-cutting / undetermined,,See traceability matrix; not inferred from pathname alone,UNASSIGNED
DOC-0375,.kiro/specs/archived/2025-completed/steering-cleanup/VERIFICATION_REPORT.md,تقرير التحقق النهائي من تنظيف ملفات التوجيه,SPECIFICATION,.kiro/specs/archived/2025-completed/steering-cleanup,6973,ARCHIVED_CANDIDATE,2026-01-15T13:07:43+03:00,cc1606aa007799d428d096e69c8f3b708202ce77,Cross-cutting / undetermined,,See traceability matrix; not inferred from pathname alone,UNASSIGNED
DOC-0376,.kiro/specs/archived/2025-completed/steering-cleanup/requirements.md,متطلبات تنظيف وإعادة هيكلة مجلد Steering,SPECIFICATION,.kiro/specs/archived/2025-completed/steering-cleanup,9396,ARCHIVED_CANDIDATE,2026-01-15T13:07:43+03:00,cc1606aa007799d428d096e69c8f3b708202ce77,Flutter UI / UX,.kiro/specs/active/basir_master_specification/04_UI_DESIGN_SYSTEM.md,See traceability matrix; not inferred from pathname alone,UNASSIGNED
DOC-0377,.kiro/specs/archived/2025-completed/steering-optimization/analysis-report.md,تقرير التحليل الشامل - ملفات التوجيه بصير MVP,SPECIFICATION,.kiro/specs/archived/2025-completed/steering-optimization,9148,ARCHIVED_CANDIDATE,2026-01-15T19:13:04+03:00,6b0932c51b94d7672b2f4bc4705d0d72275a42a2,Cross-cutting / undetermined,,See traceability matrix; not inferred from pathname alone,UNASSIGNED
DOC-0378,.kiro/specs/archived/2025-completed/steering-optimization/design.md,تصميم تحسين ملفات التوجيه - بصير MVP,SPECIFICATION,.kiro/specs/archived/2025-completed/steering-optimization,12679,ARCHIVED_CANDIDATE,2026-01-15T19:13:04+03:00,6b0932c51b94d7672b2f4bc4705d0d72275a42a2,Cross-cutting / undetermined,.kiro/specs/active/basir_master_specification/04_UI_DESIGN_SYSTEM.md,See traceability matrix; not inferred from pathname alone,UNASSIGNED
DOC-0379,.kiro/specs/archived/2025-completed/steering-optimization/requirements.md,متطلبات تحسين ملفات التوجيه - بصير MVP,SPECIFICATION,.kiro/specs/archived/2025-completed/steering-optimization,8285,ARCHIVED_CANDIDATE,2026-01-15T19:13:04+03:00,6b0932c51b94d7672b2f4bc4705d0d72275a42a2,Flutter UI / UX,.kiro/specs/active/basir_master_specification/04_UI_DESIGN_SYSTEM.md,See traceability matrix; not inferred from pathname alone,UNASSIGNED
DOC-0380,.kiro/specs/archived/2025-completed/steering-optimization/tasks.md,خطة تنفيذ تحسين ملفات التوجيه - بصير MVP,SPECIFICATION,.kiro/specs/archived/2025-completed/steering-optimization,9601,ARCHIVED_CANDIDATE,2026-01-15T19:13:04+03:00,6b0932c51b94d7672b2f4bc4705d0d72275a42a2,Cross-cutting / undetermined,,See traceability matrix; not inferred from pathname alone,UNASSIGNED
DOC-0381,.kiro/specs/archived/2025-completed/strategic-vision/design.md,Strategic Vision and Execution: Architectural Design,SPECIFICATION,.kiro/specs/archived/2025-completed/strategic-vision,13797,ARCHIVED_CANDIDATE,2026-01-15T13:07:43+03:00,cc1606aa007799d428d096e69c8f3b708202ce77,Cross-cutting / undetermined,.kiro/specs/active/basir_master_specification/04_UI_DESIGN_SYSTEM.md,See traceability matrix; not inferred from pathname alone,UNASSIGNED
DOC-0382,.kiro/specs/archived/2025-completed/strategic-vision/requirements.md,Requirements Document: Strategic Vision and Execution,SPECIFICATION,.kiro/specs/archived/2025-completed/strategic-vision,12045,ARCHIVED_CANDIDATE,2026-01-15T13:07:43+03:00,cc1606aa007799d428d096e69c8f3b708202ce77,Flutter UI / UX,.kiro/specs/active/basir_master_specification/04_UI_DESIGN_SYSTEM.md,See traceability matrix; not inferred from pathname alone,UNASSIGNED
DOC-0383,.kiro/specs/archived/2025-completed/strategic-vision/tasks.md,Strategic Vision and Execution: Task Checklist,SPECIFICATION,.kiro/specs/archived/2025-completed/strategic-vision,8901,ARCHIVED_CANDIDATE,2026-01-15T13:07:43+03:00,cc1606aa007799d428d096e69c8f3b708202ce77,Cross-cutting / undetermined,,See traceability matrix; not inferred from pathname alone,UNASSIGNED
DOC-0384,.kiro/specs/archived/2025-completed/structure-optimization/README.md,مواصفة تحسين بنية STRUCTURE.md,SPECIFICATION,.kiro/specs/archived/2025-completed/structure-optimization,9775,ARCHIVED_CANDIDATE,2026-01-15T13:07:43+03:00,cc1606aa007799d428d096e69c8f3b708202ce77,Cross-cutting / undetermined,,See traceability matrix; not inferred from pathname alone,UNASSIGNED
DOC-0385,.kiro/specs/archived/2025-completed/structure-optimization/analysis-report.md,تقرير التحليل الهندسي العميق لملف STRUCTURE.md,SPECIFICATION,.kiro/specs/archived/2025-completed/structure-optimization,16448,ARCHIVED_CANDIDATE,2026-01-15T13:07:43+03:00,cc1606aa007799d428d096e69c8f3b708202ce77,Cross-cutting / undetermined,,See traceability matrix; not inferred from pathname alone,UNASSIGNED
DOC-0386,.kiro/specs/archived/2025-completed/structure-optimization/design.md,تصميم نظام تحسين بنية STRUCTURE.md,SPECIFICATION,.kiro/specs/archived/2025-completed/structure-optimization,25994,ARCHIVED_CANDIDATE,2026-01-15T13:07:43+03:00,cc1606aa007799d428d096e69c8f3b708202ce77,Cross-cutting / undetermined,.kiro/specs/active/basir_master_specification/04_UI_DESIGN_SYSTEM.md,See traceability matrix; not inferred from pathname alone,UNASSIGNED
DOC-0387,.kiro/specs/archived/2025-completed/structure-optimization/requirements.md,متطلبات تحسين بنية ملف STRUCTURE.md,SPECIFICATION,.kiro/specs/archived/2025-completed/structure-optimization,24104,ARCHIVED_CANDIDATE,2026-01-15T13:07:43+03:00,cc1606aa007799d428d096e69c8f3b708202ce77,Flutter UI / UX,.kiro/specs/active/basir_master_specification/04_UI_DESIGN_SYSTEM.md,See traceability matrix; not inferred from pathname alone,UNASSIGNED
DOC-0388,.kiro/specs/archived/2025-completed/structure-optimization/tasks.md,مهام تنفيذ نظام تحسين بنية STRUCTURE.md,SPECIFICATION,.kiro/specs/archived/2025-completed/structure-optimization,12108,ARCHIVED_CANDIDATE,2026-01-15T13:07:43+03:00,cc1606aa007799d428d096e69c8f3b708202ce77,Cross-cutting / undetermined,,See traceability matrix; not inferred from pathname alone,UNASSIGNED
DOC-0389,.kiro/specs/archived/2025-completed/test-failures-resolution/design.md,Design Document - إصلاح مشاكل الاختبارات,SPECIFICATION,.kiro/specs/archived/2025-completed/test-failures-resolution,10031,ARCHIVED_CANDIDATE,2026-01-15T13:07:43+03:00,cc1606aa007799d428d096e69c8f3b708202ce77,Testing,.kiro/specs/active/basir_master_specification/04_UI_DESIGN_SYSTEM.md,See traceability matrix; not inferred from pathname alone,UNASSIGNED
DOC-0390,.kiro/specs/archived/2025-completed/test-failures-resolution/requirements.md,Requirements Document - إصلاح مشاكل الاختبارات,SPECIFICATION,.kiro/specs/archived/2025-completed/test-failures-resolution,5253,ARCHIVED_CANDIDATE,2026-01-15T13:07:43+03:00,cc1606aa007799d428d096e69c8f3b708202ce77,Flutter UI / UX; Testing,.kiro/specs/active/basir_master_specification/04_UI_DESIGN_SYSTEM.md,See traceability matrix; not inferred from pathname alone,UNASSIGNED
DOC-0391,.kiro/specs/archived/2025-completed/test-failures-resolution/tasks.md,Implementation Plan - إصلاح مشاكل الاختبارات,SPECIFICATION,.kiro/specs/archived/2025-completed/test-failures-resolution,10254,ARCHIVED_CANDIDATE,2026-01-15T13:07:43+03:00,cc1606aa007799d428d096e69c8f3b708202ce77,Testing,,See traceability matrix; not inferred from pathname alone,UNASSIGNED
DOC-0392,.kiro/specs/archived/2025-completed/testing-integration/COVERAGE_PROGRESS.md,تقرير تقدم التغطية - المرحلة 1,SPECIFICATION,.kiro/specs/archived/2025-completed/testing-integration,2904,ARCHIVED_CANDIDATE,2026-01-15T13:07:43+03:00,cc1606aa007799d428d096e69c8f3b708202ce77,Testing; Integration,.kiro/specs/active/basir_master_specification/07_INTEGRATION_PROTOCOLS.md,See traceability matrix; not inferred from pathname alone,UNASSIGNED
DOC-0393,.kiro/specs/archived/2025-completed/testing-integration/FAILING_TESTS_FIX_PLAN.md,خطة إصلاح الاختبارات الفاشلة,SPECIFICATION,.kiro/specs/archived/2025-completed/testing-integration,8097,ARCHIVED_CANDIDATE,2026-01-15T13:07:43+03:00,cc1606aa007799d428d096e69c8f3b708202ce77,Testing; Integration,.kiro/specs/active/basir_master_specification/07_INTEGRATION_PROTOCOLS.md,See traceability matrix; not inferred from pathname alone,UNASSIGNED
DOC-0394,.kiro/specs/archived/2025-completed/testing-integration/PROGRESS_UPDATE.md,تقرير التقدم المحدث - نظام الاختبارات,SPECIFICATION,.kiro/specs/archived/2025-completed/testing-integration,7340,ARCHIVED_CANDIDATE,2026-01-15T13:07:43+03:00,cc1606aa007799d428d096e69c8f3b708202ce77,Testing; Integration,.kiro/specs/active/basir_master_specification/07_INTEGRATION_PROTOCOLS.md,See traceability matrix; not inferred from pathname alone,UNASSIGNED
DOC-0395,.kiro/specs/archived/2025-completed/testing-integration/TESTS_FIX_SUCCESS_REPORT.md,تقرير نجاح إصلاح الاختبارات الفاشلة,SPECIFICATION,.kiro/specs/archived/2025-completed/testing-integration,10813,ARCHIVED_CANDIDATE,2026-01-15T13:07:43+03:00,cc1606aa007799d428d096e69c8f3b708202ce77,Testing; Integration,.kiro/specs/active/basir_master_specification/07_INTEGRATION_PROTOCOLS.md,See traceability matrix; not inferred from pathname alone,UNASSIGNED
DOC-0396,.kiro/specs/archived/2025-completed/testing-integration/design.md,Design Document - نظام الاختبارات لتطبيق بصير,SPECIFICATION,.kiro/specs/archived/2025-completed/testing-integration,21989,ARCHIVED_CANDIDATE,2026-01-15T13:07:43+03:00,cc1606aa007799d428d096e69c8f3b708202ce77,Testing; Integration,.kiro/specs/active/basir_master_specification/04_UI_DESIGN_SYSTEM.md,See traceability matrix; not inferred from pathname alone,UNASSIGNED
DOC-0397,.kiro/specs/archived/2025-completed/testing-integration/requirements.md,Requirements Document - بناء نظام الاختبارات,SPECIFICATION,.kiro/specs/archived/2025-completed/testing-integration,10772,ARCHIVED_CANDIDATE,2026-01-15T13:07:43+03:00,cc1606aa007799d428d096e69c8f3b708202ce77,Flutter UI / UX; Testing; Integration,.kiro/specs/active/basir_master_specification/04_UI_DESIGN_SYSTEM.md,See traceability matrix; not inferred from pathname alone,UNASSIGNED
DOC-0398,.kiro/specs/archived/2025-completed/testing-integration/tasks.md,Implementation Plan - نظام الاختبارات,SPECIFICATION,.kiro/specs/archived/2025-completed/testing-integration,54215,ARCHIVED_CANDIDATE,2026-01-15T13:07:43+03:00,cc1606aa007799d428d096e69c8f3b708202ce77,Testing; Integration,.kiro/specs/active/basir_master_specification/07_INTEGRATION_PROTOCOLS.md,See traceability matrix; not inferred from pathname alone,UNASSIGNED
DOC-0399,.kiro/specs/archived/2025-completed/testing-system/COMPREHENSIVE_ANALYSIS_REPORT.md,تقرير التحليل الشامل - نظام الاختبارات,SPECIFICATION,.kiro/specs/archived/2025-completed/testing-system,12795,ARCHIVED_CANDIDATE,2026-01-15T13:07:43+03:00,cc1606aa007799d428d096e69c8f3b708202ce77,Testing,,See traceability matrix; not inferred from pathname alone,UNASSIGNED
DOC-0400,.kiro/specs/archived/2025-completed/testing-system/COVERAGE_ANALYSIS.md,تحليل التغطية - نظام الاختبارات,SPECIFICATION,.kiro/specs/archived/2025-completed/testing-system,9230,ARCHIVED_CANDIDATE,2026-01-15T13:07:43+03:00,cc1606aa007799d428d096e69c8f3b708202ce77,Testing,,See traceability matrix; not inferred from pathname alone,UNASSIGNED
DOC-0401,.kiro/specs/archived/2025-completed/testing-system/COVERAGE_FINAL_REPORT.md,تقرير التقدم النهائي - تحسين التغطية,SPECIFICATION,.kiro/specs/archived/2025-completed/testing-system,8072,ARCHIVED_CANDIDATE,2026-01-15T13:07:43+03:00,cc1606aa007799d428d096e69c8f3b708202ce77,Testing,,See traceability matrix; not inferred from pathname alone,UNASSIGNED
DOC-0402,.kiro/specs/archived/2025-completed/testing-system/COVERAGE_IMPROVEMENT_SUMMARY.md,ملخص تحسين التغطية - المراحل 1-3,SPECIFICATION,.kiro/specs/archived/2025-completed/testing-system,11321,ARCHIVED_CANDIDATE,2026-01-15T13:07:43+03:00,cc1606aa007799d428d096e69c8f3b708202ce77,Testing,,See traceability matrix; not inferred from pathname alone,UNASSIGNED
DOC-0403,.kiro/specs/archived/2025-completed/testing-system/CURRENT_SESSION_SUMMARY.md,ملخص الجلسة الحالية - 6 ديسمبر 2025,SPECIFICATION,.kiro/specs/archived/2025-completed/testing-system,7795,ARCHIVED_CANDIDATE,2026-01-15T13:07:43+03:00,cc1606aa007799d428d096e69c8f3b708202ce77,Testing,,See traceability matrix; not inferred from pathname alone,UNASSIGNED
DOC-0404,.kiro/specs/archived/2025-completed/testing-system/CUSTOMER_FORM_FINAL_STATUS.md,تقرير الحالة النهائية - اختبارات CustomerFormScreen,SPECIFICATION,.kiro/specs/archived/2025-completed/testing-system,7701,ARCHIVED_CANDIDATE,2026-01-15T13:07:43+03:00,cc1606aa007799d428d096e69c8f3b708202ce77,Testing,,See traceability matrix; not inferred from pathname alone,UNASSIGNED
DOC-0405,.kiro/specs/archived/2025-completed/testing-system/CUSTOMER_FORM_TESTS_FIX_REPORT.md,تقرير إصلاح اختبارات CustomerFormScreen,SPECIFICATION,.kiro/specs/archived/2025-completed/testing-system,6002,ARCHIVED_CANDIDATE,2026-01-15T13:07:43+03:00,cc1606aa007799d428d096e69c8f3b708202ce77,Testing,,See traceability matrix; not inferred from pathname alone,UNASSIGNED
DOC-0406,.kiro/specs/archived/2025-completed/testing-system/FAILING_TESTS_ANALYSIS.md,تحليل الاختبارات الفاشلة,SPECIFICATION,.kiro/specs/archived/2025-completed/testing-system,6433,ARCHIVED_CANDIDATE,2026-01-15T13:07:43+03:00,cc1606aa007799d428d096e69c8f3b708202ce77,Testing,,See traceability matrix; not inferred from pathname alone,UNASSIGNED
DOC-0407,.kiro/specs/archived/2025-completed/testing-system/FINAL_ACHIEVEMENT_REPORT.md,تقرير الإنجاز النهائي - نظام الاختبارات,SPECIFICATION,.kiro/specs/archived/2025-completed/testing-system,11755,ARCHIVED_CANDIDATE,2026-01-15T13:07:43+03:00,cc1606aa007799d428d096e69c8f3b708202ce77,Testing,,See traceability matrix; not inferred from pathname alone,UNASSIGNED
DOC-0408,.kiro/specs/archived/2025-completed/testing-system/FINAL_COMPREHENSIVE_STATUS.md,التقرير الشامل النهائي - نظام الاختبارات,SPECIFICATION,.kiro/specs/archived/2025-completed/testing-system,11256,ARCHIVED_CANDIDATE,2026-01-15T13:07:43+03:00,cc1606aa007799d428d096e69c8f3b708202ce77,Testing,,See traceability matrix; not inferred from pathname alone,UNASSIGNED
DOC-0409,.kiro/specs/archived/2025-completed/testing-system/FINAL_STATUS.md,الحالة النهائية - نظام الاختبارات,SPECIFICATION,.kiro/specs/archived/2025-completed/testing-system,6337,ARCHIVED_CANDIDATE,2026-01-15T13:07:43+03:00,cc1606aa007799d428d096e69c8f3b708202ce77,Testing,,See traceability matrix; not inferred from pathname alone,UNASSIGNED
DOC-0410,.kiro/specs/archived/2025-completed/testing-system/PHASE_3_COMPLETION_REPORT.md,Comprehensive Phase 3 Completion Report: Theme and Constants Testing,SPECIFICATION,.kiro/specs/archived/2025-completed/testing-system,5832,ARCHIVED_CANDIDATE,2026-01-15T13:07:43+03:00,cc1606aa007799d428d096e69c8f3b708202ce77,Testing,,See traceability matrix; not inferred from pathname alone,UNASSIGNED
DOC-0411,.kiro/specs/archived/2025-completed/testing-system/PROGRESS_REPORT.md,تقرير التقدم - إصلاح الاختبارات الفاشلة,SPECIFICATION,.kiro/specs/archived/2025-completed/testing-system,2675,ARCHIVED_CANDIDATE,2026-01-15T13:07:43+03:00,cc1606aa007799d428d096e69c8f3b708202ce77,Testing,,See traceability matrix; not inferred from pathname alone,UNASSIGNED
DOC-0412,.kiro/specs/archived/2025-completed/testing-system/SESSION_COMPLETION_REPORT.md,تقرير إكمال الجلسة - نظام الاختبارات,SPECIFICATION,.kiro/specs/archived/2025-completed/testing-system,12448,ARCHIVED_CANDIDATE,2026-01-15T13:07:43+03:00,cc1606aa007799d428d096e69c8f3b708202ce77,Testing,,See traceability matrix; not inferred from pathname alone,UNASSIGNED
DOC-0413,.kiro/specs/archived/2025-completed/testing-system/TESTING_SUCCESS_REPORT.md,Comprehensive Success Report: Testing Infrastructure,SPECIFICATION,.kiro/specs/archived/2025-completed/testing-system,7269,ARCHIVED_CANDIDATE,2026-01-15T13:07:43+03:00,cc1606aa007799d428d096e69c8f3b708202ce77,Testing,,See traceability matrix; not inferred from pathname alone,UNASSIGNED
DOC-0414,.kiro/specs/archived/2025-completed/widget-tests-fix/COMPLETION_REPORT.md,تقرير إكمال مشروع إصلاح اختبارات Widget - بصير MVP,SPECIFICATION,.kiro/specs/archived/2025-completed/widget-tests-fix,6268,ARCHIVED_CANDIDATE,2026-01-15T13:07:43+03:00,cc1606aa007799d428d096e69c8f3b708202ce77,Testing,.kiro/specs/active/basir_master_specification/04_UI_DESIGN_SYSTEM.md,See traceability matrix; not inferred from pathname alone,UNASSIGNED
DOC-0415,.kiro/specs/archived/2025-completed/widget-tests-fix/design.md,تصميم إصلاح اختبارات Widget - بصير MVP,SPECIFICATION,.kiro/specs/archived/2025-completed/widget-tests-fix,8652,ARCHIVED_CANDIDATE,2026-01-15T13:07:43+03:00,cc1606aa007799d428d096e69c8f3b708202ce77,Testing,.kiro/specs/active/basir_master_specification/04_UI_DESIGN_SYSTEM.md,See traceability matrix; not inferred from pathname alone,UNASSIGNED
DOC-0416,.kiro/specs/archived/2025-completed/widget-tests-fix/requirements.md,متطلبات إصلاح اختبارات Widget - بصير MVP,SPECIFICATION,.kiro/specs/archived/2025-completed/widget-tests-fix,5753,ARCHIVED_CANDIDATE,2026-01-15T13:07:43+03:00,cc1606aa007799d428d096e69c8f3b708202ce77,Flutter UI / UX; Testing,.kiro/specs/active/basir_master_specification/04_UI_DESIGN_SYSTEM.md,See traceability matrix; not inferred from pathname alone,UNASSIGNED
DOC-0417,.kiro/specs/archived/2025-completed/widget-tests-fix/tasks.md,مهام إصلاح اختبارات Widget - بصير MVP,SPECIFICATION,.kiro/specs/archived/2025-completed/widget-tests-fix,14029,ARCHIVED_CANDIDATE,2026-01-15T13:07:43+03:00,cc1606aa007799d428d096e69c8f3b708202ce77,Testing,.kiro/specs/active/basir_master_specification/04_UI_DESIGN_SYSTEM.md,See traceability matrix; not inferred from pathname alone,UNASSIGNED
DOC-0418,.kiro/specs/archived/analysis-reports-2025/CLEANUP_SUMMARY.md,ملخص التنظيف والتحسين,SPECIFICATION,.kiro/specs/archived/analysis-reports-2025,3711,ARCHIVED_CANDIDATE,2026-01-15T19:13:04+03:00,6b0932c51b94d7672b2f4bc4705d0d72275a42a2,Cross-cutting / undetermined,,See traceability matrix; not inferred from pathname alone,UNASSIGNED
DOC-0419,.kiro/specs/archived/analysis-reports-2025/COMPREHENSIVE_REVIEW_REPORT.md,تقرير المراجعة الشاملة لمشروع بصير MVP,SPECIFICATION,.kiro/specs/archived/analysis-reports-2025,20071,ARCHIVED_CANDIDATE,2026-01-15T19:13:04+03:00,6b0932c51b94d7672b2f4bc4705d0d72275a42a2,Cross-cutting / undetermined,,See traceability matrix; not inferred from pathname alone,UNASSIGNED
DOC-0420,.kiro/specs/archived/analysis-reports-2025/CURRENT_STATUS.md,الحالة الحالية للمشروع,SPECIFICATION,.kiro/specs/archived/analysis-reports-2025,10139,ARCHIVED_CANDIDATE,2026-01-15T19:13:04+03:00,6b0932c51b94d7672b2f4bc4705d0d72275a42a2,Cross-cutting / undetermined,,See traceability matrix; not inferred from pathname alone,UNASSIGNED
DOC-0421,.kiro/specs/archived/analysis-reports-2025/DOCUMENTATION_SYNC_STATUS.md,حالة تزامن الوثائق,SPECIFICATION,.kiro/specs/archived/analysis-reports-2025,1954,ARCHIVED_CANDIDATE,2026-01-15T19:13:04+03:00,6b0932c51b94d7672b2f4bc4705d0d72275a42a2,Cross-cutting / undetermined,.kiro/specs/active/basir_master_specification/07_INTEGRATION_PROTOCOLS.md,See traceability matrix; not inferred from pathname alone,UNASSIGNED
DOC-0422,.kiro/specs/archived/analysis-reports-2025/EXECUTIVE_REVIEW_SUMMARY.md,الملخص التنفيذي للمراجعة - مشروع بصير MVP,SPECIFICATION,.kiro/specs/archived/analysis-reports-2025,5949,ARCHIVED_CANDIDATE,2026-01-15T19:13:04+03:00,6b0932c51b94d7672b2f4bc4705d0d72275a42a2,Cross-cutting / undetermined,,See traceability matrix; not inferred from pathname alone,UNASSIGNED
DOC-0423,.kiro/specs/archived/analysis-reports-2025/EXECUTIVE_SUMMARY.md,الملخص التنفيذي - مشروع بصير MVP,SPECIFICATION,.kiro/specs/archived/analysis-reports-2025,7872,ARCHIVED_CANDIDATE,2026-01-15T19:13:04+03:00,6b0932c51b94d7672b2f4bc4705d0d72275a42a2,Cross-cutting / undetermined,,See traceability matrix; not inferred from pathname alone,UNASSIGNED
DOC-0424,.kiro/specs/archived/analysis-reports-2025/EXECUTIVE_SUMMARY_UPDATED.md,الملخص التنفيذي المحدث - 3 ديسمبر 2025,SPECIFICATION,.kiro/specs/archived/analysis-reports-2025,2900,ARCHIVED_CANDIDATE,2026-01-15T19:13:04+03:00,6b0932c51b94d7672b2f4bc4705d0d72275a42a2,Cross-cutting / undetermined,,See traceability matrix; not inferred from pathname alone,UNASSIGNED
DOC-0425,.kiro/specs/archived/analysis-reports-2025/PROGRESS_TRACKER.md,متتبع التقدم - مشروع بصير MVP,SPECIFICATION,.kiro/specs/archived/analysis-reports-2025,15405,ARCHIVED_CANDIDATE,2026-01-15T19:13:04+03:00,6b0932c51b94d7672b2f4bc4705d0d72275a42a2,Cross-cutting / undetermined,,See traceability matrix; not inferred from pathname alone,UNASSIGNED
DOC-0426,.kiro/specs/archived/analysis-reports-2025/REALITY_CHECK_REPORT.md,تقرير فحص الواقع الشامل - 11 ديسمبر 2025,SPECIFICATION,.kiro/specs/archived/analysis-reports-2025,8611,ARCHIVED_CANDIDATE,2026-01-15T19:13:04+03:00,6b0932c51b94d7672b2f4bc4705d0d72275a42a2,Cross-cutting / undetermined,,See traceability matrix; not inferred from pathname alone,UNASSIGNED
DOC-0427,.kiro/specs/archived/analysis-reports-2025/TRANSFORMATION_REPORT.md,تقرير التحول الجذري - إنقاذ إدارة المواصفات,SPECIFICATION,.kiro/specs/archived/analysis-reports-2025,18195,ARCHIVED_CANDIDATE,2026-01-15T19:13:04+03:00,6b0932c51b94d7672b2f4bc4705d0d72275a42a2,Cross-cutting / undetermined,,See traceability matrix; not inferred from pathname alone,UNASSIGNED
DOC-0428,.kiro/specs/archived/cleanup-reports/ANALYSIS_COMPLETE.md,Specs Directory Analysis - Complete,SPECIFICATION,.kiro/specs/archived/cleanup-reports,9812,ARCHIVED_CANDIDATE,2026-01-15T18:15:37+03:00,7dfb338ac9538a5c7e488ea0e94a6033eb150acf,Cross-cutting / undetermined,,See traceability matrix; not inferred from pathname alone,UNASSIGNED
DOC-0429,.kiro/specs/archived/cleanup-reports/CLEANUP_RESULTS.md,نتائج تنظيف مجلد المواصفات,SPECIFICATION,.kiro/specs/archived/cleanup-reports,7245,ARCHIVED_CANDIDATE,2026-01-15T18:15:37+03:00,7dfb338ac9538a5c7e488ea0e94a6033eb150acf,Cross-cutting / undetermined,,See traceability matrix; not inferred from pathname alone,UNASSIGNED
DOC-0430,.kiro/specs/archived/cleanup-reports/CLEANUP_SUMMARY.md,Specs Directory Cleanup - Executive Summary,SPECIFICATION,.kiro/specs/archived/cleanup-reports,6549,ARCHIVED_CANDIDATE,2026-01-15T18:15:37+03:00,7dfb338ac9538a5c7e488ea0e94a6033eb150acf,Cross-cutting / undetermined,,See traceability matrix; not inferred from pathname alone,UNASSIGNED
DOC-0431,.kiro/specs/archived/cleanup-reports/FINAL_STATUS.md,Specs Directory - Final Status Report,SPECIFICATION,.kiro/specs/archived/cleanup-reports,10487,ARCHIVED_CANDIDATE,2026-01-15T18:15:37+03:00,7dfb338ac9538a5c7e488ea0e94a6033eb150acf,Cross-cutting / undetermined,,See traceability matrix; not inferred from pathname alone,UNASSIGNED
DOC-0432,.kiro/specs/archived/cleanup-reports/SPECS_BLOAT_ANALYSIS.md,Specs Directory Bloat Analysis,SPECIFICATION,.kiro/specs/archived/cleanup-reports,10982,ARCHIVED_CANDIDATE,2026-01-15T18:15:37+03:00,7dfb338ac9538a5c7e488ea0e94a6033eb150acf,Cross-cutting / undetermined,,See traceability matrix; not inferred from pathname alone,UNASSIGNED
DOC-0433,.kiro/specs/archived/cleanup-reports/VISUAL_SUMMARY.md,Specs Directory Cleanup - Visual Summary,SPECIFICATION,.kiro/specs/archived/cleanup-reports,10737,ARCHIVED_CANDIDATE,2026-01-15T18:15:37+03:00,7dfb338ac9538a5c7e488ea0e94a6033eb150acf,Cross-cutting / undetermined,,See traceability matrix; not inferred from pathname alone,UNASSIGNED
DOC-0434,.kiro/specs/archived/meta-work/context-optimization/archive/COMPLIANCE_ASSESSMENT.md,تقرير تقييم الامتثال لمعايير Kiro الرسمية,SPECIFICATION,.kiro/specs/archived/meta-work/context-optimization/archive,8967,ARCHIVED_CANDIDATE,2026-01-15T13:07:43+03:00,cc1606aa007799d428d096e69c8f3b708202ce77,Cross-cutting / undetermined,.kiro/specs/active/basir_master_specification/06_COMPLIANCE_ENGINES.md,See traceability matrix; not inferred from pathname alone,UNASSIGNED
DOC-0435,.kiro/specs/archived/meta-work/context-optimization/archive/COMPLIANCE_ASSESSMENT_REPORT.md,تقرير تقييم الامتثال لمعايير Kiro الرسمية,SPECIFICATION,.kiro/specs/archived/meta-work/context-optimization/archive,12607,ARCHIVED_CANDIDATE,2026-01-15T13:07:43+03:00,cc1606aa007799d428d096e69c8f3b708202ce77,Cross-cutting / undetermined,.kiro/specs/active/basir_master_specification/06_COMPLIANCE_ENGINES.md,See traceability matrix; not inferred from pathname alone,UNASSIGNED
DOC-0436,.kiro/specs/archived/meta-work/context-optimization/archive/COMPREHENSIVE_COMPLIANCE_AUDIT.md,تقرير التدقيق الشامل للامتثال لمعايير Kiro الرسمية,SPECIFICATION,.kiro/specs/archived/meta-work/context-optimization/archive,16524,ARCHIVED_CANDIDATE,2026-01-15T13:07:43+03:00,cc1606aa007799d428d096e69c8f3b708202ce77,Cross-cutting / undetermined,.kiro/specs/active/basir_master_specification/06_COMPLIANCE_ENGINES.md,See traceability matrix; not inferred from pathname alone,UNASSIGNED
DOC-0437,.kiro/specs/archived/meta-work/context-optimization/archive/EXECUTIVE_SUMMARY.md,الملخص التنفيذي: تقييم الامتثال,SPECIFICATION,.kiro/specs/archived/meta-work/context-optimization/archive,2693,ARCHIVED_CANDIDATE,2026-01-15T13:07:43+03:00,cc1606aa007799d428d096e69c8f3b708202ce77,Cross-cutting / undetermined,,See traceability matrix; not inferred from pathname alone,UNASSIGNED
DOC-0438,.kiro/specs/archived/meta-work/context-optimization/archive/FINAL_CHECKPOINT.md,Checkpoint النهائي: تحسين إدارة السياق,SPECIFICATION,.kiro/specs/archived/meta-work/context-optimization/archive,17826,ARCHIVED_CANDIDATE,2026-01-15T13:07:43+03:00,cc1606aa007799d428d096e69c8f3b708202ce77,Cross-cutting / undetermined,,See traceability matrix; not inferred from pathname alone,UNASSIGNED
DOC-0439,.kiro/specs/archived/meta-work/context-optimization/archive/FINAL_COMPLIANCE_SUMMARY.md,الملخص النهائي لتقييم الامتثال,SPECIFICATION,.kiro/specs/archived/meta-work/context-optimization/archive,8612,ARCHIVED_CANDIDATE,2026-01-15T13:07:43+03:00,cc1606aa007799d428d096e69c8f3b708202ce77,Cross-cutting / undetermined,.kiro/specs/active/basir_master_specification/06_COMPLIANCE_ENGINES.md,See traceability matrix; not inferred from pathname alone,UNASSIGNED
DOC-0440,.kiro/specs/archived/meta-work/context-optimization/archive/IMPLEMENTATION_REPORT.md,تقرير تنفيذ تحسين إدارة السياق,SPECIFICATION,.kiro/specs/archived/meta-work/context-optimization/archive,8193,ARCHIVED_CANDIDATE,2026-01-15T13:07:43+03:00,cc1606aa007799d428d096e69c8f3b708202ce77,Cross-cutting / undetermined,,See traceability matrix; not inferred from pathname alone,UNASSIGNED
DOC-0441,.kiro/specs/archived/meta-work/context-optimization/archive/PHASE_1_COMPLETE.md,🎉 المرحلة الأولى مكتملة - تحسين إدارة السياق,SPECIFICATION,.kiro/specs/archived/meta-work/context-optimization/archive,11135,ARCHIVED_CANDIDATE,2026-01-15T13:07:43+03:00,cc1606aa007799d428d096e69c8f3b708202ce77,Cross-cutting / undetermined,,See traceability matrix; not inferred from pathname alone,UNASSIGNED
DOC-0442,.kiro/specs/archived/meta-work/context-optimization/archive/PHASE_8_COMPLETE.md,تقرير إكمال المرحلة 8: الترحيل والنشر,SPECIFICATION,.kiro/specs/archived/meta-work/context-optimization/archive,13585,ARCHIVED_CANDIDATE,2026-01-15T13:07:43+03:00,cc1606aa007799d428d096e69c8f3b708202ce77,Cross-cutting / undetermined,,See traceability matrix; not inferred from pathname alone,UNASSIGNED
DOC-0443,.kiro/specs/archived/meta-work/context-optimization/archive/PROGRESS_UPDATE.md,تحديث التقدم - تحسين إدارة السياق,SPECIFICATION,.kiro/specs/archived/meta-work/context-optimization/archive,12262,ARCHIVED_CANDIDATE,2026-01-15T13:07:43+03:00,cc1606aa007799d428d096e69c8f3b708202ce77,Cross-cutting / undetermined,,See traceability matrix; not inferred from pathname alone,UNASSIGNED
DOC-0444,.kiro/specs/archived/meta-work/context-optimization/archive/PROJECT_COMPLETE.md,🎉 مشروع تحسين إدارة السياق - مكتمل بنجاح,SPECIFICATION,.kiro/specs/archived/meta-work/context-optimization/archive,3685,ARCHIVED_CANDIDATE,2026-01-15T13:07:43+03:00,cc1606aa007799d428d096e69c8f3b708202ce77,Cross-cutting / undetermined,,See traceability matrix; not inferred from pathname alone,UNASSIGNED
DOC-0445,.kiro/specs/archived/meta-work/context-optimization/archive/README.md,أرشيف مشروع تحسين إدارة السياق,SPECIFICATION,.kiro/specs/archived/meta-work/context-optimization/archive,8538,ARCHIVED_CANDIDATE,2026-01-15T13:07:43+03:00,cc1606aa007799d428d096e69c8f3b708202ce77,Cross-cutting / undetermined,,See traceability matrix; not inferred from pathname alone,UNASSIGNED
DOC-0446,.kiro/specs/archived/meta-work/context-optimization/archive/TESTING_REPORT.md,تقرير الاختبار والتحقق - تحسين إدارة السياق,SPECIFICATION,.kiro/specs/archived/meta-work/context-optimization/archive,16923,ARCHIVED_CANDIDATE,2026-01-15T13:07:43+03:00,cc1606aa007799d428d096e69c8f3b708202ce77,Testing,,See traceability matrix; not inferred from pathname alone,UNASSIGNED
DOC-0447,.kiro/specs/archived/meta-work/context-optimization/archive/context-analysis-report.md,تقرير تحليل استخدام السياق,SPECIFICATION,.kiro/specs/archived/meta-work/context-optimization/archive,12306,ARCHIVED_CANDIDATE,2026-01-15T13:07:43+03:00,cc1606aa007799d428d096e69c8f3b708202ce77,Cross-cutting / undetermined,,See traceability matrix; not inferred from pathname alone,UNASSIGNED
DOC-0448,.kiro/specs/archived/meta-work/context-optimization/archive/design.md,Design Document: تحسين إدارة السياق,SPECIFICATION,.kiro/specs/archived/meta-work/context-optimization/archive,10739,ARCHIVED_CANDIDATE,2026-01-15T13:07:43+03:00,cc1606aa007799d428d096e69c8f3b708202ce77,Cross-cutting / undetermined,.kiro/specs/active/basir_master_specification/04_UI_DESIGN_SYSTEM.md,See traceability matrix; not inferred from pathname alone,UNASSIGNED
DOC-0449,.kiro/specs/archived/meta-work/context-optimization/archive/requirements.md,Requirements Document: تحسين إدارة السياق,SPECIFICATION,.kiro/specs/archived/meta-work/context-optimization/archive,6895,ARCHIVED_CANDIDATE,2026-01-15T13:07:43+03:00,cc1606aa007799d428d096e69c8f3b708202ce77,Flutter UI / UX,.kiro/specs/active/basir_master_specification/04_UI_DESIGN_SYSTEM.md,See traceability matrix; not inferred from pathname alone,UNASSIGNED
DOC-0450,.kiro/specs/archived/meta-work/context-optimization/archive/tasks.md,Implementation Plan: تحسين إدارة السياق,SPECIFICATION,.kiro/specs/archived/meta-work/context-optimization/archive,9357,ARCHIVED_CANDIDATE,2026-01-15T13:07:43+03:00,cc1606aa007799d428d096e69c8f3b708202ce77,Cross-cutting / undetermined,,See traceability matrix; not inferred from pathname alone,UNASSIGNED
DOC-0451,.kiro/specs/archived/meta-work/core-mvp-stabilization/implementation-plan.md,Core MVP Stabilization - Implementation Plan,SPECIFICATION,.kiro/specs/archived/meta-work/core-mvp-stabilization,16012,ARCHIVED_CANDIDATE,2026-01-15T13:07:43+03:00,cc1606aa007799d428d096e69c8f3b708202ce77,Cross-cutting / undetermined,,See traceability matrix; not inferred from pathname alone,UNASSIGNED
DOC-0452,.kiro/specs/archived/meta-work/core-mvp-stabilization/requirements.md,Core MVP Stabilization - Requirements Specification,SPECIFICATION,.kiro/specs/archived/meta-work/core-mvp-stabilization,15194,ARCHIVED_CANDIDATE,2026-01-15T13:07:43+03:00,cc1606aa007799d428d096e69c8f3b708202ce77,Flutter UI / UX,.kiro/specs/active/basir_master_specification/04_UI_DESIGN_SYSTEM.md,See traceability matrix; not inferred from pathname alone,UNASSIGNED
DOC-0453,.kiro/specs/archived/meta-work/core-mvp-stabilization/tasks.md,Core MVP Stabilization - Tasks Breakdown,SPECIFICATION,.kiro/specs/archived/meta-work/core-mvp-stabilization,18180,ARCHIVED_CANDIDATE,2026-01-15T13:07:43+03:00,cc1606aa007799d428d096e69c8f3b708202ce77,Cross-cutting / undetermined,,See traceability matrix; not inferred from pathname alone,UNASSIGNED
DOC-0454,.kiro/specs/archived/meta-work/documentation-reorganization/PROGRESS_REVIEW_REPORT.md,تقرير مراجعة التقدم - مواصفة documentation-reorganization,SPECIFICATION,.kiro/specs/archived/meta-work/documentation-reorganization,9272,ARCHIVED_CANDIDATE,2026-01-15T13:07:43+03:00,cc1606aa007799d428d096e69c8f3b708202ce77,Cross-cutting / undetermined,,See traceability matrix; not inferred from pathname alone,UNASSIGNED
DOC-0455,.kiro/specs/archived/meta-work/documentation-reorganization/TASKS_UPDATE_REPORT.md,تقرير تحديث المهام المكتملة والمحققة,SPECIFICATION,.kiro/specs/archived/meta-work/documentation-reorganization,15265,ARCHIVED_CANDIDATE,2026-01-15T13:07:43+03:00,cc1606aa007799d428d096e69c8f3b708202ce77,Cross-cutting / undetermined,,See traceability matrix; not inferred from pathname alone,UNASSIGNED
DOC-0456,.kiro/specs/archived/meta-work/documentation-reorganization/critical-risks-analysis.md,تحليل المخاطر الحرجة - إعادة تنظيم مجلد Documentation,SPECIFICATION,.kiro/specs/archived/meta-work/documentation-reorganization,13742,ARCHIVED_CANDIDATE,2026-01-15T13:07:43+03:00,cc1606aa007799d428d096e69c8f3b708202ce77,Cross-cutting / undetermined,,See traceability matrix; not inferred from pathname alone,UNASSIGNED
DOC-0457,.kiro/specs/archived/meta-work/documentation-reorganization/design.md,تصميم إعادة تنظيم مجلد Documentation,SPECIFICATION,.kiro/specs/archived/meta-work/documentation-reorganization,20206,ARCHIVED_CANDIDATE,2026-01-15T13:07:43+03:00,cc1606aa007799d428d096e69c8f3b708202ce77,Cross-cutting / undetermined,.kiro/specs/active/basir_master_specification/04_UI_DESIGN_SYSTEM.md,See traceability matrix; not inferred from pathname alone,UNASSIGNED
DOC-0458,.kiro/specs/archived/meta-work/documentation-reorganization/requirements.md,متطلبات إعادة تنظيم مجلد Documentation,SPECIFICATION,.kiro/specs/archived/meta-work/documentation-reorganization,16194,ARCHIVED_CANDIDATE,2026-01-15T13:07:43+03:00,cc1606aa007799d428d096e69c8f3b708202ce77,Flutter UI / UX,.kiro/specs/active/basir_master_specification/04_UI_DESIGN_SYSTEM.md,See traceability matrix; not inferred from pathname alone,UNASSIGNED
DOC-0459,.kiro/specs/archived/meta-work/documentation-reorganization/tasks.md,خطة تنفيذ إعادة تنظيم مجلد Documentation,SPECIFICATION,.kiro/specs/archived/meta-work/documentation-reorganization,17497,ARCHIVED_CANDIDATE,2026-01-15T13:07:43+03:00,cc1606aa007799d428d096e69c8f3b708202ce77,Cross-cutting / undetermined,,See traceability matrix; not inferred from pathname alone,UNASSIGNED
DOC-0460,.kiro/specs/archived/meta-work/flutter-standards-unification/README.md,Flutter/Dart Standards Unification,SPECIFICATION,.kiro/specs/archived/meta-work/flutter-standards-unification,15477,ARCHIVED_CANDIDATE,2026-01-15T13:07:43+03:00,cc1606aa007799d428d096e69c8f3b708202ce77,Cross-cutting / undetermined,,See traceability matrix; not inferred from pathname alone,UNASSIGNED
DOC-0461,.kiro/specs/archived/meta-work/flutter-standards-unification/design.md,Flutter/Dart Standards Unification - Technical Design,SPECIFICATION,.kiro/specs/archived/meta-work/flutter-standards-unification,32842,ARCHIVED_CANDIDATE,2026-01-15T13:07:43+03:00,cc1606aa007799d428d096e69c8f3b708202ce77,Cross-cutting / undetermined,.kiro/specs/active/basir_master_specification/04_UI_DESIGN_SYSTEM.md,See traceability matrix; not inferred from pathname alone,UNASSIGNED
DOC-0462,.kiro/specs/archived/meta-work/flutter-standards-unification/requirements.md,Flutter/Dart Standards Unification Requirements,SPECIFICATION,.kiro/specs/archived/meta-work/flutter-standards-unification,19282,ARCHIVED_CANDIDATE,2026-01-15T13:07:43+03:00,cc1606aa007799d428d096e69c8f3b708202ce77,Flutter UI / UX,.kiro/specs/active/basir_master_specification/04_UI_DESIGN_SYSTEM.md,See traceability matrix; not inferred from pathname alone,UNASSIGNED
DOC-0463,.kiro/specs/archived/meta-work/flutter-standards-unification/tasks.md,Flutter/Dart Standards Unification - Implementation Tasks,SPECIFICATION,.kiro/specs/archived/meta-work/flutter-standards-unification,37983,ARCHIVED_CANDIDATE,2026-01-15T13:07:43+03:00,cc1606aa007799d428d096e69c8f3b708202ce77,Cross-cutting / undetermined,,See traceability matrix; not inferred from pathname alone,UNASSIGNED
DOC-0464,.kiro/specs/archived/meta-work/git-merge-automation/design.md,Design Document - Basir MVP Final Merge Completion,SPECIFICATION,.kiro/specs/archived/meta-work/git-merge-automation,6589,ARCHIVED_CANDIDATE,2026-01-15T13:07:43+03:00,cc1606aa007799d428d096e69c8f3b708202ce77,Cross-cutting / undetermined,.kiro/specs/active/basir_master_specification/04_UI_DESIGN_SYSTEM.md,See traceability matrix; not inferred from pathname alone,UNASSIGNED
DOC-0465,.kiro/specs/archived/meta-work/git-merge-automation/requirements.md,Requirements Document - Basir MVP Final Merge Completion,SPECIFICATION,.kiro/specs/archived/meta-work/git-merge-automation,3828,ARCHIVED_CANDIDATE,2026-01-15T13:07:43+03:00,cc1606aa007799d428d096e69c8f3b708202ce77,Flutter UI / UX,.kiro/specs/active/basir_master_specification/04_UI_DESIGN_SYSTEM.md,See traceability matrix; not inferred from pathname alone,UNASSIGNED
DOC-0466,.kiro/specs/archived/meta-work/git-merge-automation/tasks.md,Implementation Plan - Basir MVP Final Merge Completion,SPECIFICATION,.kiro/specs/archived/meta-work/git-merge-automation,9690,ARCHIVED_CANDIDATE,2026-01-15T13:07:43+03:00,cc1606aa007799d428d096e69c8f3b708202ce77,Cross-cutting / undetermined,,See traceability matrix; not inferred from pathname alone,UNASSIGNED
DOC-0467,.kiro/specs/archived/meta-work/mvp-reality-assessment-and-recovery/implementation-plan.md,Detailed Implementation Plan: MVP Reality Assessment and Recovery,SPECIFICATION,.kiro/specs/archived/meta-work/mvp-reality-assessment-and-recovery,8362,ARCHIVED_CANDIDATE,2026-01-15T13:07:43+03:00,cc1606aa007799d428d096e69c8f3b708202ce77,Cross-cutting / undetermined,,See traceability matrix; not inferred from pathname alone,UNASSIGNED
DOC-0468,.kiro/specs/archived/meta-work/mvp-reality-assessment-and-recovery/phase-2-4-completion-summary.md,Phase 2.4 Completion Summary - MVP Reality Assessment,SPECIFICATION,.kiro/specs/archived/meta-work/mvp-reality-assessment-and-recovery,5092,ARCHIVED_CANDIDATE,2026-01-15T13:07:43+03:00,cc1606aa007799d428d096e69c8f3b708202ce77,Cross-cutting / undetermined,,See traceability matrix; not inferred from pathname alone,UNASSIGNED
DOC-0469,.kiro/specs/archived/meta-work/mvp-reality-assessment-and-recovery/phase-2-4-test-fixes.md,Phase 2.4: Test Infrastructure Fixes - Implementation Plan,SPECIFICATION,.kiro/specs/archived/meta-work/mvp-reality-assessment-and-recovery,5708,ARCHIVED_CANDIDATE,2026-01-15T13:07:43+03:00,cc1606aa007799d428d096e69c8f3b708202ce77,Testing,,See traceability matrix; not inferred from pathname alone,UNASSIGNED
DOC-0470,.kiro/specs/archived/meta-work/mvp-reality-assessment-and-recovery/phase-3-implementation-plan.md,Phase 3 Implementation Plan: Verification and Polishing,SPECIFICATION,.kiro/specs/archived/meta-work/mvp-reality-assessment-and-recovery,13400,ARCHIVED_CANDIDATE,2026-01-15T13:07:43+03:00,cc1606aa007799d428d096e69c8f3b708202ce77,Cross-cutting / undetermined,,See traceability matrix; not inferred from pathname alone,UNASSIGNED
DOC-0471,.kiro/specs/archived/meta-work/mvp-reality-assessment-and-recovery/phase-3-requirements.md,Phase 3 Requirements: Verification and Polishing,SPECIFICATION,.kiro/specs/archived/meta-work/mvp-reality-assessment-and-recovery,11671,ARCHIVED_CANDIDATE,2026-01-15T13:07:43+03:00,cc1606aa007799d428d096e69c8f3b708202ce77,Flutter UI / UX,.kiro/specs/active/basir_master_specification/04_UI_DESIGN_SYSTEM.md,See traceability matrix; not inferred from pathname alone,UNASSIGNED
DOC-0472,.kiro/specs/archived/meta-work/mvp-reality-assessment-and-recovery/progress-tracking.md,Progress Tracking: MVP Reality Assessment and Recovery,SPECIFICATION,.kiro/specs/archived/meta-work/mvp-reality-assessment-and-recovery,9703,ARCHIVED_CANDIDATE,2026-01-15T13:07:43+03:00,cc1606aa007799d428d096e69c8f3b708202ce77,Cross-cutting / undetermined,,See traceability matrix; not inferred from pathname alone,UNASSIGNED
DOC-0473,.kiro/specs/archived/meta-work/mvp-reality-assessment-and-recovery/requirements.md,MVP Reality Assessment and Recovery Plan Specification,SPECIFICATION,.kiro/specs/archived/meta-work/mvp-reality-assessment-and-recovery,11329,ARCHIVED_CANDIDATE,2026-01-15T13:07:43+03:00,cc1606aa007799d428d096e69c8f3b708202ce77,Flutter UI / UX,.kiro/specs/active/basir_master_specification/04_UI_DESIGN_SYSTEM.md,See traceability matrix; not inferred from pathname alone,UNASSIGNED
DOC-0474,.kiro/specs/archived/meta-work/mvp-reality-assessment-and-recovery/tasks.md,Task Checklist: MVP Reality Assessment and Recovery,SPECIFICATION,.kiro/specs/archived/meta-work/mvp-reality-assessment-and-recovery,6717,ARCHIVED_CANDIDATE,2026-01-15T13:07:43+03:00,cc1606aa007799d428d096e69c8f3b708202ce77,Cross-cutting / undetermined,,See traceability matrix; not inferred from pathname alone,UNASSIGNED
DOC-0475,.kiro/specs/archived/meta-work/repository-deep-cleanup/design.md,تصميم نظام التنظيف العميق للمستودع,SPECIFICATION,.kiro/specs/archived/meta-work/repository-deep-cleanup,12439,ARCHIVED_CANDIDATE,2026-01-15T13:07:43+03:00,cc1606aa007799d428d096e69c8f3b708202ce77,Cross-cutting / undetermined,.kiro/specs/active/basir_master_specification/04_UI_DESIGN_SYSTEM.md,See traceability matrix; not inferred from pathname alone,UNASSIGNED
DOC-0476,.kiro/specs/archived/meta-work/repository-deep-cleanup/requirements.md,Requirements Document,SPECIFICATION,.kiro/specs/archived/meta-work/repository-deep-cleanup,10418,ARCHIVED_CANDIDATE,2026-01-15T13:07:43+03:00,cc1606aa007799d428d096e69c8f3b708202ce77,Flutter UI / UX,.kiro/specs/active/basir_master_specification/04_UI_DESIGN_SYSTEM.md,See traceability matrix; not inferred from pathname alone,UNASSIGNED
DOC-0477,.kiro/specs/archived/meta-work/repository-deep-cleanup/tasks.md,خطة تحسين وصيانة المستودع (Repository Maintenance Plan),SPECIFICATION,.kiro/specs/archived/meta-work/repository-deep-cleanup,5803,ARCHIVED_CANDIDATE,2026-01-15T13:07:43+03:00,cc1606aa007799d428d096e69c8f3b708202ce77,Cross-cutting / undetermined,,See traceability matrix; not inferred from pathname alone,UNASSIGNED
DOC-0478,.kiro/specs/archived/meta-work/repository-excellence-framework/design-updated.md,وثيقة التصميم المحدثة - إطار التميز للمستودع,SPECIFICATION,.kiro/specs/archived/meta-work/repository-excellence-framework,34296,ARCHIVED_CANDIDATE,2026-01-15T13:07:43+03:00,cc1606aa007799d428d096e69c8f3b708202ce77,Cross-cutting / undetermined,.kiro/specs/active/basir_master_specification/04_UI_DESIGN_SYSTEM.md,See traceability matrix; not inferred from pathname alone,UNASSIGNED
DOC-0479,.kiro/specs/archived/meta-work/repository-excellence-framework/design.md,وثيقة التصميم - إطار التميز للمستودع,SPECIFICATION,.kiro/specs/archived/meta-work/repository-excellence-framework,26699,ARCHIVED_CANDIDATE,2026-01-15T13:07:43+03:00,cc1606aa007799d428d096e69c8f3b708202ce77,Cross-cutting / undetermined,.kiro/specs/active/basir_master_specification/04_UI_DESIGN_SYSTEM.md,See traceability matrix; not inferred from pathname alone,UNASSIGNED
DOC-0480,.kiro/specs/archived/meta-work/repository-excellence-framework/requirements.md,Requirements Document,SPECIFICATION,.kiro/specs/archived/meta-work/repository-excellence-framework,15819,ARCHIVED_CANDIDATE,2026-01-15T13:07:43+03:00,cc1606aa007799d428d096e69c8f3b708202ce77,Flutter UI / UX,.kiro/specs/active/basir_master_specification/04_UI_DESIGN_SYSTEM.md,See traceability matrix; not inferred from pathname alone,UNASSIGNED
DOC-0481,.kiro/specs/archived/meta-work/repository-excellence-framework/tasks.md,خطة التنفيذ: إطار التميز للمستودع,SPECIFICATION,.kiro/specs/archived/meta-work/repository-excellence-framework,18736,ARCHIVED_CANDIDATE,2026-01-15T13:07:43+03:00,cc1606aa007799d428d096e69c8f3b708202ce77,Cross-cutting / undetermined,,See traceability matrix; not inferred from pathname alone,UNASSIGNED
DOC-0482,.kiro/specs/archived/meta-work/strategic-framework/design.md,تصميم الإطار الاستراتيجي الشامل - مشروع بصير,SPECIFICATION,.kiro/specs/archived/meta-work/strategic-framework,18230,ARCHIVED_CANDIDATE,2026-01-15T13:07:43+03:00,cc1606aa007799d428d096e69c8f3b708202ce77,Cross-cutting / undetermined,.kiro/specs/active/basir_master_specification/04_UI_DESIGN_SYSTEM.md,See traceability matrix; not inferred from pathname alone,UNASSIGNED
DOC-0483,.kiro/specs/archived/meta-work/strategic-framework/index.md,الفهرس الشامل للإطار الاستراتيجي - مشروع بصير,SPECIFICATION,.kiro/specs/archived/meta-work/strategic-framework,21308,ARCHIVED_CANDIDATE,2026-01-15T13:07:43+03:00,cc1606aa007799d428d096e69c8f3b708202ce77,Cross-cutting / undetermined,,See traceability matrix; not inferred from pathname alone,UNASSIGNED
DOC-0484,.kiro/specs/archived/meta-work/strategic-framework/phase-0-inception/0.1-concept-note.md,مذكرة المفهوم - مشروع بصير,SPECIFICATION,.kiro/specs/archived/meta-work/strategic-framework/phase-0-inception,13828,ARCHIVED_CANDIDATE,2026-01-15T13:07:43+03:00,cc1606aa007799d428d096e69c8f3b708202ce77,Cross-cutting / undetermined,,See traceability matrix; not inferred from pathname alone,UNASSIGNED
DOC-0485,.kiro/specs/archived/meta-work/strategic-framework/phase-0-inception/0.4-problem-statement.md,بيان المشكلة - مشروع بصير,SPECIFICATION,.kiro/specs/archived/meta-work/strategic-framework/phase-0-inception,17795,ARCHIVED_CANDIDATE,2026-01-15T13:07:43+03:00,cc1606aa007799d428d096e69c8f3b708202ce77,Cross-cutting / undetermined,,See traceability matrix; not inferred from pathname alone,UNASSIGNED
DOC-0486,.kiro/specs/archived/meta-work/strategic-framework/requirements.md,متطلبات الإطار الاستراتيجي الشامل - مشروع بصير,SPECIFICATION,.kiro/specs/archived/meta-work/strategic-framework,12337,ARCHIVED_CANDIDATE,2026-01-15T13:07:43+03:00,cc1606aa007799d428d096e69c8f3b708202ce77,Flutter UI / UX,.kiro/specs/active/basir_master_specification/04_UI_DESIGN_SYSTEM.md,See traceability matrix; not inferred from pathname alone,UNASSIGNED
DOC-0487,.kiro/specs/archived/meta-work/strategic-framework/tasks.md,خطة تنفيذ الإطار الاستراتيجي الشامل - مشروع بصير,SPECIFICATION,.kiro/specs/archived/meta-work/strategic-framework,53028,ARCHIVED_CANDIDATE,2026-01-15T13:07:43+03:00,cc1606aa007799d428d096e69c8f3b708202ce77,Cross-cutting / undetermined,,See traceability matrix; not inferred from pathname alone,UNASSIGNED
DOC-0488,.kiro/specs/archived/meta-work/workspace-transformation/FINAL_SUMMARY.md,تقرير إنجاز workspace-transformation - النهائي,SPECIFICATION,.kiro/specs/archived/meta-work/workspace-transformation,8550,ARCHIVED_CANDIDATE,2026-01-15T13:07:43+03:00,cc1606aa007799d428d096e69c8f3b708202ce77,Cross-cutting / undetermined,,See traceability matrix; not inferred from pathname alone,UNASSIGNED
DOC-0489,.kiro/specs/archived/meta-work/workspace-transformation/PROGRESS_REPORT.md,تقرير تقدم workspace-transformation,SPECIFICATION,.kiro/specs/archived/meta-work/workspace-transformation,12014,ARCHIVED_CANDIDATE,2026-01-15T13:07:43+03:00,cc1606aa007799d428d096e69c8f3b708202ce77,Cross-cutting / undetermined,,See traceability matrix; not inferred from pathname alone,UNASSIGNED
DOC-0490,.kiro/specs/archived/meta-work/workspace-transformation/PROGRESS_UPDATE_18DEC.md,تقرير التقدم - 18 ديسمبر 2025,SPECIFICATION,.kiro/specs/archived/meta-work/workspace-transformation,9812,ARCHIVED_CANDIDATE,2026-01-15T13:07:43+03:00,cc1606aa007799d428d096e69c8f3b708202ce77,Cross-cutting / undetermined,,See traceability matrix; not inferred from pathname alone,UNASSIGNED
DOC-0491,.kiro/specs/archived/meta-work/workspace-transformation/README.md,Flutter Development Enhancement - تحسين بيئة تطوير Flutter,SPECIFICATION,.kiro/specs/archived/meta-work/workspace-transformation,5449,ARCHIVED_CANDIDATE,2026-01-15T13:07:43+03:00,cc1606aa007799d428d096e69c8f3b708202ce77,Cross-cutting / undetermined,,See traceability matrix; not inferred from pathname alone,UNASSIGNED
DOC-0492,.kiro/specs/archived/meta-work/workspace-transformation/RIVERPOD_OPTIMIZATION_REPORT.md,تقرير تحسين Riverpod - بصير MVP,SPECIFICATION,.kiro/specs/archived/meta-work/workspace-transformation,8163,ARCHIVED_CANDIDATE,2026-01-15T13:07:43+03:00,cc1606aa007799d428d096e69c8f3b708202ce77,Flutter state management,,See traceability matrix; not inferred from pathname alone,UNASSIGNED
DOC-0493,.kiro/specs/archived/meta-work/workspace-transformation/SECURITY_ENHANCEMENT_REPORT.md,تقرير تحسين الأمان المحلي - بصير MVP,SPECIFICATION,.kiro/specs/archived/meta-work/workspace-transformation,10110,ARCHIVED_CANDIDATE,2026-01-15T13:07:43+03:00,cc1606aa007799d428d096e69c8f3b708202ce77,Security,.kiro/specs/active/basir_master_specification/05_SECURITY_GOVERNANCE.md,See traceability matrix; not inferred from pathname alone,UNASSIGNED
DOC-0494,.kiro/specs/archived/meta-work/workspace-transformation/UPDATED_TASKS_PRIORITY.md,قائمة المهام المحدثة - workspace-transformation,SPECIFICATION,.kiro/specs/archived/meta-work/workspace-transformation,10454,ARCHIVED_CANDIDATE,2026-01-15T13:07:43+03:00,cc1606aa007799d428d096e69c8f3b708202ce77,Cross-cutting / undetermined,,See traceability matrix; not inferred from pathname alone,UNASSIGNED
DOC-0495,.kiro/specs/archived/meta-work/workspace-transformation/design.md,Workspace Transformation Design,SPECIFICATION,.kiro/specs/archived/meta-work/workspace-transformation,11511,ARCHIVED_CANDIDATE,2026-01-15T13:07:43+03:00,cc1606aa007799d428d096e69c8f3b708202ce77,Cross-cutting / undetermined,.kiro/specs/active/basir_master_specification/04_UI_DESIGN_SYSTEM.md,See traceability matrix; not inferred from pathname alone,UNASSIGNED
DOC-0496,.kiro/specs/archived/meta-work/workspace-transformation/integration-plan.md,Integration Plan - Flutter Development Enhancement Project,SPECIFICATION,.kiro/specs/archived/meta-work/workspace-transformation,15181,ARCHIVED_CANDIDATE,2026-01-15T13:07:43+03:00,cc1606aa007799d428d096e69c8f3b708202ce77,Integration,.kiro/specs/active/basir_master_specification/07_INTEGRATION_PROTOCOLS.md,See traceability matrix; not inferred from pathname alone,UNASSIGNED
DOC-0497,.kiro/specs/archived/meta-work/workspace-transformation/phase-1-compliance/design.md,Design Document - Flutter Development Environment Enhancement,SPECIFICATION,.kiro/specs/archived/meta-work/workspace-transformation/phase-1-compliance,11113,ARCHIVED_CANDIDATE,2026-01-15T13:07:43+03:00,cc1606aa007799d428d096e69c8f3b708202ce77,Cross-cutting / undetermined,.kiro/specs/active/basir_master_specification/04_UI_DESIGN_SYSTEM.md,See traceability matrix; not inferred from pathname alone,UNASSIGNED
DOC-0498,.kiro/specs/archived/meta-work/workspace-transformation/phase-1-compliance/requirements.md,Requirements Document - Flutter Development Environment Enhancement,SPECIFICATION,.kiro/specs/archived/meta-work/workspace-transformation/phase-1-compliance,8850,ARCHIVED_CANDIDATE,2026-01-15T13:07:43+03:00,cc1606aa007799d428d096e69c8f3b708202ce77,Flutter UI / UX,.kiro/specs/active/basir_master_specification/04_UI_DESIGN_SYSTEM.md,See traceability matrix; not inferred from pathname alone,UNASSIGNED
DOC-0499,.kiro/specs/archived/meta-work/workspace-transformation/phase-1-compliance/tasks.md,Tasks Document - Flutter Development Environment Enhancement,SPECIFICATION,.kiro/specs/archived/meta-work/workspace-transformation/phase-1-compliance,26276,ARCHIVED_CANDIDATE,2026-01-15T13:07:43+03:00,cc1606aa007799d428d096e69c8f3b708202ce77,Cross-cutting / undetermined,.kiro/specs/active/basir_master_specification/06_COMPLIANCE_ENGINES.md,See traceability matrix; not inferred from pathname alone,UNASSIGNED
DOC-0500,.kiro/specs/archived/meta-work/workspace-transformation/phase-2-advanced/requirements.md,Requirements Document - Advanced Flutter Development Enhancements,SPECIFICATION,.kiro/specs/archived/meta-work/workspace-transformation/phase-2-advanced,8626,ARCHIVED_CANDIDATE,2026-01-15T13:07:43+03:00,cc1606aa007799d428d096e69c8f3b708202ce77,Flutter UI / UX,.kiro/specs/active/basir_master_specification/04_UI_DESIGN_SYSTEM.md,See traceability matrix; not inferred from pathname alone,UNASSIGNED
DOC-0501,.kiro/specs/archived/meta-work/workspace-transformation/phase-2-intelligence/COMPREHENSIVE_ANALYSIS_REPORT.md,تقرير التحليل الشامل - مواصفة التحويل الذكي,SPECIFICATION,.kiro/specs/archived/meta-work/workspace-transformation/phase-2-intelligence,17021,ARCHIVED_CANDIDATE,2026-01-15T13:07:43+03:00,cc1606aa007799d428d096e69c8f3b708202ce77,Cross-cutting / undetermined,,See traceability matrix; not inferred from pathname alone,UNASSIGNED
DOC-0502,.kiro/specs/archived/meta-work/workspace-transformation/phase-2-intelligence/COMPREHENSIVE_RISK_ANALYSIS.md,تحليل المخاطر الشامل - مشروع التحويل الذكي,SPECIFICATION,.kiro/specs/archived/meta-work/workspace-transformation/phase-2-intelligence,33004,ARCHIVED_CANDIDATE,2026-01-15T13:07:43+03:00,cc1606aa007799d428d096e69c8f3b708202ce77,Cross-cutting / undetermined,,See traceability matrix; not inferred from pathname alone,UNASSIGNED
DOC-0503,.kiro/specs/archived/meta-work/workspace-transformation/requirements.md,Workspace Transformation Requirements,SPECIFICATION,.kiro/specs/archived/meta-work/workspace-transformation,6584,ARCHIVED_CANDIDATE,2026-01-15T13:07:43+03:00,cc1606aa007799d428d096e69c8f3b708202ce77,Flutter UI / UX,.kiro/specs/active/basir_master_specification/04_UI_DESIGN_SYSTEM.md,See traceability matrix; not inferred from pathname alone,UNASSIGNED
DOC-0504,.kiro/specs/archived/meta-work/workspace-transformation/tasks.md,Workspace Transformation Implementation Tasks,SPECIFICATION,.kiro/specs/archived/meta-work/workspace-transformation,11530,ARCHIVED_CANDIDATE,2026-01-15T13:07:43+03:00,cc1606aa007799d428d096e69c8f3b708202ce77,Cross-cutting / undetermined,,See traceability matrix; not inferred from pathname alone,UNASSIGNED
DOC-0505,.kiro/specs/archived/superseded/COMPREHENSIVE_IMPROVEMENT_PLAN.md,خطة التحسين الشاملة - مشروع بصير MVP,SPECIFICATION,.kiro/specs/archived/superseded,11887,ARCHIVED_CANDIDATE,2026-01-15T13:07:43+03:00,cc1606aa007799d428d096e69c8f3b708202ce77,Cross-cutting / undetermined,,See traceability matrix; not inferred from pathname alone,UNASSIGNED
DOC-0506,.kiro/specs/archived/superseded/IMMEDIATE_ACTION_PLAN.md,خطة العمل الفورية - مشروع بصير MVP,SPECIFICATION,.kiro/specs/archived/superseded,6917,ARCHIVED_CANDIDATE,2026-01-15T13:07:43+03:00,cc1606aa007799d428d096e69c8f3b708202ce77,Cross-cutting / undetermined,,See traceability matrix; not inferred from pathname alone,UNASSIGNED
DOC-0507,.kiro/specs/archived/superseded/comprehensive-improvement-plan/design.md,Comprehensive Improvement Plan Design - basir_accounting_system,SPECIFICATION,.kiro/specs/archived/superseded/comprehensive-improvement-plan,10945,ARCHIVED_CANDIDATE,2026-01-15T13:07:43+03:00,cc1606aa007799d428d096e69c8f3b708202ce77,Cross-cutting / undetermined,.kiro/specs/active/basir_master_specification/04_UI_DESIGN_SYSTEM.md,See traceability matrix; not inferred from pathname alone,UNASSIGNED
DOC-0508,.kiro/specs/archived/superseded/comprehensive-improvement-plan/requirements.md,Requirements Document,SPECIFICATION,.kiro/specs/archived/superseded/comprehensive-improvement-plan,5156,ARCHIVED_CANDIDATE,2026-01-15T13:07:43+03:00,cc1606aa007799d428d096e69c8f3b708202ce77,Flutter UI / UX,.kiro/specs/active/basir_master_specification/04_UI_DESIGN_SYSTEM.md,See traceability matrix; not inferred from pathname alone,UNASSIGNED
DOC-0509,.kiro/specs/archived/superseded/comprehensive-improvement-plan/tasks.md,Implementation Plan: Comprehensive Improvement - basir_accounting_system,SPECIFICATION,.kiro/specs/archived/superseded/comprehensive-improvement-plan,7821,ARCHIVED_CANDIDATE,2026-01-15T13:07:43+03:00,cc1606aa007799d428d096e69c8f3b708202ce77,Cross-cutting / undetermined,,See traceability matrix; not inferred from pathname alone,UNASSIGNED
DOC-0510,.kiro/specs/archived/superseded/git-strategy-erp-development/design.md,تصميم استراتيجية Git لتطوير ERP متكامل - مشروع بصير,SPECIFICATION,.kiro/specs/archived/superseded/git-strategy-erp-development,15250,ARCHIVED_CANDIDATE,2026-01-15T13:07:43+03:00,cc1606aa007799d428d096e69c8f3b708202ce77,Cross-cutting / undetermined,.kiro/specs/active/basir_master_specification/04_UI_DESIGN_SYSTEM.md,See traceability matrix; not inferred from pathname alone,UNASSIGNED
DOC-0511,.kiro/specs/archived/superseded/git-strategy-erp-development/requirements.md,Requirements Document,SPECIFICATION,.kiro/specs/archived/superseded/git-strategy-erp-development,9687,ARCHIVED_CANDIDATE,2026-01-15T13:07:43+03:00,cc1606aa007799d428d096e69c8f3b708202ce77,Flutter UI / UX,.kiro/specs/active/basir_master_specification/04_UI_DESIGN_SYSTEM.md,See traceability matrix; not inferred from pathname alone,UNASSIGNED
DOC-0512,.kiro/specs/archived/superseded/git-strategy-erp-development/tasks.md,خطة تنفيذ استراتيجية Git لتطوير ERP - مشروع بصير,SPECIFICATION,.kiro/specs/archived/superseded/git-strategy-erp-development,12409,ARCHIVED_CANDIDATE,2026-01-15T13:07:43+03:00,cc1606aa007799d428d096e69c8f3b708202ce77,Cross-cutting / undetermined,,See traceability matrix; not inferred from pathname alone,UNASSIGNED
DOC-0513,.kiro/specs/archived/superseded/implementation-plan-phase2.md,Implementation Plan: basir_accounting_system Phase 2 Execution,SPECIFICATION,.kiro/specs/archived/superseded,12350,ARCHIVED_CANDIDATE,2026-01-15T19:13:04+03:00,6b0932c51b94d7672b2f4bc4705d0d72275a42a2,Cross-cutting / undetermined,,See traceability matrix; not inferred from pathname alone,UNASSIGNED
DOC-0514,.kiro/specs/archived/superseded/phase2-progress-update.md,Phase 2 Implementation Progress Update,SPECIFICATION,.kiro/specs/archived/superseded,5929,ARCHIVED_CANDIDATE,2026-01-15T19:13:04+03:00,6b0932c51b94d7672b2f4bc4705d0d72275a42a2,Cross-cutting / undetermined,,See traceability matrix; not inferred from pathname alone,UNASSIGNED
DOC-0515,.kiro/specs/cleanup_specs.sh,Specs Directory Cleanup Script,SPECIFICATION,.kiro/specs,5259,UNDECLARED,2026-01-15T13:07:43+03:00,cc1606aa007799d428d096e69c8f3b708202ce77,Cross-cutting / undetermined,,See traceability matrix; not inferred from pathname alone,UNASSIGNED
DOC-0516,.kiro/specs/completed/accounting-standards-framework/GAP_ANALYSIS_REPORT.md,تقرير تحليل الفجوات الشامل,SPECIFICATION,.kiro/specs/completed/accounting-standards-framework,26007,COMPLETED_CLAIM,2026-01-15T18:15:37+03:00,7dfb338ac9538a5c7e488ea0e94a6033eb150acf,Accounting / ledger,.kiro/specs/active/basir_master_specification/02_ACCOUNTING_ENGINE.md,See traceability matrix; not inferred from pathname alone,UNASSIGNED
DOC-0517,.kiro/specs/completed/accounting-standards-framework/design.md,Governing Accounting Standards Framework,SPECIFICATION,.kiro/specs/completed/accounting-standards-framework,61579,COMPLETED_CLAIM,2026-01-15T18:15:37+03:00,7dfb338ac9538a5c7e488ea0e94a6033eb150acf,Accounting / ledger,.kiro/specs/active/basir_master_specification/02_ACCOUNTING_ENGINE.md,See traceability matrix; not inferred from pathname alone,UNASSIGNED
DOC-0518,.kiro/specs/completed/accounting-standards-framework/pre-implementation-governance.md,Pre-Implementation Governance Framework,SPECIFICATION,.kiro/specs/completed/accounting-standards-framework,25400,COMPLETED_CLAIM,2026-01-15T18:15:37+03:00,7dfb338ac9538a5c7e488ea0e94a6033eb150acf,Accounting / ledger,.kiro/specs/active/basir_master_specification/02_ACCOUNTING_ENGINE.md,See traceability matrix; not inferred from pathname alone,UNASSIGNED
DOC-0519,.kiro/specs/completed/accounting-standards-framework/requirements.md,Governing Accounting Standards Framework,SPECIFICATION,.kiro/specs/completed/accounting-standards-framework,38783,COMPLETED_CLAIM,2026-01-15T18:15:37+03:00,7dfb338ac9538a5c7e488ea0e94a6033eb150acf,Accounting / ledger; Flutter UI / UX,.kiro/specs/active/basir_master_specification/02_ACCOUNTING_ENGINE.md,See traceability matrix; not inferred from pathname alone,UNASSIGNED
DOC-0520,.kiro/specs/completed/accounting-standards-framework/tasks-phase2.md,Implementation Plan: Accounting Standards Framework - Phase 2,SPECIFICATION,.kiro/specs/completed/accounting-standards-framework,38900,COMPLETED_CLAIM,2026-01-15T18:15:37+03:00,7dfb338ac9538a5c7e488ea0e94a6033eb150acf,Accounting / ledger,.kiro/specs/active/basir_master_specification/02_ACCOUNTING_ENGINE.md,See traceability matrix; not inferred from pathname alone,UNASSIGNED
DOC-0521,.kiro/specs/completed/accounting-standards-framework/tasks.md,Implementation Plan: Accounting Standards Framework,SPECIFICATION,.kiro/specs/completed/accounting-standards-framework,18410,COMPLETED_CLAIM,2026-01-15T18:15:37+03:00,7dfb338ac9538a5c7e488ea0e94a6033eb150acf,Accounting / ledger,.kiro/specs/active/basir_master_specification/02_ACCOUNTING_ENGINE.md,See traceability matrix; not inferred from pathname alone,UNASSIGNED
DOC-0522,.kiro/specs/completed/i18n-localization-system/README.md,نظام الترجمة والتدويل (I18n/L10n System),SPECIFICATION,.kiro/specs/completed/i18n-localization-system,7908,COMPLETED_CLAIM,2026-01-15T18:15:37+03:00,7dfb338ac9538a5c7e488ea0e94a6033eb150acf,Cross-cutting / undetermined,,See traceability matrix; not inferred from pathname alone,UNASSIGNED
DOC-0523,.kiro/specs/completed/i18n-localization-system/RECOMMENDATIONS_SUMMARY.md,ملخص التوصيات - نظام الترجمة والتدويل,SPECIFICATION,.kiro/specs/completed/i18n-localization-system,11042,COMPLETED_CLAIM,2026-01-15T18:15:37+03:00,7dfb338ac9538a5c7e488ea0e94a6033eb150acf,Cross-cutting / undetermined,,See traceability matrix; not inferred from pathname alone,UNASSIGNED
DOC-0524,.kiro/specs/completed/i18n-localization-system/design.md,Design Document - نظام الترجمة والتدويل,SPECIFICATION,.kiro/specs/completed/i18n-localization-system,35714,COMPLETED_CLAIM,2026-01-15T18:15:37+03:00,7dfb338ac9538a5c7e488ea0e94a6033eb150acf,Cross-cutting / undetermined,.kiro/specs/active/basir_master_specification/04_UI_DESIGN_SYSTEM.md,See traceability matrix; not inferred from pathname alone,UNASSIGNED
DOC-0525,.kiro/specs/completed/i18n-localization-system/requirements.md,Requirements Document - نظام الترجمة والتدويل,SPECIFICATION,.kiro/specs/completed/i18n-localization-system,13549,COMPLETED_CLAIM,2026-01-15T18:15:37+03:00,7dfb338ac9538a5c7e488ea0e94a6033eb150acf,Flutter UI / UX,.kiro/specs/active/basir_master_specification/04_UI_DESIGN_SYSTEM.md,See traceability matrix; not inferred from pathname alone,UNASSIGNED
DOC-0526,.kiro/specs/completed/i18n-localization-system/tasks.md,Implementation Plan - نظام الترجمة والتدويل,SPECIFICATION,.kiro/specs/completed/i18n-localization-system,20520,COMPLETED_CLAIM,2026-01-15T18:15:37+03:00,7dfb338ac9538a5c7e488ea0e94a6033eb150acf,Cross-cutting / undetermined,,See traceability matrix; not inferred from pathname alone,UNASSIGNED
DOC-0527,.kiro/specs/planning/accounting-core/requirements.md,Accounting Core - Requirements Specification,SPECIFICATION,.kiro/specs/planning/accounting-core,7683,PLANNING_CANDIDATE,2026-01-02T13:15:47+03:00,560c3372de9ac640f01e3854b211ffb6ef0664fd,Accounting / ledger; Flutter UI / UX,.kiro/specs/active/basir_master_specification/02_ACCOUNTING_ENGINE.md,See traceability matrix; not inferred from pathname alone,UNASSIGNED
DOC-0528,.kiro/specs/planning/beta-testing-program/requirements.md,Requirements Document - Beta Testing Program,SPECIFICATION,.kiro/specs/planning/beta-testing-program,10257,PLANNING_CANDIDATE,2026-01-15T13:07:43+03:00,cc1606aa007799d428d096e69c8f3b708202ce77,Flutter UI / UX; Testing,.kiro/specs/active/basir_master_specification/04_UI_DESIGN_SYSTEM.md,See traceability matrix; not inferred from pathname alone,UNASSIGNED
DOC-0529,.kiro/specs/planning/enhanced-onboarding/DESIGN_DECISIONS.md,قرارات تصميمية مطلوبة - نظام Onboarding المحسّن,SPECIFICATION,.kiro/specs/planning/enhanced-onboarding,14050,PLANNING_CANDIDATE,2026-01-15T13:07:43+03:00,cc1606aa007799d428d096e69c8f3b708202ce77,Delivery / operations,.kiro/specs/active/basir_master_specification/04_UI_DESIGN_SYSTEM.md,See traceability matrix; not inferred from pathname alone,UNASSIGNED
DOC-0530,.kiro/specs/planning/enhanced-onboarding/PROJECT_STATUS_REVIEW.md,تقرير مراجعة حالة المشروع - نظام Onboarding المحسّن,SPECIFICATION,.kiro/specs/planning/enhanced-onboarding,19390,PLANNING_CANDIDATE,2026-01-15T13:07:43+03:00,cc1606aa007799d428d096e69c8f3b708202ce77,Cross-cutting / undetermined,,See traceability matrix; not inferred from pathname alone,UNASSIGNED
DOC-0531,.kiro/specs/planning/enhanced-onboarding/README.md,Enhanced Onboarding - نظام Onboarding المحسّن,SPECIFICATION,.kiro/specs/planning/enhanced-onboarding,7850,PLANNING_CANDIDATE,2026-01-15T13:07:43+03:00,cc1606aa007799d428d096e69c8f3b708202ce77,Cross-cutting / undetermined,,See traceability matrix; not inferred from pathname alone,UNASSIGNED
DOC-0532,.kiro/specs/planning/enhanced-onboarding/design.md,تصميم نظام Onboarding المحسّن,SPECIFICATION,.kiro/specs/planning/enhanced-onboarding,43325,PLANNING_CANDIDATE,2026-01-15T13:07:43+03:00,cc1606aa007799d428d096e69c8f3b708202ce77,Cross-cutting / undetermined,.kiro/specs/active/basir_master_specification/04_UI_DESIGN_SYSTEM.md,See traceability matrix; not inferred from pathname alone,UNASSIGNED
DOC-0533,.kiro/specs/planning/enhanced-onboarding/requirements.md,متطلبات نظام Onboarding المحسّن,SPECIFICATION,.kiro/specs/planning/enhanced-onboarding,16454,PLANNING_CANDIDATE,2026-01-15T13:07:43+03:00,cc1606aa007799d428d096e69c8f3b708202ce77,Flutter UI / UX,.kiro/specs/active/basir_master_specification/04_UI_DESIGN_SYSTEM.md,See traceability matrix; not inferred from pathname alone,UNASSIGNED
DOC-0534,.kiro/specs/planning/enhanced-onboarding/tasks.md,خطة تنفيذ نظام Onboarding المحسّن,SPECIFICATION,.kiro/specs/planning/enhanced-onboarding,22396,PLANNING_CANDIDATE,2026-01-15T13:07:43+03:00,cc1606aa007799d428d096e69c8f3b708202ce77,Cross-cutting / undetermined,,See traceability matrix; not inferred from pathname alone,UNASSIGNED
DOC-0535,.kiro/specs/planning/local-analytics/requirements.md,Requirements Document - Local Analytics System,SPECIFICATION,.kiro/specs/planning/local-analytics,8938,PLANNING_CANDIDATE,2025-12-28T20:42:33+03:00,5d36e82f848ea09bacbd793bd0f691f4567f19c7,Flutter UI / UX,.kiro/specs/active/basir_master_specification/04_UI_DESIGN_SYSTEM.md,See traceability matrix; not inferred from pathname alone,UNASSIGNED
DOC-0536,.kiro/specs/planning/onboarding-tutorial/design.md,تصميم ميزة التعليمات التوضيحية (Onboarding Tutorial),SPECIFICATION,.kiro/specs/planning/onboarding-tutorial,19913,PLANNING_CANDIDATE,2026-01-15T13:07:43+03:00,cc1606aa007799d428d096e69c8f3b708202ce77,Cross-cutting / undetermined,.kiro/specs/active/basir_master_specification/04_UI_DESIGN_SYSTEM.md,See traceability matrix; not inferred from pathname alone,UNASSIGNED
DOC-0537,.kiro/specs/planning/onboarding-tutorial/requirements.md,متطلبات ميزة التعليمات التوضيحية (Onboarding Tutorial),SPECIFICATION,.kiro/specs/planning/onboarding-tutorial,10583,PLANNING_CANDIDATE,2026-01-15T13:07:43+03:00,cc1606aa007799d428d096e69c8f3b708202ce77,Flutter UI / UX,.kiro/specs/active/basir_master_specification/04_UI_DESIGN_SYSTEM.md,See traceability matrix; not inferred from pathname alone,UNASSIGNED
DOC-0538,.kiro/specs/planning/onboarding-tutorial/tasks.md,مهام ميزة التعليمات التوضيحية (Onboarding Tutorial),SPECIFICATION,.kiro/specs/planning/onboarding-tutorial,12642,PLANNING_CANDIDATE,2026-01-15T13:07:43+03:00,cc1606aa007799d428d096e69c8f3b708202ce77,Cross-cutting / undetermined,,See traceability matrix; not inferred from pathname alone,UNASSIGNED
DOC-0539,.kiro/specs/planning/strategic-decisions/CURRENT_PRIORITY.md,الأولوية الحالية الوحيدة - بصير MVP,SPECIFICATION,.kiro/specs/planning/strategic-decisions,4693,PLANNING_CANDIDATE,2025-12-28T20:42:33+03:00,5d36e82f848ea09bacbd793bd0f691f4567f19c7,Delivery / operations,,See traceability matrix; not inferred from pathname alone,UNASSIGNED
DOC-0540,.kiro/specs/planning/strategic-decisions/CURRENT_STATUS.md,الوضع الحالي - مواصفات بصير MVP,SPECIFICATION,.kiro/specs/planning/strategic-decisions,6439,PLANNING_CANDIDATE,2025-12-28T20:42:33+03:00,5d36e82f848ea09bacbd793bd0f691f4567f19c7,Delivery / operations,,See traceability matrix; not inferred from pathname alone,UNASSIGNED
DOC-0541,.kiro/specs/planning/strategic-decisions/IMMEDIATE_ACTION_PLAN.md,خطة العمل الفورية - 11 ديسمبر 2025,SPECIFICATION,.kiro/specs/planning/strategic-decisions,9573,PLANNING_CANDIDATE,2025-12-28T20:42:33+03:00,5d36e82f848ea09bacbd793bd0f691f4567f19c7,Delivery / operations,,See traceability matrix; not inferred from pathname alone,UNASSIGNED
DOC-0542,.kiro/specs/planning/strategic-decisions/QUICK_ACTION_PLAN.md,خطة الإجراءات السريعة - ابدأ الآن!,SPECIFICATION,.kiro/specs/planning/strategic-decisions,11058,PLANNING_CANDIDATE,2025-12-28T20:42:33+03:00,5d36e82f848ea09bacbd793bd0f691f4567f19c7,Flutter UI / UX; Delivery / operations,.kiro/specs/active/basir_master_specification/04_UI_DESIGN_SYSTEM.md,See traceability matrix; not inferred from pathname alone,UNASSIGNED
DOC-0543,.kiro/specs/planning/strategic-decisions/STRATEGIC_DECISION.md,القرار الاستراتيجي - مشروع بصير MVP,SPECIFICATION,.kiro/specs/planning/strategic-decisions,7785,PLANNING_CANDIDATE,2025-12-28T20:42:33+03:00,5d36e82f848ea09bacbd793bd0f691f4567f19c7,Delivery / operations,,See traceability matrix; not inferred from pathname alone,UNASSIGNED
DOC-0544,.kiro/standards/accounting.md,Basir Accounting Standards (World-Class Excellence),UNKNOWN,.kiro/standards,1484,UNDECLARED,2026-01-03T19:48:18+03:00,f601c5828d1a0f3c5c73de7c4cb22243e34d3cfb,Accounting / ledger,.kiro/specs/active/basir_master_specification/02_ACCOUNTING_ENGINE.md,See traceability matrix; not inferred from pathname alone,UNASSIGNED
DOC-0545,.kiro/standards/arabic.md,Arabic Language Standards,UNKNOWN,.kiro/standards,2604,UNDECLARED,2026-01-14T19:04:36+03:00,f277bbefaa40ec35456613b248e4d6b3e857898c,Cross-cutting / undetermined,,See traceability matrix; not inferred from pathname alone,UNASSIGNED
DOC-0546,.kiro/standards/code-quality.md,Code Quality Standards,UNKNOWN,.kiro/standards,1787,UNDECLARED,2026-01-14T19:04:36+03:00,f277bbefaa40ec35456613b248e4d6b3e857898c,Cross-cutting / undetermined,,See traceability matrix; not inferred from pathname alone,UNASSIGNED
DOC-0547,.kiro/standards/documentation.md,Documentation Standards,UNKNOWN,.kiro/standards,1841,UNDECLARED,2026-01-14T19:04:36+03:00,f277bbefaa40ec35456613b248e4d6b3e857898c,Cross-cutting / undetermined,,See traceability matrix; not inferred from pathname alone,UNASSIGNED
DOC-0548,.kiro/standards/engineering.md,Basir Engineering Standards (System Architecture),UNKNOWN,.kiro/standards,1385,UNDECLARED,2026-01-03T19:48:18+03:00,f601c5828d1a0f3c5c73de7c4cb22243e34d3cfb,Cross-cutting / undetermined,,See traceability matrix; not inferred from pathname alone,UNASSIGNED
DOC-0549,.kiro/standards/file-organization.md,File Organization Standards,UNKNOWN,.kiro/standards,7950,UNDECLARED,2026-01-14T19:04:36+03:00,f277bbefaa40ec35456613b248e4d6b3e857898c,Cross-cutting / undetermined,,See traceability matrix; not inferred from pathname alone,UNASSIGNED
DOC-0550,.kiro/standards/flutter.md,Flutter Standards,UNKNOWN,.kiro/standards,2548,UNDECLARED,2026-01-14T19:04:36+03:00,f277bbefaa40ec35456613b248e4d6b3e857898c,Cross-cutting / undetermined,,See traceability matrix; not inferred from pathname alone,UNASSIGNED
DOC-0551,.kiro/standards/naming.md,Naming Standards,UNKNOWN,.kiro/standards,1766,UNDECLARED,2026-01-14T19:04:36+03:00,f277bbefaa40ec35456613b248e4d6b3e857898c,Cross-cutting / undetermined,,See traceability matrix; not inferred from pathname alone,UNASSIGNED
DOC-0552,.kiro/standards/testing.md,Testing Standards,UNKNOWN,.kiro/standards,2320,UNDECLARED,2026-01-14T19:04:36+03:00,f277bbefaa40ec35456613b248e4d6b3e857898c,Testing,,See traceability matrix; not inferred from pathname alone,UNASSIGNED
DOC-0553,.kiro/steering/AGENTS.md,Kiro Agents Directives - basir_accounting_system (Professional Edition),UNKNOWN,.kiro/steering,2044,UNDECLARED,2026-01-14T19:04:36+03:00,f277bbefaa40ec35456613b248e4d6b3e857898c,Cross-cutting / undetermined,,See traceability matrix; not inferred from pathname alone,UNASSIGNED
DOC-0554,.kiro/steering/architecture-mapping.md,Architectural Mapping: Basir Accounting System,ARCHITECTURE,.kiro/steering,2386,UNDECLARED,2026-01-14T19:04:36+03:00,f277bbefaa40ec35456613b248e4d6b3e857898c,Cross-cutting / undetermined,,See traceability matrix; not inferred from pathname alone,L3 — design authority candidate
DOC-0555,.kiro/steering/philosophy.md,Basir Accounting System Philosophy: PPP,UNKNOWN,.kiro/steering,1091,UNDECLARED,2026-01-14T19:04:36+03:00,f277bbefaa40ec35456613b248e4d6b3e857898c,Cross-cutting / undetermined,,See traceability matrix; not inferred from pathname alone,UNASSIGNED
DOC-0556,.kiro/steering/product.md,Basir Accounting System - Product Definition,UNKNOWN,.kiro/steering,1148,UNDECLARED,2026-01-14T19:04:36+03:00,f277bbefaa40ec35456613b248e4d6b3e857898c,Cross-cutting / undetermined,,See traceability matrix; not inferred from pathname alone,UNASSIGNED
DOC-0557,.kiro/steering/roadmap.md,Strategic Roadmap: Basir Intelligent Accounting System,PLAN,.kiro/steering,7891,PLANNING_CANDIDATE,2026-01-11T23:12:27+03:00,c458bbcaa0bf25bc561e64c3f926e61178af03f0,Cross-cutting / undetermined,,See traceability matrix; not inferred from pathname alone,L5 — planning only
DOC-0558,.kiro/steering/structure.md,basir_accounting_system - Project Structure,UNKNOWN,.kiro/steering,938,UNDECLARED,2026-01-11T23:12:27+03:00,c458bbcaa0bf25bc561e64c3f926e61178af03f0,Cross-cutting / undetermined,,See traceability matrix; not inferred from pathname alone,UNASSIGNED
DOC-0559,.kiro/steering/tech.md,basir_accounting_system - Technology Stack & Development Standards,UNKNOWN,.kiro/steering,4774,UNDECLARED,2026-01-11T23:12:27+03:00,c458bbcaa0bf25bc561e64c3f926e61178af03f0,Cross-cutting / undetermined,,See traceability matrix; not inferred from pathname alone,UNASSIGNED
DOC-0560,.kiro/templates/README.md,Templates,GUIDE,.kiro/templates,1653,UNDECLARED,2026-01-02T13:15:47+03:00,560c3372de9ac640f01e3854b211ffb6ef0664fd,Cross-cutting / undetermined,,See traceability matrix; not inferred from pathname alone,L6 — operational guidance / policy candidate
DOC-0561,.kiro/templates/code/README.md,Code Templates,GUIDE,.kiro/templates/code,2240,UNDECLARED,2026-01-02T13:15:47+03:00,560c3372de9ac640f01e3854b211ffb6ef0664fd,Cross-cutting / undetermined,,See traceability matrix; not inferred from pathname alone,L6 — operational guidance / policy candidate
DOC-0562,.kiro/templates/docs/README.md,Documentation Templates,GUIDE,.kiro/templates/docs,310,UNDECLARED,2026-01-02T13:15:47+03:00,560c3372de9ac640f01e3854b211ffb6ef0664fd,Cross-cutting / undetermined,,See traceability matrix; not inferred from pathname alone,L6 — operational guidance / policy candidate
DOC-0563,.kiro/templates/docs/api_doc_template.md,API Documentation,REFERENCE,.kiro/templates/docs,512,UNDECLARED,2026-01-02T13:15:47+03:00,560c3372de9ac640f01e3854b211ffb6ef0664fd,Cross-cutting / undetermined,.kiro/specs/active/basir_master_specification/07_INTEGRATION_PROTOCOLS.md,See traceability matrix; not inferred from pathname alone,L6 — operational guidance / policy candidate
DOC-0564,.kiro/templates/docs/changelog_template.md,Changelog,REFERENCE,.kiro/templates/docs,525,UNDECLARED,2026-01-02T13:15:47+03:00,560c3372de9ac640f01e3854b211ffb6ef0664fd,Cross-cutting / undetermined,,See traceability matrix; not inferred from pathname alone,L6 — operational guidance / policy candidate
DOC-0565,.kiro/templates/docs/feature_doc_template.md,[Feature Name] Documentation,REFERENCE,.kiro/templates/docs,715,UNDECLARED,2026-01-02T13:15:47+03:00,560c3372de9ac640f01e3854b211ffb6ef0664fd,Cross-cutting / undetermined,,See traceability matrix; not inferred from pathname alone,L6 — operational guidance / policy candidate
DOC-0566,.kiro/templates/documentation-automation.md,Documentation Automation System,REFERENCE,.kiro/templates,11567,UNDECLARED,2025-12-29T21:52:19+03:00,e19f81ab07bea087097bea1bd68850501be70504,Cross-cutting / undetermined,,See traceability matrix; not inferred from pathname alone,L6 — operational guidance / policy candidate
DOC-0567,.kiro/templates/dora-space-metrics.md,DORA/SPACE Metrics Framework,REFERENCE,.kiro/templates,8321,UNDECLARED,2025-12-12T15:54:04+03:00,781c0427bc4c2b7170b562441b8625e268886434,Cross-cutting / undetermined,,See traceability matrix; not inferred from pathname alone,L6 — operational guidance / policy candidate
DOC-0568,.kiro/templates/ears-requirements.md,EARS Requirements Template,REQUIREMENT,.kiro/templates,1539,UNDECLARED,2025-12-28T20:44:26+03:00,91b6b606cc3c41a8261309ca7144637b5f3706aa,Flutter UI / UX,.kiro/specs/active/basir_master_specification/04_UI_DESIGN_SYSTEM.md,See traceability matrix; not inferred from pathname alone,L4 — requirement authority candidate
DOC-0569,.kiro/templates/error-tracking-setup.md,Error Tracking & Analytics Setup,REFERENCE,.kiro/templates,5947,UNDECLARED,2025-12-17T16:13:38+03:00,da77065bc6c86f882795c3c200b40fc09e243f87,Cross-cutting / undetermined,,See traceability matrix; not inferred from pathname alone,L6 — operational guidance / policy candidate
DOC-0570,.kiro/templates/flutter/clean_architecture_feature.dart,// Clean Architecture Feature Template,ARCHITECTURE,.kiro/templates/flutter,19908,UNDECLARED,2026-01-02T13:15:47+03:00,560c3372de9ac640f01e3854b211ffb6ef0664fd,Cross-cutting / undetermined,,See traceability matrix; not inferred from pathname alone,L3 — design authority candidate
DOC-0571,.kiro/templates/quality-gates-template.md,Quality Gates Template,REFERENCE,.kiro/templates,3510,UNDECLARED,2025-12-10T17:25:42+03:00,0ef36f8a804fbc9f45219a20b57df271268259ae,Cross-cutting / undetermined,,See traceability matrix; not inferred from pathname alone,L6 — operational guidance / policy candidate
DOC-0572,.kiro/templates/specs/README.md,Specs Templates,SPECIFICATION,.kiro/templates/specs,1314,UNDECLARED,2026-01-02T13:15:47+03:00,560c3372de9ac640f01e3854b211ffb6ef0664fd,Cross-cutting / undetermined,,See traceability matrix; not inferred from pathname alone,UNASSIGNED
DOC-0573,.kiro/templates/specs/design_template.md,[Feature Name] Design Document,SPECIFICATION,.kiro/templates/specs,2758,UNDECLARED,2026-01-02T13:15:47+03:00,560c3372de9ac640f01e3854b211ffb6ef0664fd,Cross-cutting / undetermined,.kiro/specs/active/basir_master_specification/04_UI_DESIGN_SYSTEM.md,See traceability matrix; not inferred from pathname alone,UNASSIGNED
DOC-0574,.kiro/templates/specs/feature_spec_template.md,[Feature Name] Specification,SPECIFICATION,.kiro/templates/specs,2104,UNDECLARED,2026-01-02T13:15:47+03:00,560c3372de9ac640f01e3854b211ffb6ef0664fd,Cross-cutting / undetermined,,See traceability matrix; not inferred from pathname alone,UNASSIGNED
DOC-0575,.kiro/templates/specs/task_breakdown_template.md,[Feature Name] Task Breakdown,SPECIFICATION,.kiro/templates/specs,3201,UNDECLARED,2026-01-02T13:15:47+03:00,560c3372de9ac640f01e3854b211ffb6ef0664fd,Cross-cutting / undetermined,,See traceability matrix; not inferred from pathname alone,UNASSIGNED
DOC-0576,.kiro/templates/workflows/README.md,Enhanced Workflow Templates - بصير MVP v2.0,GUIDE,.kiro/templates/workflows,8451,UNDECLARED,2026-01-02T13:15:47+03:00,560c3372de9ac640f01e3854b211ffb6ef0664fd,Cross-cutting / undetermined,,See traceability matrix; not inferred from pathname alone,L6 — operational guidance / policy candidate
DOC-0577,.kiro/troubleshooting/README.md,دليل استكشاف الأخطاء وإصلاحها - مشروع بصير,GUIDE,.kiro/troubleshooting,6506,UNDECLARED,2025-12-13T14:31:40+03:00,ae7d9161bc1d7e4d6155f85771e16daa67814d53,Cross-cutting / undetermined,,See traceability matrix; not inferred from pathname alone,L6 — operational guidance / policy candidate
DOC-0578,.kiro/troubleshooting/mcp-github-complete-solution.md,الحل الشامل لمشكلة خادم GitHub MCP,UNKNOWN,.kiro/troubleshooting,12965,COMPLETED_CLAIM,2025-12-13T14:31:40+03:00,ae7d9161bc1d7e4d6155f85771e16daa67814d53,Cross-cutting / undetermined,,See traceability matrix; not inferred from pathname alone,UNASSIGNED
DOC-0579,ARCHITECTURE.md,🏗️ Basir System Architecture,ARCHITECTURE,.,3977,UNDECLARED,2026-01-15T13:07:43+03:00,cc1606aa007799d428d096e69c8f3b708202ce77,Cross-cutting / undetermined,,See traceability matrix; not inferred from pathname alone,L3 — design authority candidate
DOC-0580,CHANGELOG.md,سجل التغييرات (Changelog),UNKNOWN,.,126821,UNDECLARED,2026-02-21T22:35:15+03:00,afca608f78fad5ca683c127ef7b3a8d889e92cb0,Cross-cutting / undetermined,,See traceability matrix; not inferred from pathname alone,UNASSIGNED
DOC-0581,CONTRIBUTING.md,دليل المساهمة في مشروع بصير,GUIDE,.,10320,UNDECLARED,2026-01-09T13:57:23+03:00,5da55ef4f81078789532abcd0890da11c89164d1,Cross-cutting / undetermined,,See traceability matrix; not inferred from pathname alone,L6 — operational guidance / policy candidate
DOC-0582,ENGINEERING_AUDIT_REPORT.md,🛡️ تقرير التدقيق الهندسي وتطوير النظام (Engineering Audit & System Upgrade Report),REPORT,.,5938,UNDECLARED,2026-01-10T16:01:39+03:00,0a35807ea138d6c69ff2b25529382c7ab61607c6,Cross-cutting / undetermined,,See traceability matrix; not inferred from pathname alone,L7 — historical or evidentiary claim only
DOC-0583,GIT_SYNC_GUIDE.md,🔄 دليل مزامنة Git - نظام بصير المحاسبي,GUIDE,.,8543,UNDECLARED,2026-02-21T22:44:42+03:00,d48186427c2ec05a988df52740a90b524d7175c8,Flutter UI / UX,.kiro/specs/active/basir_master_specification/04_UI_DESIGN_SYSTEM.md,See traceability matrix; not inferred from pathname alone,L6 — operational guidance / policy candidate
DOC-0584,README.md,💎 نظام بصير المحاسبي (Basir Accounting System),GUIDE,.,21910,UNDECLARED,2026-02-21T22:35:15+03:00,afca608f78fad5ca683c127ef7b3a8d889e92cb0,Cross-cutting / undetermined,,See traceability matrix; not inferred from pathname alone,L6 — operational guidance / policy candidate
DOC-0585,RELEASE_NOTES_v1.0.0.md,🎉 نظام بصير المحاسبي - الإصدار 1.0.0,UNKNOWN,.,10147,UNDECLARED,2026-02-21T22:43:31+03:00,80a2a7ac2f5cec3850048e9f7c40fb3b1afd72da,Cross-cutting / undetermined,,See traceability matrix; not inferred from pathname alone,UNASSIGNED
DOC-0586,SECURITY.md,🔒 سياسة الأمان - مشروع بصير MVP,UNKNOWN,.,7632,UNDECLARED,2025-12-10T17:25:42+03:00,0ef36f8a804fbc9f45219a20b57df271268259ae,Security,.kiro/specs/active/basir_master_specification/05_SECURITY_GOVERNANCE.md,See traceability matrix; not inferred from pathname alone,UNASSIGNED
DOC-0587,STRUCTURE.md,🗺️ مشروع بصير - دليل هيكلة النظام,UNKNOWN,.,8443,UNDECLARED,2026-01-10T19:28:33+03:00,ce1a0455f7ba166444c48f1255bb376afd1d0d01,Cross-cutting / undetermined,,See traceability matrix; not inferred from pathname alone,UNASSIGNED
DOC-0588,SYNC_STATUS_REPORT.md,📊 تقرير حالة المزامنة - نظام بصير المحاسبي,STATUS,.,9100,UNDECLARED,2026-02-21T22:45:47+03:00,5e14321590d0f079afc6fce3fb95fdd41925a5cb,Cross-cutting / undetermined,.kiro/specs/active/basir_master_specification/07_INTEGRATION_PROTOCOLS.md,See traceability matrix; not inferred from pathname alone,L7 — historical or evidentiary claim only
DOC-0589,TECHNICAL_SPEC.md,📜 Basir Technical Specification,UNKNOWN,.,2611,UNDECLARED,2026-01-15T13:07:43+03:00,cc1606aa007799d428d096e69c8f3b708202ce77,Cross-cutting / undetermined,,See traceability matrix; not inferred from pathname alone,UNASSIGNED
DOC-0590,analysis_diamond_purity.txt,Analyzing basir_accounting_system...,ANALYSIS,.,8479,UNDECLARED,2026-01-15T18:03:45+03:00,fc4d6d999e92b49ef17ac6e49bca05bbb08c028c,Cross-cutting / undetermined,,See traceability matrix; not inferred from pathname alone,L7 — historical or evidentiary claim only
DOC-0591,analysis_final_user_polish_2.txt,Analyzing basir_accounting_system...,STATUS,.,11692,UNDECLARED,2026-01-15T18:03:45+03:00,fc4d6d999e92b49ef17ac6e49bca05bbb08c028c,Cross-cutting / undetermined,,See traceability matrix; not inferred from pathname alone,L7 — historical or evidentiary claim only
DOC-0592,analysis_options.yaml,تكوين محلل Dart لمشروع بصير MVP,ANALYSIS,.,9659,UNDECLARED,2026-08-13T17:35:36+00:00,95c8aae8ed7ee08acbe95521dbd6448d35b62bc9,Cross-cutting / undetermined,,See traceability matrix; not inferred from pathname alone,L7 — historical or evidentiary claim only
DOC-0593,analysis_rc3_definitive.txt,Analyzing basir_accounting_system...,ANALYSIS,.,8956,UNDECLARED,2026-01-15T18:03:45+03:00,fc4d6d999e92b49ef17ac6e49bca05bbb08c028c,Cross-cutting / undetermined,,See traceability matrix; not inferred from pathname alone,L7 — historical or evidentiary claim only
DOC-0594,analysis_rc3_final.txt,Analyzing basir_accounting_system...,STATUS,.,9114,UNDECLARED,2026-01-15T18:03:45+03:00,fc4d6d999e92b49ef17ac6e49bca05bbb08c028c,Cross-cutting / undetermined,,See traceability matrix; not inferred from pathname alone,L7 — historical or evidentiary claim only
DOC-0595,analysis_rc3_final_final.txt,Analyzing basir_accounting_system...,STATUS,.,8637,UNDECLARED,2026-01-15T18:03:45+03:00,fc4d6d999e92b49ef17ac6e49bca05bbb08c028c,Cross-cutting / undetermined,,See traceability matrix; not inferred from pathname alone,L7 — historical or evidentiary claim only
DOC-0596,analysis_rc3_preflight.txt,Analyzing basir_accounting_system...,ANALYSIS,.,9429,UNDECLARED,2026-01-15T18:03:45+03:00,fc4d6d999e92b49ef17ac6e49bca05bbb08c028c,Cross-cutting / undetermined,,See traceability matrix; not inferred from pathname alone,L7 — historical or evidentiary claim only
DOC-0597,analysis_repair_check.txt,Analyzing basir_accounting_system...,ANALYSIS,.,8980,UNDECLARED,2026-01-15T18:03:45+03:00,fc4d6d999e92b49ef17ac6e49bca05bbb08c028c,Cross-cutting / undetermined,,See traceability matrix; not inferred from pathname alone,L7 — historical or evidentiary claim only
DOC-0598,analysis_user_retry.txt,Analyzing basir_accounting_system...,ANALYSIS,.,10779,UNDECLARED,2026-01-15T18:03:45+03:00,fc4d6d999e92b49ef17ac6e49bca05bbb08c028c,Cross-cutting / undetermined,,See traceability matrix; not inferred from pathname alone,L7 — historical or evidentiary claim only
DOC-0599,analyze_report.txt,Analyzing basir_accounting_system...,REPORT,.,1116,UNDECLARED,2026-02-21T22:35:15+03:00,afca608f78fad5ca683c127ef7b3a8d889e92cb0,Cross-cutting / undetermined,,See traceability matrix; not inferred from pathname alone,L7 — historical or evidentiary claim only
DOC-0600,current_analysis.txt,Analyzing basir_accounting_system...,ANALYSIS,.,14332,UNDECLARED,2026-02-21T22:35:15+03:00,afca608f78fad5ca683c127ef7b3a8d889e92cb0,Cross-cutting / undetermined,,See traceability matrix; not inferred from pathname alone,L7 — historical or evidentiary claim only
DOC-0601,docs/AUDIT_LOG_20251229.md,Audit Log - Repository Optimization,REPORT,docs,2442,UNDECLARED,2026-01-02T13:15:47+03:00,560c3372de9ac640f01e3854b211ffb6ef0664fd,Cross-cutting / undetermined,,See traceability matrix; not inferred from pathname alone,L7 — historical or evidentiary claim only
DOC-0602,docs/Core/00_NOTICE.md,⚠️ Core Documentation Notice,UNKNOWN,docs/Core,2371,UNDECLARED,2025-12-29T21:52:19+03:00,e19f81ab07bea087097bea1bd68850501be70504,Cross-cutting / undetermined,,See traceability matrix; not inferred from pathname alone,UNASSIGNED
DOC-0603,docs/Core/00_Strategic_Master_Blueprint.md,Strategic Master Blueprint: Basir Project,PLAN,docs/Core,2967,UNDECLARED,2026-01-11T23:32:59+03:00,aa5d9b8321b0e4ed2ae928dfe6c07a7760d7b938,Cross-cutting / undetermined,,See traceability matrix; not inferred from pathname alone,L5 — planning only
DOC-0604,docs/Core/01_Product_Charter.md,Basir Product Charter - Initial Version (MVP),UNKNOWN,docs/Core,4102,UNDECLARED,2026-01-11T23:32:59+03:00,aa5d9b8321b0e4ed2ae928dfe6c07a7760d7b938,Cross-cutting / undetermined,,See traceability matrix; not inferred from pathname alone,UNASSIGNED
DOC-0605,docs/Core/02_Technical_Design_Document.md,Technical Design Document (TDD) - Initial Version (MVP),DESIGN,docs/Core,4807,UNDECLARED,2026-01-11T23:32:59+03:00,aa5d9b8321b0e4ed2ae928dfe6c07a7760d7b938,Cross-cutting / undetermined,.kiro/specs/active/basir_master_specification/04_UI_DESIGN_SYSTEM.md,See traceability matrix; not inferred from pathname alone,L3 — design authority candidate
DOC-0606,docs/Core/03_Product_Requirements_Document.md,Product Requirements Document (PRD) - Initial Version (MVP),REQUIREMENT,docs/Core,6884,UNDECLARED,2026-01-11T23:32:59+03:00,aa5d9b8321b0e4ed2ae928dfe6c07a7760d7b938,Flutter UI / UX,.kiro/specs/active/basir_master_specification/04_UI_DESIGN_SYSTEM.md,See traceability matrix; not inferred from pathname alone,L4 — requirement authority candidate
DOC-0607,docs/Core/04_Design_System.md,Design System: Basir Accounting System (Initial Version),DESIGN,docs/Core,4567,UNDECLARED,2026-01-14T19:04:36+03:00,f277bbefaa40ec35456613b248e4d6b3e857898c,Cross-cutting / undetermined,.kiro/specs/active/basir_master_specification/04_UI_DESIGN_SYSTEM.md,See traceability matrix; not inferred from pathname alone,L3 — design authority candidate
DOC-0608,docs/Core/05_UI_Wireframes_Description.md,User Interface (UI) Wireframes & Logic: Basir MVP,UNKNOWN,docs/Core,6012,UNDECLARED,2026-01-14T19:04:36+03:00,f277bbefaa40ec35456613b248e4d6b3e857898c,Flutter UI / UX,.kiro/specs/active/basir_master_specification/04_UI_DESIGN_SYSTEM.md,See traceability matrix; not inferred from pathname alone,UNASSIGNED
DOC-0609,docs/Core/07_Cognitive_Hexagon_Architecture.md,Cognitive Hexagon Architecture,ARCHITECTURE,docs/Core,6554,UNDECLARED,2026-01-14T19:04:36+03:00,f277bbefaa40ec35456613b248e4d6b3e857898c,Cross-cutting / undetermined,,See traceability matrix; not inferred from pathname alone,L3 — design authority candidate
DOC-0610,docs/Core/ARCHITECTURE.md,Technical Architecture: Basir Accounting System,ARCHITECTURE,docs/Core,5052,UNDECLARED,2026-01-14T19:04:36+03:00,f277bbefaa40ec35456613b248e4d6b3e857898c,Cross-cutting / undetermined,,See traceability matrix; not inferred from pathname alone,L3 — design authority candidate
DOC-0611,docs/Core/CODING_STANDARDS.md,Coding Standards: Basir Accounting System MVP,STANDARD,docs/Core,3603,UNDECLARED,2026-01-14T19:04:36+03:00,f277bbefaa40ec35456613b248e4d6b3e857898c,Cross-cutting / undetermined,,See traceability matrix; not inferred from pathname alone,L6 — operational guidance / policy candidate
DOC-0612,docs/Core/GUEST_MODE_IMPLEMENTATION.md,Feature Implementation Report: Guest Mode Access,UNKNOWN,docs/Core,4439,UNDECLARED,2026-01-14T19:04:36+03:00,f277bbefaa40ec35456613b248e4d6b3e857898c,Cross-cutting / undetermined,,See traceability matrix; not inferred from pathname alone,UNASSIGNED
DOC-0613,docs/DEPENDENCY_SECURITY_MONITORING.md,مراقبة أمن اعتماديات Basir Accounting,UNKNOWN,docs,6531,UNDECLARED,2026-08-12T17:45:52+00:00,9bb46bc66f570a409ea41f60e24fae1b52efa09f,Security,.kiro/specs/active/basir_master_specification/05_SECURITY_GOVERNANCE.md,See traceability matrix; not inferred from pathname alone,UNASSIGNED
DOC-0614,docs/GIT_POLICIES.md,Git Policies - بصير MVP,GOVERNANCE,docs,1850,UNDECLARED,2025-12-29T20:12:37+03:00,d36e29782d6b51094555717719038a5e9a82dc70,Delivery / operations,,See traceability matrix; not inferred from pathname alone,L6 — operational guidance / policy candidate
DOC-0615,docs/INDEX.md,📇 Master Documentation Index: Basir Accounting System,UNKNOWN,docs,6275,UNDECLARED,2026-01-14T19:04:36+03:00,f277bbefaa40ec35456613b248e4d6b3e857898c,Cross-cutting / undetermined,,See traceability matrix; not inferred from pathname alone,UNASSIGNED
DOC-0616,docs/LINK_REPAIR_FINAL_REPORT.md,تقرير إصلاح الروابط المكسورة - النتائج النهائية,STATUS,docs,5218,UNDECLARED,2025-12-29T21:52:19+03:00,e19f81ab07bea087097bea1bd68850501be70504,Cross-cutting / undetermined,,See traceability matrix; not inferred from pathname alone,L7 — historical or evidentiary claim only
DOC-0617,docs/MAINTENANCE_CHECKLIST.md,قائمة مراجعة الصيانة لوثائق مشروع بصير,UNKNOWN,docs,9171,UNDECLARED,2025-12-29T21:52:19+03:00,e19f81ab07bea087097bea1bd68850501be70504,Cross-cutting / undetermined,,See traceability matrix; not inferred from pathname alone,UNASSIGNED
DOC-0618,docs/QUICK_START.md,🚀 Quick Start Guide: Basir Documentation,GUIDE,docs,7588,UNDECLARED,2026-01-14T19:04:36+03:00,f277bbefaa40ec35456613b248e4d6b3e857898c,Flutter UI / UX,.kiro/specs/active/basir_master_specification/04_UI_DESIGN_SYSTEM.md,See traceability matrix; not inferred from pathname alone,L6 — operational guidance / policy candidate
DOC-0619,docs/README.md,📚 Basir Accounting Documentation Hub,GUIDE,docs,4413,UNDECLARED,2026-01-14T19:04:36+03:00,f277bbefaa40ec35456613b248e4d6b3e857898c,Cross-cutting / undetermined,,See traceability matrix; not inferred from pathname alone,L6 — operational guidance / policy candidate
DOC-0620,docs/Strategic/00_AUDIT_REPORT.md,📊 Comprehensive Documentation Quality Audit Report,REPORT,docs/Strategic,7887,UNDECLARED,2026-01-02T13:15:47+03:00,560c3372de9ac640f01e3854b211ffb6ef0664fd,Cross-cutting / undetermined,,See traceability matrix; not inferred from pathname alone,L7 — historical or evidentiary claim only
DOC-0621,docs/Strategic/01_ALIGNMENT_REPORT.md,Project Alignment Report: Strategic vs Implementation,REPORT,docs/Strategic,6946,UNDECLARED,2026-01-02T13:15:47+03:00,560c3372de9ac640f01e3854b211ffb6ef0664fd,Cross-cutting / undetermined,,See traceability matrix; not inferred from pathname alone,L7 — historical or evidentiary claim only
DOC-0622,docs/Strategic/Phase_0_Inception/00_Concept_Note.md,Concept Note: Basir Intelligent Financial & Accounting System,UNKNOWN,docs/Strategic/Phase_0_Inception,9010,UNDECLARED,2026-01-02T13:15:47+03:00,560c3372de9ac640f01e3854b211ffb6ef0664fd,Cross-cutting / undetermined,,See traceability matrix; not inferred from pathname alone,UNASSIGNED
DOC-0623,docs/Strategic/Phase_0_Inception/01_Vision_Statement.md,Vision Statement: Basir Intelligent Financial System,UNKNOWN,docs/Strategic/Phase_0_Inception,5411,UNDECLARED,2026-01-02T13:15:47+03:00,560c3372de9ac640f01e3854b211ffb6ef0664fd,Cross-cutting / undetermined,,See traceability matrix; not inferred from pathname alone,UNASSIGNED
DOC-0624,docs/Strategic/Phase_0_Inception/02_Mission_Statement.md,Mission Statement: Basir Intelligent Financial System,UNKNOWN,docs/Strategic/Phase_0_Inception,4034,UNDECLARED,2026-01-02T13:15:47+03:00,560c3372de9ac640f01e3854b211ffb6ef0664fd,Cross-cutting / undetermined,,See traceability matrix; not inferred from pathname alone,UNASSIGNED
DOC-0625,docs/Strategic/Phase_0_Inception/03_Problem_Statement.md,Problem Statement: Basir Intelligent Financial System,UNKNOWN,docs/Strategic/Phase_0_Inception,6200,UNDECLARED,2026-01-02T13:15:47+03:00,560c3372de9ac640f01e3854b211ffb6ef0664fd,Cross-cutting / undetermined,,See traceability matrix; not inferred from pathname alone,UNASSIGNED
DOC-0626,docs/Strategic/Phase_0_Inception/04_Value_Proposition.md,Value Proposition: Basir Intelligent Financial System,UNKNOWN,docs/Strategic/Phase_0_Inception,7534,UNDECLARED,2026-01-02T13:15:47+03:00,560c3372de9ac640f01e3854b211ffb6ef0664fd,Cross-cutting / undetermined,,See traceability matrix; not inferred from pathname alone,UNASSIGNED
DOC-0627,docs/Strategic/Phase_0_Inception/05_Business_Model_Canvas.md,Business Model Canvas: Basir Intelligent Financial System,UNKNOWN,docs/Strategic/Phase_0_Inception,10933,UNDECLARED,2026-01-02T13:15:47+03:00,560c3372de9ac640f01e3854b211ffb6ef0664fd,Cross-cutting / undetermined,,See traceability matrix; not inferred from pathname alone,UNASSIGNED
DOC-0628,docs/Strategic/Phase_0_Inception/06_Lean_Canvas.md,Lean Canvas: Basir Intelligent Financial System,UNKNOWN,docs/Strategic/Phase_0_Inception,9601,UNDECLARED,2026-01-02T13:15:47+03:00,560c3372de9ac640f01e3854b211ffb6ef0664fd,Cross-cutting / undetermined,,See traceability matrix; not inferred from pathname alone,UNASSIGNED
DOC-0629,docs/Strategic/Phase_0_Inception/07_Stakeholder_Map.md,Stakeholder Map: Basir Intelligent Financial System,UNKNOWN,docs/Strategic/Phase_0_Inception,11291,UNDECLARED,2026-01-02T13:15:47+03:00,560c3372de9ac640f01e3854b211ffb6ef0664fd,Cross-cutting / undetermined,,See traceability matrix; not inferred from pathname alone,UNASSIGNED
DOC-0630,docs/Strategic/Phase_0_Inception/08_Assumptions_Log.md,Assumptions Log: Basir Intelligent Financial System,UNKNOWN,docs/Strategic/Phase_0_Inception,7010,UNDECLARED,2026-01-02T13:15:47+03:00,560c3372de9ac640f01e3854b211ffb6ef0664fd,Cross-cutting / undetermined,,See traceability matrix; not inferred from pathname alone,UNASSIGNED
DOC-0631,docs/Strategic/Phase_0_Inception/09_Initial_Success_Metrics.md,Initial Success Metrics: Basir Intelligent Financial System,STATUS,docs/Strategic/Phase_0_Inception,7167,UNDECLARED,2026-01-02T13:15:47+03:00,560c3372de9ac640f01e3854b211ffb6ef0664fd,Cross-cutting / undetermined,,See traceability matrix; not inferred from pathname alone,L7 — historical or evidentiary claim only
DOC-0632,docs/Strategic/Phase_1_Discovery/00_Executive_Summary.md,Executive Summary: Basir Intelligent Financial System,REPORT,docs/Strategic/Phase_1_Discovery,6707,UNDECLARED,2026-01-02T13:15:47+03:00,560c3372de9ac640f01e3854b211ffb6ef0664fd,Cross-cutting / undetermined,,See traceability matrix; not inferred from pathname alone,L7 — historical or evidentiary claim only
DOC-0633,docs/Strategic/Phase_1_Discovery/01_Market_Analysis.md,Market Analysis: Basir Intelligent Financial System,ANALYSIS,docs/Strategic/Phase_1_Discovery,9642,UNDECLARED,2026-01-02T13:15:47+03:00,560c3372de9ac640f01e3854b211ffb6ef0664fd,Cross-cutting / undetermined,,See traceability matrix; not inferred from pathname alone,L7 — historical or evidentiary claim only
DOC-0634,docs/Strategic/Phase_1_Discovery/02_TAM_SAM_SOM_Analysis.md,TAM/SAM/SOM Analysis: Basir Intelligent Financial System,ANALYSIS,docs/Strategic/Phase_1_Discovery,8961,UNDECLARED,2026-01-02T13:15:47+03:00,560c3372de9ac640f01e3854b211ffb6ef0664fd,Cross-cutting / undetermined,,See traceability matrix; not inferred from pathname alone,L7 — historical or evidentiary claim only
DOC-0635,docs/Strategic/Phase_1_Discovery/03_Competitive_Benchmarking.md,Competitive Benchmarking: Basir Intelligent Financial System,UNKNOWN,docs/Strategic/Phase_1_Discovery,8597,UNDECLARED,2026-01-02T13:15:47+03:00,560c3372de9ac640f01e3854b211ffb6ef0664fd,Cross-cutting / undetermined,,See traceability matrix; not inferred from pathname alone,UNASSIGNED
DOC-0636,docs/Strategic/Phase_1_Discovery/04_SWOT_Analysis.md,SWOT Analysis: Basir Intelligent Financial System,ANALYSIS,docs/Strategic/Phase_1_Discovery,7340,UNDECLARED,2026-01-02T13:15:47+03:00,560c3372de9ac640f01e3854b211ffb6ef0664fd,Cross-cutting / undetermined,,See traceability matrix; not inferred from pathname alone,L7 — historical or evidentiary claim only
DOC-0637,docs/Strategic/Phase_1_Discovery/05_Financial_Feasibility.md,Financial Feasibility Study: Basir Intelligent Financial System,UNKNOWN,docs/Strategic/Phase_1_Discovery,7254,UNDECLARED,2026-01-02T13:15:47+03:00,560c3372de9ac640f01e3854b211ffb6ef0664fd,Delivery / operations,,See traceability matrix; not inferred from pathname alone,UNASSIGNED
DOC-0638,docs/Strategic/Phase_1_Discovery/06_Regulatory_Legal_Analysis.md,Regulatory & Legal Analysis: Basir Intelligent Financial System,ANALYSIS,docs/Strategic/Phase_1_Discovery,8630,UNDECLARED,2026-01-02T13:15:47+03:00,560c3372de9ac640f01e3854b211ffb6ef0664fd,Cross-cutting / undetermined,,See traceability matrix; not inferred from pathname alone,L7 — historical or evidentiary claim only
DOC-0639,docs/Strategic/Phase_1_Discovery/07_Risk_Assessment.md,Strategic Risk Assessment: Basir Intelligent Financial System,REPORT,docs/Strategic/Phase_1_Discovery,7868,UNDECLARED,2026-01-02T13:15:47+03:00,560c3372de9ac640f01e3854b211ffb6ef0664fd,Cross-cutting / undetermined,,See traceability matrix; not inferred from pathname alone,L7 — historical or evidentiary claim only
DOC-0640,docs/Strategic/Phase_1_Discovery/08_Pricing_Model.md,Cost Structure & Pricing Model: Basir Intelligent Financial System,UNKNOWN,docs/Strategic/Phase_1_Discovery,6544,UNDECLARED,2026-01-02T13:15:47+03:00,560c3372de9ac640f01e3854b211ffb6ef0664fd,Delivery / operations,,See traceability matrix; not inferred from pathname alone,UNASSIGNED
DOC-0641,docs/Strategic/Phase_1_Discovery/09_Go_NoGo_Decision.md,Go/No-Go Decision Document: Basir Intelligent Financial System,UNKNOWN,docs/Strategic/Phase_1_Discovery,6105,UNDECLARED,2026-01-02T13:15:47+03:00,560c3372de9ac640f01e3854b211ffb6ef0664fd,Delivery / operations,,See traceability matrix; not inferred from pathname alone,UNASSIGNED
DOC-0642,docs/Strategic/Phase_2_Governance/00_Project_Charter.md,Project Charter: Basir Intelligent Financial System,UNKNOWN,docs/Strategic/Phase_2_Governance,6025,UNDECLARED,2026-01-02T13:15:47+03:00,560c3372de9ac640f01e3854b211ffb6ef0664fd,Cross-cutting / undetermined,,See traceability matrix; not inferred from pathname alone,UNASSIGNED
DOC-0643,docs/Strategic/Phase_2_Governance/01_Strategic_Roadmap.md,Strategic Roadmap: Basir Intelligent Financial System,PLAN,docs/Strategic/Phase_2_Governance,7873,PLANNING_CANDIDATE,2026-01-02T13:15:47+03:00,560c3372de9ac640f01e3854b211ffb6ef0664fd,Cross-cutting / undetermined,,See traceability matrix; not inferred from pathname alone,L5 — planning only
DOC-0644,docs/Strategic/Phase_2_Governance/02_OKRs_KPIs.md,OKRs & KPIs Definition: Basir Intelligent Financial System,UNKNOWN,docs/Strategic/Phase_2_Governance,6341,UNDECLARED,2026-01-02T13:15:47+03:00,560c3372de9ac640f01e3854b211ffb6ef0664fd,Cross-cutting / undetermined,,See traceability matrix; not inferred from pathname alone,UNASSIGNED
DOC-0645,docs/Strategic/Phase_2_Governance/03_RACI_Matrix.md,RACI Matrix: Basir Intelligent Financial System,UNKNOWN,docs/Strategic/Phase_2_Governance,4428,UNDECLARED,2026-01-02T13:15:47+03:00,560c3372de9ac640f01e3854b211ffb6ef0664fd,Delivery / operations,,See traceability matrix; not inferred from pathname alone,UNASSIGNED
DOC-0646,docs/Strategic/Phase_2_Governance/04_Communication_Plan.md,Communication Plan: Basir Intelligent Financial System,PLAN,docs/Strategic/Phase_2_Governance,2757,PLANNING_CANDIDATE,2026-01-02T13:15:47+03:00,560c3372de9ac640f01e3854b211ffb6ef0664fd,Cross-cutting / undetermined,,See traceability matrix; not inferred from pathname alone,L5 — planning only
DOC-0647,docs/Strategic/Phase_2_Governance/05_Decision_Framework.md,Decision-Making Framework: Basir Intelligent Financial System,UNKNOWN,docs/Strategic/Phase_2_Governance,2329,UNDECLARED,2026-01-02T13:15:47+03:00,560c3372de9ac640f01e3854b211ffb6ef0664fd,Delivery / operations,,See traceability matrix; not inferred from pathname alone,UNASSIGNED
DOC-0648,docs/Strategic/Phase_2_Governance/06_Brand_Identity.md,Brand & Identity Guidelines: Basir Intelligent Financial System,UNKNOWN,docs/Strategic/Phase_2_Governance,3117,UNDECLARED,2026-01-02T13:15:47+03:00,560c3372de9ac640f01e3854b211ffb6ef0664fd,Cross-cutting / undetermined,,See traceability matrix; not inferred from pathname alone,UNASSIGNED
DOC-0649,docs/Strategic/Phase_2_Governance/07_Governance_Model.md,Governance Model: Basir Intelligent Financial System,GOVERNANCE,docs/Strategic/Phase_2_Governance,2315,UNDECLARED,2026-01-02T13:15:47+03:00,560c3372de9ac640f01e3854b211ffb6ef0664fd,Cross-cutting / undetermined,,See traceability matrix; not inferred from pathname alone,L6 — operational guidance / policy candidate
DOC-0650,docs/Strategic/Phase_2_Governance/08_Legal_IP_Documentation.md,Legal Entity & IP Documentation: Basir Intelligent Financial System,UNKNOWN,docs/Strategic/Phase_2_Governance,3007,UNDECLARED,2026-01-02T13:15:47+03:00,560c3372de9ac640f01e3854b211ffb6ef0664fd,Cross-cutting / undetermined,,See traceability matrix; not inferred from pathname alone,UNASSIGNED
DOC-0651,docs/Strategic/Phase_3_Product/00_User_Personas.md,User Personas: Basir Intelligent Financial System,UNKNOWN,docs/Strategic/Phase_3_Product,7803,UNDECLARED,2026-01-02T13:15:47+03:00,560c3372de9ac640f01e3854b211ffb6ef0664fd,Cross-cutting / undetermined,,See traceability matrix; not inferred from pathname alone,UNASSIGNED
DOC-0652,docs/Strategic/Phase_3_Product/01_PRD.md,Product Requirements Document (PRD): Basir Intelligent Financial System,UNKNOWN,docs/Strategic/Phase_3_Product,10235,UNDECLARED,2026-01-02T13:15:47+03:00,560c3372de9ac640f01e3854b211ffb6ef0664fd,Cross-cutting / undetermined,,See traceability matrix; not inferred from pathname alone,UNASSIGNED
DOC-0653,docs/Strategic/Phase_3_Product/02_User_Journeys.md,User Journeys & Flows: Basir Intelligent Financial System,UNKNOWN,docs/Strategic/Phase_3_Product,10704,UNDECLARED,2026-01-02T13:15:47+03:00,560c3372de9ac640f01e3854b211ffb6ef0664fd,Cross-cutting / undetermined,,See traceability matrix; not inferred from pathname alone,UNASSIGNED
DOC-0654,docs/Strategic/Phase_3_Product/03_Design_System.md,Design System: Basir Intelligent Financial System,DESIGN,docs/Strategic/Phase_3_Product,7131,UNDECLARED,2026-01-02T13:15:47+03:00,560c3372de9ac640f01e3854b211ffb6ef0664fd,Cross-cutting / undetermined,.kiro/specs/active/basir_master_specification/04_UI_DESIGN_SYSTEM.md,See traceability matrix; not inferred from pathname alone,L3 — design authority candidate
DOC-0655,docs/Strategic/Phase_3_Product/04_User_Stories.md,User Stories & Acceptance Criteria: Basir Intelligent Financial System,UNKNOWN,docs/Strategic/Phase_3_Product,6960,UNDECLARED,2026-01-02T13:15:47+03:00,560c3372de9ac640f01e3854b211ffb6ef0664fd,Cross-cutting / undetermined,,See traceability matrix; not inferred from pathname alone,UNASSIGNED
DOC-0656,docs/Strategic/Phase_3_Product/05_Accessibility_Localization.md,Accessibility & Localization Specs: Basir Intelligent Financial System,UNKNOWN,docs/Strategic/Phase_3_Product,7543,UNDECLARED,2026-01-02T13:15:47+03:00,560c3372de9ac640f01e3854b211ffb6ef0664fd,Cross-cutting / undetermined,,See traceability matrix; not inferred from pathname alone,UNASSIGNED
DOC-0657,docs/Strategic/Phase_3_Product/06_Feature_Specs.md,Feature Specifications: Basir Intelligent Financial System,UNKNOWN,docs/Strategic/Phase_3_Product,9261,UNDECLARED,2026-01-02T13:15:47+03:00,560c3372de9ac640f01e3854b211ffb6ef0664fd,Cross-cutting / undetermined,,See traceability matrix; not inferred from pathname alone,UNASSIGNED
DOC-0658,docs/Strategic/Phase_4_Architecture/00_System_Architecture.md,System Architecture: Basir Intelligent Financial System,ARCHITECTURE,docs/Strategic/Phase_4_Architecture,14134,UNDECLARED,2026-01-02T13:15:47+03:00,560c3372de9ac640f01e3854b211ffb6ef0664fd,Cross-cutting / undetermined,,See traceability matrix; not inferred from pathname alone,L3 — design authority candidate
DOC-0659,docs/Strategic/Phase_4_Architecture/01_Database_Design.md,Database Design & ERD: Basir Intelligent Financial System,DESIGN,docs/Strategic/Phase_4_Architecture,10725,UNDECLARED,2026-01-02T13:15:47+03:00,560c3372de9ac640f01e3854b211ffb6ef0664fd,Data / database,.kiro/specs/active/basir_master_specification/03_DATA_SCHEMA.md,See traceability matrix; not inferred from pathname alone,L3 — design authority candidate
DOC-0660,docs/Strategic/Phase_4_Architecture/02_API_Documentation.md,API Design & Documentation: Basir Intelligent Financial System,UNKNOWN,docs/Strategic/Phase_4_Architecture,6506,UNDECLARED,2026-01-02T13:15:47+03:00,560c3372de9ac640f01e3854b211ffb6ef0664fd,Cross-cutting / undetermined,.kiro/specs/active/basir_master_specification/07_INTEGRATION_PROTOCOLS.md,See traceability matrix; not inferred from pathname alone,UNASSIGNED
DOC-0661,docs/Strategic/Phase_4_Architecture/03_Security_Architecture.md,Security Architecture: Basir Intelligent Financial System,ARCHITECTURE,docs/Strategic/Phase_4_Architecture,9057,UNDECLARED,2026-01-02T13:15:47+03:00,560c3372de9ac640f01e3854b211ffb6ef0664fd,Security,.kiro/specs/active/basir_master_specification/05_SECURITY_GOVERNANCE.md,See traceability matrix; not inferred from pathname alone,L3 — design authority candidate
DOC-0662,docs/Strategic/Phase_4_Architecture/04_AI_ML_Design.md,AI/ML Design: Basir Intelligent Financial System,DESIGN,docs/Strategic/Phase_4_Architecture,11220,UNDECLARED,2026-01-02T13:15:47+03:00,560c3372de9ac640f01e3854b211ffb6ef0664fd,Cross-cutting / undetermined,.kiro/specs/active/basir_master_specification/04_UI_DESIGN_SYSTEM.md,See traceability matrix; not inferred from pathname alone,L3 — design authority candidate
DOC-0663,docs/Strategic/Phase_4_Architecture/05_ZATCA_Compliance.md,ZATCA Compliance Specification: Basir Intelligent Financial System,UNKNOWN,docs/Strategic/Phase_4_Architecture,8799,UNDECLARED,2026-01-02T13:15:47+03:00,560c3372de9ac640f01e3854b211ffb6ef0664fd,Compliance / ZATCA,.kiro/specs/active/basir_master_specification/06_COMPLIANCE_ENGINES.md,See traceability matrix; not inferred from pathname alone,UNASSIGNED
DOC-0664,docs/Strategic/Phase_4_Architecture/06_Performance.md,Performance & Optimization: Basir Intelligent Financial System,UNKNOWN,docs/Strategic/Phase_4_Architecture,7127,UNDECLARED,2026-01-02T13:15:47+03:00,560c3372de9ac640f01e3854b211ffb6ef0664fd,Cross-cutting / undetermined,,See traceability matrix; not inferred from pathname alone,UNASSIGNED
DOC-0665,docs/Strategic/Phase_5_Development/00_Development_Plan.md,Development Plan & Testing Strategy: Basir Intelligent Financial System,PLAN,docs/Strategic/Phase_5_Development,4198,PLANNING_CANDIDATE,2026-01-02T13:15:47+03:00,560c3372de9ac640f01e3854b211ffb6ef0664fd,Cross-cutting / undetermined,,See traceability matrix; not inferred from pathname alone,L5 — planning only
DOC-0666,docs/Strategic/Phase_5_Development/01_Coding_Standards.md,Coding Standards & Guidelines: Basir Intelligent Financial System,STANDARD,docs/Strategic/Phase_5_Development,7725,UNDECLARED,2026-01-02T13:15:47+03:00,560c3372de9ac640f01e3854b211ffb6ef0664fd,Cross-cutting / undetermined,,See traceability matrix; not inferred from pathname alone,L6 — operational guidance / policy candidate
DOC-0667,docs/Strategic/Phase_5_Development/02_Implementation_Status.md,Implementation Status: Basir Intelligent Financial System,STATUS,docs/Strategic/Phase_5_Development,10754,UNDECLARED,2026-02-21T22:35:15+03:00,afca608f78fad5ca683c127ef7b3a8d889e92cb0,Cross-cutting / undetermined,,See traceability matrix; not inferred from pathname alone,L7 — historical or evidentiary claim only
DOC-0668,docs/Strategic/Phase_5_Development/03_Accounting_Core_Status.md,📊 Accounting Core Implementation Status,STATUS,docs/Strategic/Phase_5_Development,4552,UNDECLARED,2026-01-03T19:48:18+03:00,f601c5828d1a0f3c5c73de7c4cb22243e34d3cfb,Accounting / ledger,.kiro/specs/active/basir_master_specification/02_ACCOUNTING_ENGINE.md,See traceability matrix; not inferred from pathname alone,L7 — historical or evidentiary claim only
DOC-0669,docs/Strategic/Phase_6_Advanced_Accounting/00_Strategy_Overview.md,🌍 Phase 6 Strategy: Global Accounting System Expansion,UNKNOWN,docs/Strategic/Phase_6_Advanced_Accounting,2860,UNDECLARED,2026-01-10T15:13:47+03:00,08627921f4d3409f8a02e6f59ade7b47fb2d4a63,Accounting / ledger,.kiro/specs/active/basir_master_specification/02_ACCOUNTING_ENGINE.md,See traceability matrix; not inferred from pathname alone,UNASSIGNED
DOC-0670,docs/Strategic/Phase_6_Operations/00_CICD_DevOps.md,CI/CD & DevOps: Basir Intelligent Financial System,UNKNOWN,docs/Strategic/Phase_6_Operations,6556,UNDECLARED,2026-01-02T13:15:47+03:00,560c3372de9ac640f01e3854b211ffb6ef0664fd,Delivery / operations,,See traceability matrix; not inferred from pathname alone,UNASSIGNED
DOC-0671,docs/Strategic/Phase_6_Operations/01_Deployment_Guide.md,Deployment Guide: Basir Intelligent Financial System,GUIDE,docs/Strategic/Phase_6_Operations,6834,UNDECLARED,2026-01-02T13:15:47+03:00,560c3372de9ac640f01e3854b211ffb6ef0664fd,Flutter UI / UX; Delivery / operations,.kiro/specs/active/basir_master_specification/04_UI_DESIGN_SYSTEM.md,See traceability matrix; not inferred from pathname alone,L6 — operational guidance / policy candidate
DOC-0672,docs/Strategic/Phase_6_Operations/02_Runbook.md,Operational Runbook: Basir Intelligent Financial System,UNKNOWN,docs/Strategic/Phase_6_Operations,8730,UNDECLARED,2026-01-02T13:15:47+03:00,560c3372de9ac640f01e3854b211ffb6ef0664fd,Cross-cutting / undetermined,,See traceability matrix; not inferred from pathname alone,UNASSIGNED
DOC-0673,docs/Strategic/Phase_7_Growth/00_Growth_Strategy.md,Post-Launch & Growth Strategy: Basir Intelligent Financial System,UNKNOWN,docs/Strategic/Phase_7_Growth,4619,UNDECLARED,2026-01-02T13:15:47+03:00,560c3372de9ac640f01e3854b211ffb6ef0664fd,Cross-cutting / undetermined,,See traceability matrix; not inferred from pathname alone,UNASSIGNED
DOC-0674,docs/Strategic/Phase_7_Growth/01_Marketing_Strategy.md,Marketing Strategy: Basir Intelligent Financial System,UNKNOWN,docs/Strategic/Phase_7_Growth,7882,UNDECLARED,2026-01-02T13:15:47+03:00,560c3372de9ac640f01e3854b211ffb6ef0664fd,Cross-cutting / undetermined,,See traceability matrix; not inferred from pathname alone,UNASSIGNED
DOC-0675,docs/Strategic/Phase_7_Growth/02_Support_Operations.md,Customer Support Operations: Basir Intelligent Financial System,UNKNOWN,docs/Strategic/Phase_7_Growth,7053,UNDECLARED,2026-01-02T13:15:47+03:00,560c3372de9ac640f01e3854b211ffb6ef0664fd,Cross-cutting / undetermined,,See traceability matrix; not inferred from pathname alone,UNASSIGNED
DOC-0676,docs/Strategic/Phase_8_Scale/00_Scale_Strategy.md,Scale & Market Leadership: Basir Intelligent Financial System,UNKNOWN,docs/Strategic/Phase_8_Scale,4273,UNDECLARED,2026-01-02T13:15:47+03:00,560c3372de9ac640f01e3854b211ffb6ef0664fd,Cross-cutting / undetermined,,See traceability matrix; not inferred from pathname alone,UNASSIGNED
DOC-0677,docs/Strategic/Phase_9_Sustainability/00_Exit_Strategy.md,Sustainability & Exit Strategy: Basir Intelligent Financial System,UNKNOWN,docs/Strategic/Phase_9_Sustainability,4518,UNDECLARED,2026-01-02T13:15:47+03:00,560c3372de9ac640f01e3854b211ffb6ef0664fd,Cross-cutting / undetermined,,See traceability matrix; not inferred from pathname alone,UNASSIGNED
DOC-0678,docs/Strategic/README.md,📚 Strategic Documentation Framework,GUIDE,docs/Strategic,4124,UNDECLARED,2026-01-02T13:15:47+03:00,560c3372de9ac640f01e3854b211ffb6ef0664fd,Cross-cutting / undetermined,,See traceability matrix; not inferred from pathname alone,L6 — operational guidance / policy candidate
DOC-0679,docs/action-items/README.md,Action Items Management: Basir Accounting System,TASK,docs/action-items,1899,UNDECLARED,2026-01-14T19:04:36+03:00,f277bbefaa40ec35456613b248e4d6b3e857898c,Cross-cutting / undetermined,,See traceability matrix; not inferred from pathname alone,L5 — planning only
DOC-0680,docs/action-items/completed/ACTION_ITEMS.md,Immediate Action Plan: Error Tracking System Verification,TASK,docs/action-items/completed,2561,COMPLETED_CLAIM,2026-01-14T19:04:36+03:00,f277bbefaa40ec35456613b248e4d6b3e857898c,Cross-cutting / undetermined,,See traceability matrix; not inferred from pathname alone,L5 — planning only
DOC-0681,docs/action-items/completed/CRITICAL_IMPROVEMENTS.md,Critical System Enhancements: Error Tracking,TASK,docs/action-items/completed,3309,COMPLETED_CLAIM,2026-01-14T19:04:36+03:00,f277bbefaa40ec35456613b248e4d6b3e857898c,Cross-cutting / undetermined,,See traceability matrix; not inferred from pathname alone,L5 — planning only
DOC-0682,docs/action-items/completed/DOCUMENTATION_UPDATE_REPORT.md,Comprehensive Documentation Update Report,TASK,docs/action-items/completed,3076,COMPLETED_CLAIM,2026-01-14T19:04:36+03:00,f277bbefaa40ec35456613b248e4d6b3e857898c,Cross-cutting / undetermined,,See traceability matrix; not inferred from pathname alone,L5 — planning only
DOC-0683,docs/action-items/completed/IMMEDIATE_ACTION_PLAN.md,Immediate Action Plan: Performance Optimization,TASK,docs/action-items/completed,3361,COMPLETED_CLAIM,2026-01-14T19:04:36+03:00,f277bbefaa40ec35456613b248e4d6b3e857898c,Cross-cutting / undetermined,,See traceability matrix; not inferred from pathname alone,L5 — planning only
DOC-0684,docs/action-items/completed/RECOMMENDED_ACTIONS.md,Strategic Recommended Actions: Basir MVP,TASK,docs/action-items/completed,3896,COMPLETED_CLAIM,2026-01-14T19:04:36+03:00,f277bbefaa40ec35456613b248e4d6b3e857898c,Cross-cutting / undetermined,,See traceability matrix; not inferred from pathname alone,L5 — planning only
DOC-0685,docs/architecture/technical-layers/l2-decision-layer-design.md,L2 Decision Layer - Design & Architecture,ARCHITECTURE,docs/architecture/technical-layers,11643,UNDECLARED,2026-01-15T13:07:43+03:00,cc1606aa007799d428d096e69c8f3b708202ce77,Delivery / operations,.kiro/specs/active/basir_master_specification/04_UI_DESIGN_SYSTEM.md,See traceability matrix; not inferred from pathname alone,L3 — design authority candidate
DOC-0686,docs/architecture/technical-layers/l2-decision-layer-requirements.md,L2 Decision Layer - Requirements Specification,REQUIREMENT,docs/architecture/technical-layers,8247,UNDECLARED,2026-01-15T13:07:43+03:00,cc1606aa007799d428d096e69c8f3b708202ce77,Flutter UI / UX; Delivery / operations,.kiro/specs/active/basir_master_specification/04_UI_DESIGN_SYSTEM.md,See traceability matrix; not inferred from pathname alone,L4 — requirement authority candidate
DOC-0687,docs/architecture/technical-layers/l3-execution-layer-design.md,L3 Execution Layer - Design & Architecture,ARCHITECTURE,docs/architecture/technical-layers,15397,UNDECLARED,2026-01-15T13:07:43+03:00,cc1606aa007799d428d096e69c8f3b708202ce77,Cross-cutting / undetermined,.kiro/specs/active/basir_master_specification/04_UI_DESIGN_SYSTEM.md,See traceability matrix; not inferred from pathname alone,L3 — design authority candidate
DOC-0688,docs/architecture/technical-layers/l3-execution-layer-requirements.md,L3 Execution Layer - Requirements Specification,REQUIREMENT,docs/architecture/technical-layers,10917,UNDECLARED,2026-01-15T13:07:43+03:00,cc1606aa007799d428d096e69c8f3b708202ce77,Flutter UI / UX,.kiro/specs/active/basir_master_specification/04_UI_DESIGN_SYSTEM.md,See traceability matrix; not inferred from pathname alone,L4 — requirement authority candidate
DOC-0689,docs/archive/reports/2026-01/analysis_detailed_20260111.txt,Analyzing basir_accounting_system...,ANALYSIS,docs/archive/reports/2026-01,9007,ARCHIVED_CANDIDATE,2026-01-15T14:18:26+03:00,b3045c5d54d3040d09f7a3fd9e5a08374cf68569,Cross-cutting / undetermined,,See traceability matrix; not inferred from pathname alone,L7 — historical or evidentiary claim only
DOC-0690,docs/archive/reports/2026-01/analysis_diamond_purity.txt,Analyzing basir_accounting_system...,ANALYSIS,docs/archive/reports/2026-01,14141,ARCHIVED_CANDIDATE,2026-01-15T14:18:26+03:00,b3045c5d54d3040d09f7a3fd9e5a08374cf68569,Cross-cutting / undetermined,,See traceability matrix; not inferred from pathname alone,L7 — historical or evidentiary claim only
DOC-0691,docs/archive/reports/2026-01/analysis_diamond_purity_rc2.txt,Analyzing basir_accounting_system...,ANALYSIS,docs/archive/reports/2026-01,13988,ARCHIVED_CANDIDATE,2026-01-15T14:18:26+03:00,b3045c5d54d3040d09f7a3fd9e5a08374cf68569,Cross-cutting / undetermined,,See traceability matrix; not inferred from pathname alone,L7 — historical or evidentiary claim only
DOC-0692,docs/archive/reports/2026-01/analysis_diamond_purity_rc2_final.txt,Analyzing basir_accounting_system...,STATUS,docs/archive/reports/2026-01,13819,ARCHIVED_CANDIDATE,2026-01-15T14:18:26+03:00,b3045c5d54d3040d09f7a3fd9e5a08374cf68569,Cross-cutting / undetermined,,See traceability matrix; not inferred from pathname alone,L7 — historical or evidentiary claim only
DOC-0693,docs/archive/reports/2026-01/analysis_final.txt,Analyzing basir_accounting_system...,STATUS,docs/archive/reports/2026-01,14949,ARCHIVED_CANDIDATE,2026-01-15T14:18:26+03:00,b3045c5d54d3040d09f7a3fd9e5a08374cf68569,Cross-cutting / undetermined,,See traceability matrix; not inferred from pathname alone,L7 — historical or evidentiary claim only
DOC-0694,docs/archive/reports/2026-01/analysis_final_check.txt,Analyzing basir_accounting_system...,STATUS,docs/archive/reports/2026-01,15461,ARCHIVED_CANDIDATE,2026-01-15T14:18:26+03:00,b3045c5d54d3040d09f7a3fd9e5a08374cf68569,Cross-cutting / undetermined,,See traceability matrix; not inferred from pathname alone,L7 — historical or evidentiary claim only
DOC-0695,docs/archive/reports/2026-01/analysis_final_user_check.txt,Analyzing basir_accounting_system...,STATUS,docs/archive/reports/2026-01,14101,ARCHIVED_CANDIDATE,2026-01-15T14:18:26+03:00,b3045c5d54d3040d09f7a3fd9e5a08374cf68569,Cross-cutting / undetermined,,See traceability matrix; not inferred from pathname alone,L7 — historical or evidentiary claim only
DOC-0696,docs/archive/reports/2026-01/analysis_final_verdict.txt,Analyzing basir_accounting_system...,STATUS,docs/archive/reports/2026-01,15461,ARCHIVED_CANDIDATE,2026-01-15T14:18:26+03:00,b3045c5d54d3040d09f7a3fd9e5a08374cf68569,Cross-cutting / undetermined,,See traceability matrix; not inferred from pathname alone,L7 — historical or evidentiary claim only
DOC-0697,docs/archive/reports/2026-01/analysis_formatted.txt,Analyzing basir_accounting_system...,ANALYSIS,docs/archive/reports/2026-01,12343,ARCHIVED_CANDIDATE,2026-01-15T14:18:26+03:00,b3045c5d54d3040d09f7a3fd9e5a08374cf68569,Cross-cutting / undetermined,,See traceability matrix; not inferred from pathname alone,L7 — historical or evidentiary claim only
DOC-0698,docs/archive/reports/2026-01/analysis_output_final.txt,Analyzing basir_accounting_system...,STATUS,docs/archive/reports/2026-01,97,ARCHIVED_CANDIDATE,2026-01-15T14:18:26+03:00,b3045c5d54d3040d09f7a3fd9e5a08374cf68569,Cross-cutting / undetermined,,See traceability matrix; not inferred from pathname alone,L7 — historical or evidentiary claim only
DOC-0699,docs/archive/reports/2026-01/analysis_report_initial_20260111.md,تقرير التحليل التقني الأولي - نظام بصير المحاسبي,REPORT,docs/archive/reports/2026-01,7164,ARCHIVED_CANDIDATE,2026-01-15T14:18:26+03:00,b3045c5d54d3040d09f7a3fd9e5a08374cf68569,Cross-cutting / undetermined,,See traceability matrix; not inferred from pathname alone,L7 — historical or evidentiary claim only
DOC-0700,docs/archive/reports/2026-01/analysis_results.txt,Analyzing basir_accounting_system...,ANALYSIS,docs/archive/reports/2026-01,30928,ARCHIVED_CANDIDATE,2026-01-15T14:18:26+03:00,b3045c5d54d3040d09f7a3fd9e5a08374cf68569,Cross-cutting / undetermined,,See traceability matrix; not inferred from pathname alone,L7 — historical or evidentiary claim only
DOC-0701,docs/archive/reports/2026-01/analysis_user_polish.txt,Analyzing basir_accounting_system...,ANALYSIS,docs/archive/reports/2026-01,13292,ARCHIVED_CANDIDATE,2026-01-15T14:18:26+03:00,b3045c5d54d3040d09f7a3fd9e5a08374cf68569,Cross-cutting / undetermined,,See traceability matrix; not inferred from pathname alone,L7 — historical or evidentiary claim only
DOC-0702,docs/archive/reports/2026-01/arabic_files.txt,./test_results_20260111.json,ARCHIVE,docs/archive/reports/2026-01,392697,ARCHIVED_CANDIDATE,2026-01-15T14:18:26+03:00,b3045c5d54d3040d09f7a3fd9e5a08374cf68569,Cross-cutting / undetermined,,See traceability matrix; not inferred from pathname alone,L7 — historical or evidentiary claim only
DOC-0703,docs/archive/reports/2026-01/comprehensive_assessment_report_20260111.md,التقرير الشامل لتقييم الواقع الفعلي - نظام بصير المحاسبي,REPORT,docs/archive/reports/2026-01,13782,ARCHIVED_CANDIDATE,2026-01-15T14:18:26+03:00,b3045c5d54d3040d09f7a3fd9e5a08374cf68569,Cross-cutting / undetermined,,See traceability matrix; not inferred from pathname alone,L7 — historical or evidentiary claim only
DOC-0704,docs/archive/reports/2026-01/comprehensive_manual_testing_report_20260112.md,تقرير الاختبار اليدوي الشامل - نظام بصير المحاسبي,REPORT,docs/archive/reports/2026-01,13104,ARCHIVED_CANDIDATE,2026-01-15T14:18:26+03:00,b3045c5d54d3040d09f7a3fd9e5a08374cf68569,Testing,,See traceability matrix; not inferred from pathname alone,L7 — historical or evidentiary claim only
DOC-0705,docs/archive/reports/2026-01/comprehensive_project_synchronization_report_20260111.md,تقرير التزامن الشامل للمشروع - نظام بصير المحاسبي,REPORT,docs/archive/reports/2026-01,16317,ARCHIVED_CANDIDATE,2026-01-15T14:18:26+03:00,b3045c5d54d3040d09f7a3fd9e5a08374cf68569,Cross-cutting / undetermined,.kiro/specs/active/basir_master_specification/07_INTEGRATION_PROTOCOLS.md,See traceability matrix; not inferred from pathname alone,L7 — historical or evidentiary claim only
DOC-0706,docs/archive/reports/2026-01/cross_platform_build_verification_report_20260112.md,Cross-Platform Build Verification Report,REPORT,docs/archive/reports/2026-01,9973,ARCHIVED_CANDIDATE,2026-01-15T14:18:26+03:00,b3045c5d54d3040d09f7a3fd9e5a08374cf68569,Flutter UI / UX,.kiro/specs/active/basir_master_specification/04_UI_DESIGN_SYSTEM.md,See traceability matrix; not inferred from pathname alone,L7 — historical or evidentiary claim only
DOC-0707,docs/archive/reports/2026-01/current_dependencies_status.json,"""packages"": [",STATUS,docs/archive/reports/2026-01,13488,ARCHIVED_CANDIDATE,2026-01-15T14:18:26+03:00,b3045c5d54d3040d09f7a3fd9e5a08374cf68569,Delivery / operations,,See traceability matrix; not inferred from pathname alone,L7 — historical or evidentiary claim only
DOC-0708,docs/archive/reports/2026-01/dashboard_continuation_status_20260112.md,تقرير حالة المتابعة - تحسين اختبارات Dashboard,STATUS,docs/archive/reports/2026-01,8554,ARCHIVED_CANDIDATE,2026-01-15T14:18:26+03:00,b3045c5d54d3040d09f7a3fd9e5a08374cf68569,Cross-cutting / undetermined,,See traceability matrix; not inferred from pathname alone,L7 — historical or evidentiary claim only
DOC-0709,docs/archive/reports/2026-01/dashboard_test_analysis_and_fix_report_20260112.md,تقرير تحليل وإصلاح اختبارات Dashboard - نظام بصير المحاسبي,REPORT,docs/archive/reports/2026-01,9473,ARCHIVED_CANDIDATE,2026-01-15T14:18:26+03:00,b3045c5d54d3040d09f7a3fd9e5a08374cf68569,Testing,,See traceability matrix; not inferred from pathname alone,L7 — historical or evidentiary claim only
DOC-0710,docs/archive/reports/2026-01/dashboard_test_completion_report_20260112.md,Dashboard Test Implementation Completion Report,STATUS,docs/archive/reports/2026-01,5739,ARCHIVED_CANDIDATE,2026-01-15T14:18:26+03:00,b3045c5d54d3040d09f7a3fd9e5a08374cf68569,Testing,,See traceability matrix; not inferred from pathname alone,L7 — historical or evidentiary claim only
DOC-0711,docs/archive/reports/2026-01/dashboard_test_continuation_plan_20260112.md,خطة متابعة إصلاح اختبارات Dashboard - نظام بصير المحاسبي,PLAN,docs/archive/reports/2026-01,14821,ARCHIVED_CANDIDATE,2026-01-15T14:18:26+03:00,b3045c5d54d3040d09f7a3fd9e5a08374cf68569,Testing,,See traceability matrix; not inferred from pathname alone,L5 — planning only
DOC-0712,docs/archive/reports/2026-01/dashboard_test_final_status_20260112.md,Dashboard Test Integration - Final Status Report,STATUS,docs/archive/reports/2026-01,6933,ARCHIVED_CANDIDATE,2026-01-15T14:18:26+03:00,b3045c5d54d3040d09f7a3fd9e5a08374cf68569,Testing,,See traceability matrix; not inferred from pathname alone,L7 — historical or evidentiary claim only
DOC-0713,docs/archive/reports/2026-01/dashboard_test_integration_success_report_20260113.md,تقرير نجاح مشروع Dashboard Test Integration,STATUS,docs/archive/reports/2026-01,138,ARCHIVED_CANDIDATE,2026-01-15T14:18:26+03:00,b3045c5d54d3040d09f7a3fd9e5a08374cf68569,Testing; Integration,.kiro/specs/active/basir_master_specification/07_INTEGRATION_PROTOCOLS.md,See traceability matrix; not inferred from pathname alone,L7 — historical or evidentiary claim only
DOC-0714,docs/archive/reports/2026-01/dashboard_test_optimization_report_20260112.md,Dashboard Test Performance Optimization Report,REPORT,docs/archive/reports/2026-01,8756,ARCHIVED_CANDIDATE,2026-01-15T14:18:26+03:00,b3045c5d54d3040d09f7a3fd9e5a08374cf68569,Testing,,See traceability matrix; not inferred from pathname alone,L7 — historical or evidentiary claim only
DOC-0715,docs/archive/reports/2026-01/dependencies_status_20260111.json,"""packages"": [",STATUS,docs/archive/reports/2026-01,13488,ARCHIVED_CANDIDATE,2026-01-15T14:18:26+03:00,b3045c5d54d3040d09f7a3fd9e5a08374cf68569,Delivery / operations,,See traceability matrix; not inferred from pathname alone,L7 — historical or evidentiary claim only
DOC-0716,docs/archive/reports/2026-01/dependencies_update_report_20260111.md,تقرير تحديث التبعيات - نظام بصير المحاسبي,REPORT,docs/archive/reports/2026-01,10775,ARCHIVED_CANDIDATE,2026-01-15T14:18:26+03:00,b3045c5d54d3040d09f7a3fd9e5a08374cf68569,Delivery / operations,,See traceability matrix; not inferred from pathname alone,L7 — historical or evidentiary claim only
DOC-0717,docs/archive/reports/2026-01/final_continuation_status_20260112.md,تقرير الحالة النهائية للمتابعة - نظام بصير المحاسبي,STATUS,docs/archive/reports/2026-01,10888,ARCHIVED_CANDIDATE,2026-01-15T14:18:26+03:00,b3045c5d54d3040d09f7a3fd9e5a08374cf68569,Cross-cutting / undetermined,,See traceability matrix; not inferred from pathname alone,L7 — historical or evidentiary claim only
DOC-0718,docs/archive/reports/2026-01/final_project_success_report_20260112.md,التقرير النهائي لنجاح مشروع نظام بصير المحاسبي,STATUS,docs/archive/reports/2026-01,18879,ARCHIVED_CANDIDATE,2026-01-15T14:18:26+03:00,b3045c5d54d3040d09f7a3fd9e5a08374cf68569,Cross-cutting / undetermined,,See traceability matrix; not inferred from pathname alone,L7 — historical or evidentiary claim only
DOC-0719,docs/archive/reports/2026-01/l10n_errors.txt,"""ar"": [",ARCHIVE,docs/archive/reports/2026-01,246,ARCHIVED_CANDIDATE,2026-01-15T14:18:26+03:00,b3045c5d54d3040d09f7a3fd9e5a08374cf68569,Cross-cutting / undetermined,,See traceability matrix; not inferred from pathname alone,L7 — historical or evidentiary claim only
DOC-0720,docs/archive/reports/2026-01/manual_testing_report_20260111.md,تقرير الاختبار اليدوي الشامل - نظام بصير المحاسبي,REPORT,docs/archive/reports/2026-01,13696,ARCHIVED_CANDIDATE,2026-01-15T14:18:26+03:00,b3045c5d54d3040d09f7a3fd9e5a08374cf68569,Testing,,See traceability matrix; not inferred from pathname alone,L7 — historical or evidentiary claim only
DOC-0721,docs/archive/reports/2026-01/next_phase_roadmap_20260112.md,خارطة الطريق للمرحلة القادمة - نظام بصير المحاسبي,PLAN,docs/archive/reports/2026-01,24320,ARCHIVED_CANDIDATE,2026-01-15T14:18:26+03:00,b3045c5d54d3040d09f7a3fd9e5a08374cf68569,Cross-cutting / undetermined,,See traceability matrix; not inferred from pathname alone,L5 — planning only
DOC-0722,docs/archive/reports/2026-01/performance_optimization_analysis_20260112.md,Performance Optimization Analysis & Implementation,ANALYSIS,docs/archive/reports/2026-01,10253,ARCHIVED_CANDIDATE,2026-01-15T14:18:26+03:00,b3045c5d54d3040d09f7a3fd9e5a08374cf68569,Cross-cutting / undetermined,,See traceability matrix; not inferred from pathname alone,L7 — historical or evidentiary claim only
DOC-0723,docs/archive/reports/2026-01/performance_optimization_implementation_report_20260112.md,Performance Optimization Implementation Report,REPORT,docs/archive/reports/2026-01,11290,ARCHIVED_CANDIDATE,2026-01-15T14:18:26+03:00,b3045c5d54d3040d09f7a3fd9e5a08374cf68569,Cross-cutting / undetermined,,See traceability matrix; not inferred from pathname alone,L7 — historical or evidentiary claim only
DOC-0724,docs/archive/reports/2026-01/phase_2_completion_report_20260111.md,تقرير إكمال المرحلة الثانية - نظام بصير المحاسبي,STATUS,docs/archive/reports/2026-01,8145,ARCHIVED_CANDIDATE,2026-01-15T14:18:26+03:00,b3045c5d54d3040d09f7a3fd9e5a08374cf68569,Cross-cutting / undetermined,,See traceability matrix; not inferred from pathname alone,L7 — historical or evidentiary claim only
DOC-0725,docs/archive/reports/2026-01/phase_2_final_completion_report_20260112.md,تقرير الإكمال النهائي للمرحلة الثانية - نظام بصير المحاسبي,STATUS,docs/archive/reports/2026-01,10215,ARCHIVED_CANDIDATE,2026-01-15T14:18:26+03:00,b3045c5d54d3040d09f7a3fd9e5a08374cf68569,Cross-cutting / undetermined,,See traceability matrix; not inferred from pathname alone,L7 — historical or evidentiary claim only
DOC-0726,docs/archive/reports/2026-01/phase_2_final_status_20260112.md,Phase 2 Final Status Report - MVP Reality Assessment,STATUS,docs/archive/reports/2026-01,6923,ARCHIVED_CANDIDATE,2026-01-15T14:18:26+03:00,b3045c5d54d3040d09f7a3fd9e5a08374cf68569,Cross-cutting / undetermined,,See traceability matrix; not inferred from pathname alone,L7 — historical or evidentiary claim only
DOC-0727,docs/archive/reports/2026-01/phase_3_1_holistic_audit_report_20260112.md,تقرير التدقيق الشامل النهائي - المرحلة 3.1,REPORT,docs/archive/reports/2026-01,10706,ARCHIVED_CANDIDATE,2026-01-15T14:18:26+03:00,b3045c5d54d3040d09f7a3fd9e5a08374cf68569,Cross-cutting / undetermined,,See traceability matrix; not inferred from pathname alone,L7 — historical or evidentiary claim only
DOC-0728,docs/archive/reports/2026-01/phase_3_2_performance_optimization_report_20260112.md,تقرير تحسين الأداء والجودة - المرحلة 3.2,REPORT,docs/archive/reports/2026-01,11578,ARCHIVED_CANDIDATE,2026-01-15T14:18:26+03:00,b3045c5d54d3040d09f7a3fd9e5a08374cf68569,Cross-cutting / undetermined,,See traceability matrix; not inferred from pathname alone,L7 — historical or evidentiary claim only
DOC-0729,docs/archive/reports/2026-01/project_completion_summary_20260112.md,ملخص إكمال مشروع نظام بصير المحاسبي - النجاح الاستثنائي,STATUS,docs/archive/reports/2026-01,5509,ARCHIVED_CANDIDATE,2026-01-15T14:18:26+03:00,b3045c5d54d3040d09f7a3fd9e5a08374cf68569,Cross-cutting / undetermined,,See traceability matrix; not inferred from pathname alone,L7 — historical or evidentiary claim only
DOC-0730,docs/archive/reports/2026-01/project_structure_review_20260111.md,تقرير مراجعة هيكل المشروع - نظام بصير المحاسبي,ARCHIVE,docs/archive/reports/2026-01,11314,ARCHIVED_CANDIDATE,2026-01-15T14:18:26+03:00,b3045c5d54d3040d09f7a3fd9e5a08374cf68569,Cross-cutting / undetermined,,See traceability matrix; not inferred from pathname alone,L7 — historical or evidentiary claim only
DOC-0731,docs/archive/reports/2026-01/test_fixes_completion_report_20260112.md,Test Infrastructure Fixes - Completion Report,STATUS,docs/archive/reports/2026-01,6379,ARCHIVED_CANDIDATE,2026-01-15T14:18:26+03:00,b3045c5d54d3040d09f7a3fd9e5a08374cf68569,Testing,,See traceability matrix; not inferred from pathname alone,L7 — historical or evidentiary claim only
DOC-0732,docs/archive/reports/2026-01/test_output_2.txt,00:00 +0: loading /home/m/Projects/basir_accounting_system/test/integration/invoice_posting_test.dart,ARCHIVE,docs/archive/reports/2026-01,10546,ARCHIVED_CANDIDATE,2026-01-15T14:18:26+03:00,b3045c5d54d3040d09f7a3fd9e5a08374cf68569,Testing,,See traceability matrix; not inferred from pathname alone,L7 — historical or evidentiary claim only
DOC-0733,docs/archive/reports/2026-01/test_performance_optimization_report_20260111.md,تقرير تحسين أداء الاختبارات - نظام بصير المحاسبي,REPORT,docs/archive/reports/2026-01,12923,ARCHIVED_CANDIDATE,2026-01-15T14:18:26+03:00,b3045c5d54d3040d09f7a3fd9e5a08374cf68569,Testing,,See traceability matrix; not inferred from pathname alone,L7 — historical or evidentiary claim only
DOC-0734,docs/archive/reports/2026-01/test_results_20260111.json,"{""protocolVersion"":""0.1.1"",""runnerVersion"":null,""pid"":238638,""type"":""start"",""time"":0}",ARCHIVE,docs/archive/reports/2026-01,5014925,ARCHIVED_CANDIDATE,2026-01-15T14:18:26+03:00,b3045c5d54d3040d09f7a3fd9e5a08374cf68569,Testing,,See traceability matrix; not inferred from pathname alone,L7 — historical or evidentiary claim only
DOC-0735,docs/assets/screenshots/initial_run.png,�PNG,UNKNOWN,docs/assets/screenshots,62570,UNDECLARED,2025-12-29T21:52:19+03:00,e19f81ab07bea087097bea1bd68850501be70504,Cross-cutting / undetermined,,See traceability matrix; not inferred from pathname alone,UNASSIGNED
DOC-0736,docs/assets/screenshots/release_run.png,�PNG,UNKNOWN,docs/assets/screenshots,131764,UNDECLARED,2025-12-29T21:52:19+03:00,e19f81ab07bea087097bea1bd68850501be70504,Cross-cutting / undetermined,,See traceability matrix; not inferred from pathname alone,UNASSIGNED
DOC-0737,docs/check_duplicates.sh,سكريبت فحص الملفات المكررة في مجلد Documentation,UNKNOWN,docs,6020,UNDECLARED,2025-12-29T21:52:19+03:00,e19f81ab07bea087097bea1bd68850501be70504,Cross-cutting / undetermined,,See traceability matrix; not inferred from pathname alone,UNASSIGNED
DOC-0738,docs/check_links.sh,سكريبت فحص الروابط الداخلية المحسن في مجلد Documentation,UNKNOWN,docs,5701,UNDECLARED,2025-12-29T21:52:19+03:00,e19f81ab07bea087097bea1bd68850501be70504,Cross-cutting / undetermined,,See traceability matrix; not inferred from pathname alone,UNASSIGNED
DOC-0739,docs/check_markdown.sh,سكريبت فحص تنسيق Markdown في مجلد Documentation,UNKNOWN,docs,5349,UNDECLARED,2025-12-29T21:52:19+03:00,e19f81ab07bea087097bea1bd68850501be70504,Cross-cutting / undetermined,,See traceability matrix; not inferred from pathname alone,UNASSIGNED
DOC-0740,docs/components_guide.md,دليل المكونات الأساسية,GUIDE,docs,10294,UNDECLARED,2026-01-02T13:15:47+03:00,560c3372de9ac640f01e3854b211ffb6ef0664fd,Flutter UI / UX,.kiro/specs/active/basir_master_specification/04_UI_DESIGN_SYSTEM.md,See traceability matrix; not inferred from pathname alone,L6 — operational guidance / policy candidate
DOC-0741,docs/current-dependencies.json,"""root"": ""basir_app"",",UNKNOWN,docs,84752,UNDECLARED,2026-01-11T23:12:27+03:00,c458bbcaa0bf25bc561e64c3f926e61178af03f0,Delivery / operations,,See traceability matrix; not inferred from pathname alone,UNASSIGNED
DOC-0742,docs/current-state-analysis.md,تحليل الحالة الحالية - مشروع بصير,ANALYSIS,docs,7746,UNDECLARED,2026-01-11T23:12:27+03:00,c458bbcaa0bf25bc561e64c3f926e61178af03f0,Cross-cutting / undetermined,,See traceability matrix; not inferred from pathname alone,L7 — historical or evidentiary claim only
DOC-0743,docs/customization_system.md,نظام التخصيص - Customization System,UNKNOWN,docs,6000,UNDECLARED,2026-01-02T13:15:47+03:00,560c3372de9ac640f01e3854b211ffb6ef0664fd,Cross-cutting / undetermined,,See traceability matrix; not inferred from pathname alone,UNASSIGNED
DOC-0744,docs/design_tokens_guide.md,دليل Design Tokens - نظام الألوان والتصميم,DESIGN,docs,8950,UNDECLARED,2026-01-10T16:25:47+03:00,3949e860a901b4584f2d0ed8b9ea5cdfc3ab6430,Flutter UI / UX,.kiro/specs/active/basir_master_specification/04_UI_DESIGN_SYSTEM.md,See traceability matrix; not inferred from pathname alone,L3 — design authority candidate
DOC-0745,docs/git-workflow-guide.md,Git Workflow Guide - Basir ERP Development,GUIDE,docs,9189,UNDECLARED,2026-01-11T19:07:45+03:00,0095f136e2978e65c35b2ba7e2c0b935f4eafda6,Flutter UI / UX,.kiro/specs/active/basir_master_specification/04_UI_DESIGN_SYSTEM.md,See traceability matrix; not inferred from pathname alone,L6 — operational guidance / policy candidate
DOC-0746,docs/guides/ACCESSIBILITY_TESTING_GUIDE.md,دليل اختبار إمكانية الوصول (Accessibility Testing Guide),GUIDE,docs/guides,11517,UNDECLARED,2026-07-27T16:20:21+03:00,a766d6d812a09c6c498a11706629d9ac28f641f5,Flutter UI / UX; Testing,.kiro/specs/active/basir_master_specification/04_UI_DESIGN_SYSTEM.md,See traceability matrix; not inferred from pathname alone,L6 — operational guidance / policy candidate
DOC-0747,docs/guides/CONTRIBUTORS_GUIDE.md,🤝 دليل المساهمين في وثائق مشروع بصير,GUIDE,docs/guides,15379,UNDECLARED,2025-12-29T21:52:19+03:00,e19f81ab07bea087097bea1bd68850501be70504,Flutter UI / UX,.kiro/specs/active/basir_master_specification/04_UI_DESIGN_SYSTEM.md,See traceability matrix; not inferred from pathname alone,L6 — operational guidance / policy candidate
DOC-0748,docs/guides/DEPENDENCY_MAINTENANCE_GUIDE.md,دليل صيانة التبعيات - مشروع بصير,GUIDE,docs/guides,9040,UNDECLARED,2025-12-29T21:52:19+03:00,e19f81ab07bea087097bea1bd68850501be70504,Flutter UI / UX,.kiro/specs/active/basir_master_specification/04_UI_DESIGN_SYSTEM.md,See traceability matrix; not inferred from pathname alone,L6 — operational guidance / policy candidate
DOC-0749,docs/guides/DEVELOPER_GUIDE_UPDATED.md,Professional Developer Guide: Basir Accounting System MVP,GUIDE,docs/guides,5924,UNDECLARED,2026-01-14T19:04:36+03:00,f277bbefaa40ec35456613b248e4d6b3e857898c,Flutter UI / UX,.kiro/specs/active/basir_master_specification/04_UI_DESIGN_SYSTEM.md,See traceability matrix; not inferred from pathname alone,L6 — operational guidance / policy candidate
DOC-0750,docs/guides/GITHUB_INTEGRATION_GUIDE.md,دليل استخدام GitHub Integration - مشروع بصير,GUIDE,docs/guides,6503,UNDECLARED,2025-12-29T21:11:31+03:00,154fa5e7fd701f2e7c1a4c3ffc27f02c363681ac,Flutter UI / UX; Integration,.kiro/specs/active/basir_master_specification/04_UI_DESIGN_SYSTEM.md,See traceability matrix; not inferred from pathname alone,L6 — operational guidance / policy candidate
DOC-0751,docs/guides/README.md,الأدلة والإرشادات,GUIDE,docs/guides,1565,UNDECLARED,2025-12-29T21:11:31+03:00,154fa5e7fd701f2e7c1a4c3ffc27f02c363681ac,Flutter UI / UX,.kiro/specs/active/basir_master_specification/04_UI_DESIGN_SYSTEM.md,See traceability matrix; not inferred from pathname alone,L6 — operational guidance / policy candidate
DOC-0752,docs/guides/design/DESIGN.md,دليل التصميم - تطبيق بصير,DESIGN,docs/guides/design,4195,UNDECLARED,2025-12-29T21:11:31+03:00,154fa5e7fd701f2e7c1a4c3ffc27f02c363681ac,Flutter UI / UX,.kiro/specs/active/basir_master_specification/04_UI_DESIGN_SYSTEM.md,See traceability matrix; not inferred from pathname alone,L3 — design authority candidate
DOC-0753,docs/guides/development/CONTINUATION_PLAN.md,خطة الاستمرار - المرحلة التنفيذية,PLAN,docs/guides/development,7881,PLANNING_CANDIDATE,2025-12-29T21:11:31+03:00,154fa5e7fd701f2e7c1a4c3ffc27f02c363681ac,Flutter UI / UX,.kiro/specs/active/basir_master_specification/04_UI_DESIGN_SYSTEM.md,See traceability matrix; not inferred from pathname alone,L5 — planning only
DOC-0754,docs/guides/development/DEV_ENVIRONMENT_ANALYSIS.md,تقرير تحليل بيئة التطوير لمشروع بصير,ANALYSIS,docs/guides/development,17549,UNDECLARED,2025-12-29T21:11:31+03:00,154fa5e7fd701f2e7c1a4c3ffc27f02c363681ac,Flutter UI / UX,.kiro/specs/active/basir_master_specification/04_UI_DESIGN_SYSTEM.md,See traceability matrix; not inferred from pathname alone,L7 — historical or evidentiary claim only
DOC-0755,docs/guides/development/MCP_QUICK_SETUP.md,دليل الإعداد السريع لخوادم MCP,UNKNOWN,docs/guides/development,4792,UNDECLARED,2025-12-29T21:11:31+03:00,154fa5e7fd701f2e7c1a4c3ffc27f02c363681ac,Flutter UI / UX,.kiro/specs/active/basir_master_specification/04_UI_DESIGN_SYSTEM.md,See traceability matrix; not inferred from pathname alone,UNASSIGNED
DOC-0756,docs/guides/development/MCP_SERVERS_CONFIGURATION.md,تكوين خوادم MCP لمشروع بصير,UNKNOWN,docs/guides/development,9608,UNDECLARED,2026-01-02T13:15:47+03:00,560c3372de9ac640f01e3854b211ffb6ef0664fd,Flutter UI / UX,.kiro/specs/active/basir_master_specification/04_UI_DESIGN_SYSTEM.md,See traceability matrix; not inferred from pathname alone,UNASSIGNED
DOC-0757,docs/guides/development/MCP_VERIFICATION_REPORT.md,تقرير التحقق النهائي من MCP,REPORT,docs/guides/development,10867,UNDECLARED,2025-12-29T21:11:31+03:00,154fa5e7fd701f2e7c1a4c3ffc27f02c363681ac,Flutter UI / UX,.kiro/specs/active/basir_master_specification/04_UI_DESIGN_SYSTEM.md,See traceability matrix; not inferred from pathname alone,L7 — historical or evidentiary claim only
DOC-0758,docs/guides/engineering/ERROR_HANDLING_GUIDE.md,Comprehensive Error Handling Guide,GUIDE,docs/guides/engineering,12574,UNDECLARED,2026-01-14T19:04:36+03:00,f277bbefaa40ec35456613b248e4d6b3e857898c,Flutter UI / UX,.kiro/specs/active/basir_master_specification/04_UI_DESIGN_SYSTEM.md,See traceability matrix; not inferred from pathname alone,L6 — operational guidance / policy candidate
DOC-0759,docs/guides/kiro_reference/INDEX.md,فهرس الأدلة الشاملة - بصير MVP,REFERENCE,docs/guides/kiro_reference,3620,UNDECLARED,2025-12-29T21:11:31+03:00,154fa5e7fd701f2e7c1a4c3ffc27f02c363681ac,Flutter UI / UX,.kiro/specs/active/basir_master_specification/04_UI_DESIGN_SYSTEM.md,See traceability matrix; not inferred from pathname alone,L6 — operational guidance / policy candidate
DOC-0760,docs/guides/kiro_reference/comprehensive-agent-guide.md,الدليل الشامل لفريق وكلاء تطوير مشروع بصير,GUIDE,docs/guides/kiro_reference,21045,UNDECLARED,2026-01-02T13:15:47+03:00,560c3372de9ac640f01e3854b211ffb6ef0664fd,Flutter UI / UX,.kiro/specs/active/basir_master_specification/04_UI_DESIGN_SYSTEM.md,See traceability matrix; not inferred from pathname alone,L6 — operational guidance / policy candidate
DOC-0761,docs/guides/kiro_reference/deployment-guide.md,دليل النشر الكامل,GUIDE,docs/guides/kiro_reference,13102,UNDECLARED,2026-01-02T13:15:47+03:00,560c3372de9ac640f01e3854b211ffb6ef0664fd,Flutter UI / UX; Delivery / operations,.kiro/specs/active/basir_master_specification/04_UI_DESIGN_SYSTEM.md,See traceability matrix; not inferred from pathname alone,L6 — operational guidance / policy candidate
DOC-0762,docs/guides/kiro_reference/development-standards.md,معايير التطوير - بصير MVP,STANDARD,docs/guides/kiro_reference,11226,UNDECLARED,2025-12-29T21:11:31+03:00,154fa5e7fd701f2e7c1a4c3ffc27f02c363681ac,Flutter UI / UX,.kiro/specs/active/basir_master_specification/04_UI_DESIGN_SYSTEM.md,See traceability matrix; not inferred from pathname alone,L6 — operational guidance / policy candidate
DOC-0763,docs/guides/kiro_reference/flutter-dart-standards.md,معايير Flutter/Dart للمشروع,STANDARD,docs/guides/kiro_reference,6111,UNDECLARED,2026-01-11T23:12:27+03:00,c458bbcaa0bf25bc561e64c3f926e61178af03f0,Flutter UI / UX,.kiro/specs/active/basir_master_specification/04_UI_DESIGN_SYSTEM.md,See traceability matrix; not inferred from pathname alone,L6 — operational guidance / policy candidate
DOC-0764,docs/guides/kiro_reference/flutter-guide.md,دليل Flutter الكامل,GUIDE,docs/guides/kiro_reference,24373,UNDECLARED,2025-12-29T21:11:31+03:00,154fa5e7fd701f2e7c1a4c3ffc27f02c363681ac,Flutter UI / UX,.kiro/specs/active/basir_master_specification/04_UI_DESIGN_SYSTEM.md,See traceability matrix; not inferred from pathname alone,L6 — operational guidance / policy candidate
DOC-0765,docs/guides/kiro_reference/frontend-standards.md,معايير Flutter Frontend - بصير MVP,STANDARD,docs/guides/kiro_reference,9328,UNDECLARED,2026-01-02T13:15:47+03:00,560c3372de9ac640f01e3854b211ffb6ef0664fd,Flutter UI / UX,.kiro/specs/active/basir_master_specification/04_UI_DESIGN_SYSTEM.md,See traceability matrix; not inferred from pathname alone,L6 — operational guidance / policy candidate
DOC-0766,docs/guides/kiro_reference/git-guide.md,دليل Git الكامل,GUIDE,docs/guides/kiro_reference,13671,UNDECLARED,2025-12-29T21:11:31+03:00,154fa5e7fd701f2e7c1a4c3ffc27f02c363681ac,Flutter UI / UX,.kiro/specs/active/basir_master_specification/04_UI_DESIGN_SYSTEM.md,See traceability matrix; not inferred from pathname alone,L6 — operational guidance / policy candidate
DOC-0767,docs/guides/kiro_reference/git-standards.md,معايير Git الشاملة - بصير MVP,STANDARD,docs/guides/kiro_reference,5152,UNDECLARED,2025-12-29T21:11:31+03:00,154fa5e7fd701f2e7c1a4c3ffc27f02c363681ac,Flutter UI / UX,.kiro/specs/active/basir_master_specification/04_UI_DESIGN_SYSTEM.md,See traceability matrix; not inferred from pathname alone,L6 — operational guidance / policy candidate
DOC-0768,docs/guides/kiro_reference/kiro-compliance.md,معايير الامتثال لـ Kiro.dev,REFERENCE,docs/guides/kiro_reference,7637,UNDECLARED,2025-12-29T21:11:31+03:00,154fa5e7fd701f2e7c1a4c3ffc27f02c363681ac,Flutter UI / UX,.kiro/specs/active/basir_master_specification/04_UI_DESIGN_SYSTEM.md,See traceability matrix; not inferred from pathname alone,L6 — operational guidance / policy candidate
DOC-0769,docs/guides/kiro_reference/mcp-github-server-fix.md,دليل إصلاح خادم GitHub MCP - حل جذري,REFERENCE,docs/guides/kiro_reference,9019,UNDECLARED,2025-12-29T21:11:31+03:00,154fa5e7fd701f2e7c1a4c3ffc27f02c363681ac,Flutter UI / UX,.kiro/specs/active/basir_master_specification/04_UI_DESIGN_SYSTEM.md,See traceability matrix; not inferred from pathname alone,L6 — operational guidance / policy candidate
DOC-0770,docs/guides/kiro_reference/performance-optimization.md,Performance Optimization Guide,REFERENCE,docs/guides/kiro_reference,3056,UNDECLARED,2025-12-29T21:11:31+03:00,154fa5e7fd701f2e7c1a4c3ffc27f02c363681ac,Flutter UI / UX,.kiro/specs/active/basir_master_specification/04_UI_DESIGN_SYSTEM.md,See traceability matrix; not inferred from pathname alone,L6 — operational guidance / policy candidate
DOC-0771,docs/guides/kiro_reference/project-standards.md,معايير المشروع - بصير MVP,STANDARD,docs/guides/kiro_reference,9661,UNDECLARED,2025-12-29T21:11:31+03:00,154fa5e7fd701f2e7c1a4c3ffc27f02c363681ac,Flutter UI / UX,.kiro/specs/active/basir_master_specification/04_UI_DESIGN_SYSTEM.md,See traceability matrix; not inferred from pathname alone,L6 — operational guidance / policy candidate
DOC-0772,docs/guides/kiro_reference/riverpod_optimization_guide.md,دليل تحسين Riverpod - بصير MVP,GUIDE,docs/guides/kiro_reference,4595,UNDECLARED,2025-12-29T21:11:31+03:00,154fa5e7fd701f2e7c1a4c3ffc27f02c363681ac,Flutter state management; Flutter UI / UX,.kiro/specs/active/basir_master_specification/04_UI_DESIGN_SYSTEM.md,See traceability matrix; not inferred from pathname alone,L6 — operational guidance / policy candidate
DOC-0773,docs/guides/kiro_reference/security-best-practices.md,أفضل ممارسات الأمان - بصير MVP,REFERENCE,docs/guides/kiro_reference,10643,UNDECLARED,2026-01-02T13:15:47+03:00,560c3372de9ac640f01e3854b211ffb6ef0664fd,Security; Flutter UI / UX,.kiro/specs/active/basir_master_specification/04_UI_DESIGN_SYSTEM.md,See traceability matrix; not inferred from pathname alone,L6 — operational guidance / policy candidate
DOC-0774,docs/guides/kiro_reference/security-guide.md,دليل الأمان الكامل,GUIDE,docs/guides/kiro_reference,16886,UNDECLARED,2025-12-29T21:11:31+03:00,154fa5e7fd701f2e7c1a4c3ffc27f02c363681ac,Security; Flutter UI / UX,.kiro/specs/active/basir_master_specification/04_UI_DESIGN_SYSTEM.md,See traceability matrix; not inferred from pathname alone,L6 — operational guidance / policy candidate
DOC-0775,docs/guides/kiro_reference/testing-guide.md,دليل الاختبارات الكامل,GUIDE,docs/guides/kiro_reference,15843,UNDECLARED,2025-12-29T21:11:31+03:00,154fa5e7fd701f2e7c1a4c3ffc27f02c363681ac,Flutter UI / UX; Testing,.kiro/specs/active/basir_master_specification/04_UI_DESIGN_SYSTEM.md,See traceability matrix; not inferred from pathname alone,L6 — operational guidance / policy candidate
DOC-0776,docs/guides/setup/ENVIRONMENT_SETUP_SUMMARY.md,ملخص تحليل بيئة التطوير,REPORT,docs/guides/setup,8049,UNDECLARED,2025-12-29T21:11:31+03:00,154fa5e7fd701f2e7c1a4c3ffc27f02c363681ac,Flutter UI / UX,.kiro/specs/active/basir_master_specification/04_UI_DESIGN_SYSTEM.md,See traceability matrix; not inferred from pathname alone,L7 — historical or evidentiary claim only
DOC-0777,docs/guides/setup/FINAL_SETUP_REPORT.md,التقرير النهائي - إكمال الإعداد الكامل,STATUS,docs/guides/setup,12656,UNDECLARED,2025-12-29T21:11:31+03:00,154fa5e7fd701f2e7c1a4c3ffc27f02c363681ac,Flutter UI / UX,.kiro/specs/active/basir_master_specification/04_UI_DESIGN_SYSTEM.md,See traceability matrix; not inferred from pathname alone,L7 — historical or evidentiary claim only
DOC-0778,docs/guides/setup/QUICK_SETUP_GUIDE.md,دليل الإعداد السريع - بيئة التطوير,GUIDE,docs/guides/setup,5698,UNDECLARED,2025-12-29T21:11:31+03:00,154fa5e7fd701f2e7c1a4c3ffc27f02c363681ac,Flutter UI / UX,.kiro/specs/active/basir_master_specification/04_UI_DESIGN_SYSTEM.md,See traceability matrix; not inferred from pathname alone,L6 — operational guidance / policy candidate
DOC-0779,docs/guides/setup/SETUP_COMPLETE.md,✅ الإعداد مكتمل 100%!,UNKNOWN,docs/guides/setup,1386,COMPLETED_CLAIM,2025-12-29T21:11:31+03:00,154fa5e7fd701f2e7c1a4c3ffc27f02c363681ac,Flutter UI / UX,.kiro/specs/active/basir_master_specification/04_UI_DESIGN_SYSTEM.md,See traceability matrix; not inferred from pathname alone,UNASSIGNED
DOC-0780,docs/guides/setup/SETUP_COMPLETION_REPORT.md,تقرير إكمال الإعداد,STATUS,docs/guides/setup,10115,COMPLETED_CLAIM,2026-01-02T13:15:47+03:00,560c3372de9ac640f01e3854b211ffb6ef0664fd,Flutter UI / UX,.kiro/specs/active/basir_master_specification/04_UI_DESIGN_SYSTEM.md,See traceability matrix; not inferred from pathname alone,L7 — historical or evidentiary claim only
DOC-0781,docs/guides/setup/SETUP_DONE.md,✅ تم إكمال الإعداد!,UNKNOWN,docs/guides/setup,1760,UNDECLARED,2025-12-29T21:11:31+03:00,154fa5e7fd701f2e7c1a4c3ffc27f02c363681ac,Flutter UI / UX,.kiro/specs/active/basir_master_specification/04_UI_DESIGN_SYSTEM.md,See traceability matrix; not inferred from pathname alone,UNASSIGNED
DOC-0782,docs/guides/troubleshooting/ERROR_RESOLUTION_LOG.md,سجل حل الأخطاء,UNKNOWN,docs/guides/troubleshooting,8775,UNDECLARED,2025-12-29T21:11:31+03:00,154fa5e7fd701f2e7c1a4c3ffc27f02c363681ac,Flutter UI / UX,.kiro/specs/active/basir_master_specification/04_UI_DESIGN_SYSTEM.md,See traceability matrix; not inferred from pathname alone,UNASSIGNED
DOC-0783,docs/guides/troubleshooting/ERROR_TRACKING_GUIDE.md,دليل نظام تتبع الأخطاء والسجلات,GUIDE,docs/guides/troubleshooting,15182,UNDECLARED,2025-12-29T21:11:31+03:00,154fa5e7fd701f2e7c1a4c3ffc27f02c363681ac,Flutter UI / UX,.kiro/specs/active/basir_master_specification/04_UI_DESIGN_SYSTEM.md,See traceability matrix; not inferred from pathname alone,L6 — operational guidance / policy candidate
DOC-0784,docs/guides/troubleshooting/ERROR_TRACKING_SYSTEM_REVIEW.md,مراجعة شاملة لنظام تتبع الأخطاء والسجلات,UNKNOWN,docs/guides/troubleshooting,17031,UNDECLARED,2025-12-29T21:11:31+03:00,154fa5e7fd701f2e7c1a4c3ffc27f02c363681ac,Flutter UI / UX,.kiro/specs/active/basir_master_specification/04_UI_DESIGN_SYSTEM.md,See traceability matrix; not inferred from pathname alone,UNASSIGNED
DOC-0785,docs/guides/troubleshooting/FLUTTER_TEST_RANGERROR_SOLUTION.md,حل مشكلة Flutter Test RangeError - تقرير شامل,UNKNOWN,docs/guides/troubleshooting,5102,UNDECLARED,2025-12-29T21:11:31+03:00,154fa5e7fd701f2e7c1a4c3ffc27f02c363681ac,Flutter UI / UX; Testing,.kiro/specs/active/basir_master_specification/04_UI_DESIGN_SYSTEM.md,See traceability matrix; not inferred from pathname alone,UNASSIGNED
DOC-0786,docs/guides/troubleshooting/TROUBLESHOOTING_DOCUMENTATION_FINAL.md,,STATUS,docs/guides/troubleshooting,0,UNDECLARED,2025-12-29T21:11:31+03:00,154fa5e7fd701f2e7c1a4c3ffc27f02c363681ac,Flutter UI / UX,.kiro/specs/active/basir_master_specification/04_UI_DESIGN_SYSTEM.md,See traceability matrix; not inferred from pathname alone,L7 — historical or evidentiary claim only
DOC-0787,docs/guides/troubleshooting/TROUBLESHOOTING_SUMMARY.md,ملخص توثيق حل مشكلة خادم GitHub MCP,REPORT,docs/guides/troubleshooting,4109,UNDECLARED,2025-12-29T21:11:31+03:00,154fa5e7fd701f2e7c1a4c3ffc27f02c363681ac,Flutter UI / UX,.kiro/specs/active/basir_master_specification/04_UI_DESIGN_SYSTEM.md,See traceability matrix; not inferred from pathname alone,L7 — historical or evidentiary claim only
DOC-0788,docs/link_repair_progress.md,تقرير تقدم إصلاح الروابط المكسورة,STATUS,docs,1956,UNDECLARED,2025-12-29T21:11:31+03:00,154fa5e7fd701f2e7c1a4c3ffc27f02c363681ac,Cross-cutting / undetermined,,See traceability matrix; not inferred from pathname alone,L7 — historical or evidentiary claim only
DOC-0789,docs/links_report_20251228_175846.md,تقرير فحص الروابط - 28 December 2025 - 17:58,REPORT,docs,44927,UNDECLARED,2026-01-02T13:15:47+03:00,560c3372de9ac640f01e3854b211ffb6ef0664fd,Cross-cutting / undetermined,,See traceability matrix; not inferred from pathname alone,L7 — historical or evidentiary claim only
DOC-0790,docs/outdated-dependencies.json,"""packages"": [",UNKNOWN,docs,13488,UNDECLARED,2026-01-11T23:12:27+03:00,c458bbcaa0bf25bc561e64c3f926e61178af03f0,Delivery / operations,,See traceability matrix; not inferred from pathname alone,UNASSIGNED
DOC-0791,docs/reports/ANALYSIS_COMPLETION_REPORT.md,تقرير إكمال التحليل الهندسي–المعرفي الشامل,STATUS,docs/reports,11638,COMPLETED_CLAIM,2025-12-29T21:52:19+03:00,e19f81ab07bea087097bea1bd68850501be70504,Cross-cutting / undetermined,,See traceability matrix; not inferred from pathname alone,L7 — historical or evidentiary claim only
DOC-0792,docs/reports/ANDROID_DEVICE_TEST_REPORT.md,تقرير اختبار التطبيق على جهاز Android,REPORT,docs/reports,12230,HISTORICAL_OR_STATUS,2025-12-29T21:11:31+03:00,154fa5e7fd701f2e7c1a4c3ffc27f02c363681ac,Testing,,See traceability matrix; not inferred from pathname alone,L7 — historical or evidentiary claim only
DOC-0793,docs/reports/COMPREHENSIVE_ENGINEERING_COGNITIVE_ANALYSIS.md,التحليل الهندسي–المعرفي الشامل لمشروع بصير MVP,ANALYSIS,docs/reports,66988,HISTORICAL_OR_STATUS,2026-01-02T13:15:47+03:00,560c3372de9ac640f01e3854b211ffb6ef0664fd,Cross-cutting / undetermined,,See traceability matrix; not inferred from pathname alone,L7 — historical or evidentiary claim only
DOC-0794,docs/reports/DOCUMENTATION_ORGANIZATION_REPORT.md,تقرير تنظيم التوثيق والتقارير,REPORT,docs/reports,9091,HISTORICAL_OR_STATUS,2026-01-02T13:15:47+03:00,560c3372de9ac640f01e3854b211ffb6ef0664fd,Cross-cutting / undetermined,,See traceability matrix; not inferred from pathname alone,L7 — historical or evidentiary claim only
DOC-0795,docs/reports/ERROR_TRACKING_IMPLEMENTATION_REPORT.md,تقرير تنفيذ نظام تتبع الأخطاء والسجلات,REPORT,docs/reports,18453,HISTORICAL_OR_STATUS,2025-12-29T21:52:19+03:00,e19f81ab07bea087097bea1bd68850501be70504,Cross-cutting / undetermined,,See traceability matrix; not inferred from pathname alone,L7 — historical or evidentiary claim only
DOC-0796,docs/reports/FINAL_CHECKPOINT_REPORT.md,تقرير Final Checkpoint - نظام تتبع الأخطاء والسجلات,STATUS,docs/reports,15084,HISTORICAL_OR_STATUS,2025-12-29T21:52:19+03:00,e19f81ab07bea087097bea1bd68850501be70504,Cross-cutting / undetermined,,See traceability matrix; not inferred from pathname alone,L7 — historical or evidentiary claim only
DOC-0797,docs/reports/FLUTTER_ANALYZE_FIX_REPORT.md,تقرير إصلاح مشكلات Flutter Analyze,REPORT,docs/reports,18022,HISTORICAL_OR_STATUS,2026-01-02T13:15:47+03:00,560c3372de9ac640f01e3854b211ffb6ef0664fd,Cross-cutting / undetermined,,See traceability matrix; not inferred from pathname alone,L7 — historical or evidentiary claim only
DOC-0798,docs/reports/FLUTTER_ANALYZE_SUCCESS_SUMMARY.md,ملخص نجاح إصلاح Flutter Analyze,STATUS,docs/reports,12496,HISTORICAL_OR_STATUS,2025-12-29T21:52:19+03:00,e19f81ab07bea087097bea1bd68850501be70504,Cross-cutting / undetermined,,See traceability matrix; not inferred from pathname alone,L7 — historical or evidentiary claim only
DOC-0799,docs/reports/INDEX.md,فهرس التقارير - مشروع بصير MVP,UNKNOWN,docs/reports,9566,HISTORICAL_OR_STATUS,2025-12-29T21:52:19+03:00,e19f81ab07bea087097bea1bd68850501be70504,Cross-cutting / undetermined,,See traceability matrix; not inferred from pathname alone,UNASSIGNED
DOC-0800,docs/reports/LOGO_IMPLEMENTATION_REPORT.md,تقرير تنفيذ شعار بصير,REPORT,docs/reports,12091,HISTORICAL_OR_STATUS,2025-12-29T21:52:19+03:00,e19f81ab07bea087097bea1bd68850501be70504,Cross-cutting / undetermined,,See traceability matrix; not inferred from pathname alone,L7 — historical or evidentiary claim only
DOC-0801,docs/reports/PROJECT_COMPLETION_SUMMARY.md,Final Project Completion Summary: Error Tracking and Logging System,STATUS,docs/reports,3344,COMPLETED_CLAIM,2026-01-14T19:04:36+03:00,f277bbefaa40ec35456613b248e4d6b3e857898c,Cross-cutting / undetermined,,See traceability matrix; not inferred from pathname alone,L7 — historical or evidentiary claim only
DOC-0802,docs/reports/README.md,التقارير,GUIDE,docs/reports,1756,HISTORICAL_OR_STATUS,2025-12-29T21:11:31+03:00,154fa5e7fd701f2e7c1a4c3ffc27f02c363681ac,Cross-cutting / undetermined,,See traceability matrix; not inferred from pathname alone,L6 — operational guidance / policy candidate
DOC-0803,docs/reports/REPOSITORY_CLEANUP_COMPLETION_REPORT.md,تقرير إكمال تنظيف المستودع,STATUS,docs/reports,1151,COMPLETED_CLAIM,2025-12-29T21:52:19+03:00,e19f81ab07bea087097bea1bd68850501be70504,Cross-cutting / undetermined,,See traceability matrix; not inferred from pathname alone,L7 — historical or evidentiary claim only
DOC-0804,docs/reports/TASK_17_COMPLETION_REPORT.md,تقرير إكمال المهمة 17 - إعداد بيئة الاختبار,TASK,docs/reports,10298,COMPLETED_CLAIM,2025-12-29T21:11:31+03:00,154fa5e7fd701f2e7c1a4c3ffc27f02c363681ac,Cross-cutting / undetermined,,See traceability matrix; not inferred from pathname alone,L5 — planning only
DOC-0805,docs/reports/TASK_18_COMPLETION_REPORT.md,تقرير إكمال المهمة 18 - معالجة الأخطاء الشاملة,TASK,docs/reports,14488,COMPLETED_CLAIM,2025-12-29T21:52:19+03:00,e19f81ab07bea087097bea1bd68850501be70504,Cross-cutting / undetermined,,See traceability matrix; not inferred from pathname alone,L5 — planning only
DOC-0806,docs/reports/TASK_19_COMPLETION_REPORT.md,تقرير إكمال المهمة 19 - اختبار الأداء والتحسين,TASK,docs/reports,15327,COMPLETED_CLAIM,2025-12-29T21:11:31+03:00,154fa5e7fd701f2e7c1a4c3ffc27f02c363681ac,Cross-cutting / undetermined,,See traceability matrix; not inferred from pathname alone,L5 — planning only
DOC-0807,docs/reports/TASK_20_COMPLETION_REPORT.md,تقرير إكمال المهمة 20 - اختبار الأمان,TASK,docs/reports,18569,COMPLETED_CLAIM,2025-12-29T21:11:31+03:00,154fa5e7fd701f2e7c1a4c3ffc27f02c363681ac,Cross-cutting / undetermined,,See traceability matrix; not inferred from pathname alone,L5 — planning only
DOC-0808,docs/reports/TASK_21_COMPLETION_REPORT.md,تقرير إكمال المهمة 21 - اختبار التكامل النهائي,TASK,docs/reports,15301,COMPLETED_CLAIM,2025-12-29T21:11:31+03:00,154fa5e7fd701f2e7c1a4c3ffc27f02c363681ac,Cross-cutting / undetermined,,See traceability matrix; not inferred from pathname alone,L5 — planning only
DOC-0809,docs/reports/TASK_22_COMPLETION_REPORT.md,تقرير إكمال المهمة 22 - إنشاء سكريبت التثبيت,TASK,docs/reports,15436,COMPLETED_CLAIM,2025-12-29T21:11:31+03:00,154fa5e7fd701f2e7c1a4c3ffc27f02c363681ac,Cross-cutting / undetermined,,See traceability matrix; not inferred from pathname alone,L5 — planning only
DOC-0810,docs/reports/TASK_23_COMPLETION_REPORT.md,تقرير إكمال المهمة 23 - إنشاء سكريبت إلغاء التثبيت,TASK,docs/reports,14193,COMPLETED_CLAIM,2025-12-29T21:11:31+03:00,154fa5e7fd701f2e7c1a4c3ffc27f02c363681ac,Cross-cutting / undetermined,,See traceability matrix; not inferred from pathname alone,L5 — planning only
DOC-0811,docs/reports/TASK_24_COMPLETION_REPORT.md,تقرير إكمال المهمة 24 - تحديث README.md الرئيسي,TASK,docs/reports,7284,COMPLETED_CLAIM,2025-12-29T21:11:31+03:00,154fa5e7fd701f2e7c1a4c3ffc27f02c363681ac,Cross-cutting / undetermined,,See traceability matrix; not inferred from pathname alone,L5 — planning only
DOC-0812,docs/reports/TEST_EXECUTION_REPORT.md,تقرير تنفيذ الاختبارات,REPORT,docs/reports,10287,HISTORICAL_OR_STATUS,2025-12-29T21:11:31+03:00,154fa5e7fd701f2e7c1a4c3ffc27f02c363681ac,Testing,,See traceability matrix; not inferred from pathname alone,L7 — historical or evidentiary claim only
DOC-0813,docs/reports/TEST_FIX_PROGRESS_REPORT.md,تقرير تقدم إصلاح الاختبارات,STATUS,docs/reports,10063,HISTORICAL_OR_STATUS,2025-12-29T21:11:31+03:00,154fa5e7fd701f2e7c1a4c3ffc27f02c363681ac,Testing,,See traceability matrix; not inferred from pathname alone,L7 — historical or evidentiary claim only
DOC-0814,docs/reports/analysis/COMPREHENSIVE_REPOSITORY_AUDIT.md,تقرير الفحص الشامل للمستودع,REPORT,docs/reports/analysis,12327,HISTORICAL_OR_STATUS,2025-12-29T21:52:19+03:00,e19f81ab07bea087097bea1bd68850501be70504,Cross-cutting / undetermined,,See traceability matrix; not inferred from pathname alone,L7 — historical or evidentiary claim only
DOC-0815,docs/reports/analysis/LINKS_ANALYSIS_REPORT.md,تقرير تحليل الروابط الداخلية - المرحلة 5.1,REPORT,docs/reports/analysis,6499,HISTORICAL_OR_STATUS,2025-12-29T21:52:19+03:00,e19f81ab07bea087097bea1bd68850501be70504,Cross-cutting / undetermined,,See traceability matrix; not inferred from pathname alone,L7 — historical or evidentiary claim only
DOC-0816,docs/reports/analysis/PERFORMANCE_OPTIMIZATION_SUMMARY.md,ملخص تحسين الأداء والكفاءة,REPORT,docs/reports/analysis,11116,HISTORICAL_OR_STATUS,2025-12-29T21:52:19+03:00,e19f81ab07bea087097bea1bd68850501be70504,Cross-cutting / undetermined,,See traceability matrix; not inferred from pathname alone,L7 — historical or evidentiary claim only
DOC-0817,docs/reports/analysis/README.md,تقارير التحليل (Analysis Reports),GUIDE,docs/reports/analysis,2359,HISTORICAL_OR_STATUS,2025-12-29T21:52:19+03:00,e19f81ab07bea087097bea1bd68850501be70504,Cross-cutting / undetermined,,See traceability matrix; not inferred from pathname alone,L6 — operational guidance / policy candidate
DOC-0818,docs/reports/analysis/SYSTEM_PERFORMANCE_ANALYSIS.md,تقرير تحليل أداء النظام وبيئة التطوير,ANALYSIS,docs/reports/analysis,19457,HISTORICAL_OR_STATUS,2025-12-29T21:52:19+03:00,e19f81ab07bea087097bea1bd68850501be70504,Cross-cutting / undetermined,,See traceability matrix; not inferred from pathname alone,L7 — historical or evidentiary claim only
DOC-0819,docs/reports/builds/ANDROID_BUILD_FIX_REPORT.md,تقرير إصلاح مشكلة البناء على Android,REPORT,docs/reports/builds,4626,HISTORICAL_OR_STATUS,2025-12-29T21:11:31+03:00,154fa5e7fd701f2e7c1a4c3ffc27f02c363681ac,Flutter UI / UX,.kiro/specs/active/basir_master_specification/04_UI_DESIGN_SYSTEM.md,See traceability matrix; not inferred from pathname alone,L7 — historical or evidentiary claim only
DOC-0820,docs/reports/builds/ANDROID_STUDIO_PLUGINS_GUIDE.md,دليل تثبيت Android Studio Plugins,GUIDE,docs/reports/builds,11995,HISTORICAL_OR_STATUS,2026-01-02T13:15:47+03:00,560c3372de9ac640f01e3854b211ffb6ef0664fd,Flutter UI / UX,.kiro/specs/active/basir_master_specification/04_UI_DESIGN_SYSTEM.md,See traceability matrix; not inferred from pathname alone,L6 — operational guidance / policy candidate
DOC-0821,docs/reports/builds/APK_SIZE_OPTIMIZATION_SUCCESS_REPORT.md,تقرير نجاح تحسين حجم APK,STATUS,docs/reports/builds,7990,HISTORICAL_OR_STATUS,2025-12-29T21:11:31+03:00,154fa5e7fd701f2e7c1a4c3ffc27f02c363681ac,Flutter UI / UX,.kiro/specs/active/basir_master_specification/04_UI_DESIGN_SYSTEM.md,See traceability matrix; not inferred from pathname alone,L7 — historical or evidentiary claim only
DOC-0822,docs/reports/builds/GIT_PUSH_SUCCESS_REPORT.md,✅ تقرير نجاح الدفع إلى المستودع البعيد,STATUS,docs/reports/builds,11597,HISTORICAL_OR_STATUS,2026-01-02T13:15:47+03:00,560c3372de9ac640f01e3854b211ffb6ef0664fd,Flutter UI / UX,.kiro/specs/active/basir_master_specification/04_UI_DESIGN_SYSTEM.md,See traceability matrix; not inferred from pathname alone,L7 — historical or evidentiary claim only
DOC-0823,docs/reports/builds/MOBILE_DEPLOYMENT_SUCCESS_REPORT.md,تقرير نجاح النشر على الجهاز المحمول,STATUS,docs/reports/builds,8198,HISTORICAL_OR_STATUS,2026-01-02T13:15:47+03:00,560c3372de9ac640f01e3854b211ffb6ef0664fd,Flutter UI / UX; Delivery / operations,.kiro/specs/active/basir_master_specification/04_UI_DESIGN_SYSTEM.md,See traceability matrix; not inferred from pathname alone,L7 — historical or evidentiary claim only
DOC-0824,docs/reports/cleanup/AWS_BEDROCK_AGENTCORE_CLEANUP_REPORT.md,تقرير تنظيف مشروع AWS Bedrock AgentCore,REPORT,docs/reports/cleanup,5279,HISTORICAL_OR_STATUS,2025-12-29T21:11:31+03:00,154fa5e7fd701f2e7c1a4c3ffc27f02c363681ac,Cross-cutting / undetermined,,See traceability matrix; not inferred from pathname alone,L7 — historical or evidentiary claim only
DOC-0825,docs/reports/cleanup/DOCUMENTATION_ORGANIZED.md,✅ تم تنظيم التوثيق بنجاح,UNKNOWN,docs/reports/cleanup,1059,HISTORICAL_OR_STATUS,2025-12-29T21:52:19+03:00,e19f81ab07bea087097bea1bd68850501be70504,Cross-cutting / undetermined,,See traceability matrix; not inferred from pathname alone,UNASSIGNED
DOC-0826,docs/reports/cleanup/Deep_Git_Cleanup_Audit_20251231.md,🏥 تقرير التدقيق الجنائي: التطهير العميق لمستودع بصير,REPORT,docs/reports/cleanup,3123,HISTORICAL_OR_STATUS,2025-12-31T22:08:47+03:00,17f91b7f33f80a50ff2679677b0d945ea4ca0854,Cross-cutting / undetermined,,See traceability matrix; not inferred from pathname alone,L7 — historical or evidentiary claim only
DOC-0827,docs/reports/cleanup/ORGANIZATION_REPORT.md,تقرير تنظيم التوثيق والتقارير,REPORT,docs/reports/cleanup,10024,HISTORICAL_OR_STATUS,2025-12-29T21:52:19+03:00,e19f81ab07bea087097bea1bd68850501be70504,Cross-cutting / undetermined,,See traceability matrix; not inferred from pathname alone,L7 — historical or evidentiary claim only
DOC-0828,docs/reports/cleanup/PROJECT_ROOT_CLEANUP_EXECUTION_PLAN.md,خطة التنفيذ: تنظيف جذر المشروع,PLAN,docs/reports/cleanup,11364,PLANNING_CANDIDATE,2026-01-02T13:15:47+03:00,560c3372de9ac640f01e3854b211ffb6ef0664fd,Cross-cutting / undetermined,,See traceability matrix; not inferred from pathname alone,L5 — planning only
DOC-0829,docs/reports/cleanup/REORGANIZATION_REPORT.md,تقرير إعادة هيكلة المستودع,REPORT,docs/reports/cleanup,13064,HISTORICAL_OR_STATUS,2025-12-29T21:52:19+03:00,e19f81ab07bea087097bea1bd68850501be70504,Cross-cutting / undetermined,,See traceability matrix; not inferred from pathname alone,L7 — historical or evidentiary claim only
DOC-0830,docs/reports/cleanup/REPOSITORY_CLEANUP_REPORT.md,تقرير تنظيف المستودع الشامل,REPORT,docs/reports/cleanup,7749,HISTORICAL_OR_STATUS,2025-12-29T21:11:31+03:00,154fa5e7fd701f2e7c1a4c3ffc27f02c363681ac,Cross-cutting / undetermined,,See traceability matrix; not inferred from pathname alone,L7 — historical or evidentiary claim only
DOC-0831,docs/reports/cleanup/REPOSITORY_REORGANIZATION_COMPLETE.md,إعادة هيكلة المستودع - مكتملة ✅,UNKNOWN,docs/reports/cleanup,6754,COMPLETED_CLAIM,2026-01-02T13:15:47+03:00,560c3372de9ac640f01e3854b211ffb6ef0664fd,Cross-cutting / undetermined,,See traceability matrix; not inferred from pathname alone,UNASSIGNED
DOC-0832,docs/reports/cleanup/STEERING_OPTIMIZATION_IMPLEMENTATION_PLAN.md,خطة تنفيذ تحسين ملفات Steering,PLAN,docs/reports/cleanup,14829,PLANNING_CANDIDATE,2025-12-29T21:11:31+03:00,154fa5e7fd701f2e7c1a4c3ffc27f02c363681ac,Cross-cutting / undetermined,,See traceability matrix; not inferred from pathname alone,L5 — planning only
DOC-0833,docs/reports/cleanup/cleanup_summary_20251231.md,🧹 تقرير التنظيف المبسط للمستودع (Simplified Cleanup Report),REPORT,docs/reports/cleanup,2298,HISTORICAL_OR_STATUS,2025-12-31T20:48:36+03:00,6d2b36b5963fc74833e2a28f54d4838b06e08729,Cross-cutting / undetermined,,See traceability matrix; not inferred from pathname alone,L7 — historical or evidentiary claim only
DOC-0834,docs/reports/cleanup/links_report_20251215_141154.md,تقرير فحص الروابط - 15 December 2025 - 14:11,REPORT,docs/reports/cleanup,41031,HISTORICAL_OR_STATUS,2026-01-02T13:15:47+03:00,560c3372de9ac640f01e3854b211ffb6ef0664fd,Cross-cutting / undetermined,,See traceability matrix; not inferred from pathname alone,L7 — historical or evidentiary claim only
DOC-0835,docs/reports/engineering/COMPREHENSIVE_ENGINEERING_REVIEW.md,المراجعة الهندسية–المعرفية–التقنية الشاملة لمشروع بصير MVP,UNKNOWN,docs/reports/engineering,25567,HISTORICAL_OR_STATUS,2025-12-29T21:11:31+03:00,154fa5e7fd701f2e7c1a4c3ffc27f02c363681ac,Cross-cutting / undetermined,,See traceability matrix; not inferred from pathname alone,UNASSIGNED
DOC-0836,docs/reports/engineering/DEV_ENVIRONMENT_ANALYSIS.md,تحليل شامل للبيئة التطويرية وخطة الأتمتة,ANALYSIS,docs/reports/engineering,18548,HISTORICAL_OR_STATUS,2026-01-02T13:15:47+03:00,560c3372de9ac640f01e3854b211ffb6ef0664fd,Cross-cutting / undetermined,,See traceability matrix; not inferred from pathname alone,L7 — historical or evidentiary claim only
DOC-0837,docs/reports/engineering/ENGINEERING_AUDIT_REPORT.md,تقرير المراجعة الهندسية الشاملة لمشروع بصير (Basir MVP),REPORT,docs/reports/engineering,19220,HISTORICAL_OR_STATUS,2026-01-02T13:15:47+03:00,560c3372de9ac640f01e3854b211ffb6ef0664fd,Cross-cutting / undetermined,,See traceability matrix; not inferred from pathname alone,L7 — historical or evidentiary claim only
DOC-0838,docs/reports/engineering/ENGINEERING_REVIEW_SUMMARY.md,ملخص المراجعة الهندسية الشاملة - مشروع بصير MVP,REPORT,docs/reports/engineering,5149,HISTORICAL_OR_STATUS,2025-12-29T21:11:31+03:00,154fa5e7fd701f2e7c1a4c3ffc27f02c363681ac,Cross-cutting / undetermined,,See traceability matrix; not inferred from pathname alone,L7 — historical or evidentiary claim only
DOC-0839,docs/reports/engineering/FIXES_IMPLEMENTATION_REPORT.md,تقرير تنفيذ الإصلاحات - بصير MVP,REPORT,docs/reports/engineering,9234,HISTORICAL_OR_STATUS,2025-12-29T21:11:31+03:00,154fa5e7fd701f2e7c1a4c3ffc27f02c363681ac,Cross-cutting / undetermined,,See traceability matrix; not inferred from pathname alone,L7 — historical or evidentiary claim only
DOC-0840,docs/reports/engineering/FLUTTER_ANALYSIS_REPORT.md,تقرير تحليل المشاكل - بصير MVP,REPORT,docs/reports/engineering,9692,HISTORICAL_OR_STATUS,2025-12-29T21:11:31+03:00,154fa5e7fd701f2e7c1a4c3ffc27f02c363681ac,Cross-cutting / undetermined,,See traceability matrix; not inferred from pathname alone,L7 — historical or evidentiary claim only
DOC-0841,docs/reports/engineering/FLUTTER_ANALYZE_FIX.md,تقرير إصلاح مشاكل Flutter Analyze,UNKNOWN,docs/reports/engineering,6216,HISTORICAL_OR_STATUS,2026-01-02T13:15:47+03:00,560c3372de9ac640f01e3854b211ffb6ef0664fd,Cross-cutting / undetermined,,See traceability matrix; not inferred from pathname alone,UNASSIGNED
DOC-0842,docs/reports/engineering/FLUTTER_ANALYZE_SUCCESS.md,تقرير إصلاح مشاكل تحليل Flutter,STATUS,docs/reports/engineering,4880,HISTORICAL_OR_STATUS,2026-01-02T13:15:47+03:00,560c3372de9ac640f01e3854b211ffb6ef0664fd,Cross-cutting / undetermined,,See traceability matrix; not inferred from pathname alone,L7 — historical or evidentiary claim only
DOC-0843,docs/reports/engineering/SPEC_COMPLIANCE_REPORT.md,تقرير الامتثال للمواصفات - نظام تتبع الأخطاء,SPECIFICATION,docs/reports/engineering,33963,HISTORICAL_OR_STATUS,2025-12-29T21:11:31+03:00,154fa5e7fd701f2e7c1a4c3ffc27f02c363681ac,Cross-cutting / undetermined,.kiro/specs/active/basir_master_specification/06_COMPLIANCE_ENGINES.md,See traceability matrix; not inferred from pathname alone,UNASSIGNED
DOC-0844,docs/reports/engineering/TEST_COVERAGE_PROGRESS.md,تقرير تقدم تغطية الاختبارات,STATUS,docs/reports/engineering,7977,HISTORICAL_OR_STATUS,2026-01-02T13:15:47+03:00,560c3372de9ac640f01e3854b211ffb6ef0664fd,Testing,,See traceability matrix; not inferred from pathname alone,L7 — historical or evidentiary claim only
DOC-0845,docs/reports/engineering/VERIFICATION_REPORT.md,تقرير التحقق من تنفيذ التحسينات,REPORT,docs/reports/engineering,9290,HISTORICAL_OR_STATUS,2025-12-29T21:52:19+03:00,e19f81ab07bea087097bea1bd68850501be70504,Cross-cutting / undetermined,,See traceability matrix; not inferred from pathname alone,L7 — historical or evidentiary claim only
DOC-0846,docs/reports/engineering/quality_report.md,Basir MVP Quality Report,REPORT,docs/reports/engineering,385,HISTORICAL_OR_STATUS,2026-01-02T13:15:47+03:00,560c3372de9ac640f01e3854b211ffb6ef0664fd,Cross-cutting / undetermined,,See traceability matrix; not inferred from pathname alone,L7 — historical or evidentiary claim only
DOC-0847,docs/reports/features/AGENTS_ACTIVATION_REPORT.md,,REPORT,docs/reports/features,0,HISTORICAL_OR_STATUS,2025-12-29T21:11:31+03:00,154fa5e7fd701f2e7c1a4c3ffc27f02c363681ac,Tax / VAT,.kiro/specs/active/basir_master_specification/02_ACCOUNTING_ENGINE.md,See traceability matrix; not inferred from pathname alone,L7 — historical or evidentiary claim only
DOC-0848,docs/reports/features/MOBILE_FONT_FIX_FINAL_TEST_REPORT.md,Final Test Report: Mobile Font Fix on Physical Device,STATUS,docs/reports/features,12371,HISTORICAL_OR_STATUS,2026-01-14T19:04:36+03:00,f277bbefaa40ec35456613b248e4d6b3e857898c,Testing,,See traceability matrix; not inferred from pathname alone,L7 — historical or evidentiary claim only
DOC-0849,docs/reports/features/MOBILE_FONT_FIX_SUCCESS_REPORT.md,Success Report: Mobile Font Fix,STATUS,docs/reports/features,11441,HISTORICAL_OR_STATUS,2026-01-14T19:04:36+03:00,f277bbefaa40ec35456613b248e4d6b3e857898c,Cross-cutting / undetermined,,See traceability matrix; not inferred from pathname alone,L7 — historical or evidentiary claim only
DOC-0850,docs/reports/features/MOBILE_FONT_FIX_SUCCESS_SUMMARY.md,Success Summary: Mobile Font Fix,STATUS,docs/reports/features,12481,HISTORICAL_OR_STATUS,2026-01-14T19:04:36+03:00,f277bbefaa40ec35456613b248e4d6b3e857898c,Cross-cutting / undetermined,,See traceability matrix; not inferred from pathname alone,L7 — historical or evidentiary claim only
DOC-0851,docs/reports/features/TEXT_IMPROVEMENTS_REPORT.md,Text and Typography Improvements Report,REPORT,docs/reports/features,12932,HISTORICAL_OR_STATUS,2026-01-14T19:04:36+03:00,f277bbefaa40ec35456613b248e4d6b3e857898c,Cross-cutting / undetermined,,See traceability matrix; not inferred from pathname alone,L7 — historical or evidentiary claim only
DOC-0852,docs/reports/fixes/ANALYSIS_FIXES_REPORT.md,تقرير إصلاح مشاكل التحليل والخطوط,REPORT,docs/reports/fixes,10850,HISTORICAL_OR_STATUS,2026-01-02T13:15:47+03:00,560c3372de9ac640f01e3854b211ffb6ef0664fd,Cross-cutting / undetermined,,See traceability matrix; not inferred from pathname alone,L7 — historical or evidentiary claim only
DOC-0853,docs/reports/fixes/BEST_PRACTICES_AUDIT_REPORT.md,تقرير مراجعة أفضل الممارسات البرمجية العالمية,REPORT,docs/reports/fixes,17551,HISTORICAL_OR_STATUS,2026-01-02T13:15:47+03:00,560c3372de9ac640f01e3854b211ffb6ef0664fd,Cross-cutting / undetermined,,See traceability matrix; not inferred from pathname alone,L7 — historical or evidentiary claim only
DOC-0854,docs/reports/fixes/BUTTON_TEXT_FINAL_FIX_REPORT.md,تقرير الإصلاح النهائي: مشكلة نصوص الأزرار على الموبايل,STATUS,docs/reports/fixes,13763,HISTORICAL_OR_STATUS,2026-01-02T13:15:47+03:00,560c3372de9ac640f01e3854b211ffb6ef0664fd,Cross-cutting / undetermined,,See traceability matrix; not inferred from pathname alone,L7 — historical or evidentiary claim only
DOC-0855,docs/reports/fixes/BUTTON_TEXT_FIXES_REPORT.md,تقرير إصلاح مشاكل النصوص في الأزرار,REPORT,docs/reports/fixes,11410,HISTORICAL_OR_STATUS,2026-01-02T13:15:47+03:00,560c3372de9ac640f01e3854b211ffb6ef0664fd,Cross-cutting / undetermined,,See traceability matrix; not inferred from pathname alone,L7 — historical or evidentiary claim only
DOC-0856,docs/reports/fixes/BUTTON_TEXT_FIX_SPEC_CREATED.md,✅ تم إنشاء مواصفة إصلاح نصوص الأزرار,UNKNOWN,docs/reports/fixes,6190,HISTORICAL_OR_STATUS,2025-12-29T21:11:31+03:00,154fa5e7fd701f2e7c1a4c3ffc27f02c363681ac,Cross-cutting / undetermined,,See traceability matrix; not inferred from pathname alone,UNASSIGNED
DOC-0857,docs/reports/fixes/BUTTON_TEXT_REBUILD_REPORT.md,تقرير إعادة بناء التطبيق لإصلاح نصوص الأزرار,REPORT,docs/reports/fixes,8027,HISTORICAL_OR_STATUS,2025-12-29T21:11:31+03:00,154fa5e7fd701f2e7c1a4c3ffc27f02c363681ac,Flutter UI / UX,.kiro/specs/active/basir_master_specification/04_UI_DESIGN_SYSTEM.md,See traceability matrix; not inferred from pathname alone,L7 — historical or evidentiary claim only
DOC-0858,docs/reports/fixes/CAIRO_FONT_FIX_REPORT.md,تقرير إصلاح خط Cairo وعرض النصوص في الأزرار,REPORT,docs/reports/fixes,18826,HISTORICAL_OR_STATUS,2026-01-02T13:15:47+03:00,560c3372de9ac640f01e3854b211ffb6ef0664fd,Cross-cutting / undetermined,,See traceability matrix; not inferred from pathname alone,L7 — historical or evidentiary claim only
DOC-0859,docs/reports/fixes/CHECKPOINT_7_REPORT.md,تقرير Checkpoint 7: التحقق من السكريبتات الأساسية,REPORT,docs/reports/fixes,15797,HISTORICAL_OR_STATUS,2025-12-29T21:11:31+03:00,154fa5e7fd701f2e7c1a4c3ffc27f02c363681ac,Cross-cutting / undetermined,,See traceability matrix; not inferred from pathname alone,L7 — historical or evidentiary claim only
DOC-0860,docs/reports/fixes/CI_CD_REVIEW_SUMMARY.md,ملخص تحديثات مراجعة CI/CD,REPORT,docs/reports/fixes,8653,HISTORICAL_OR_STATUS,2025-12-29T21:11:31+03:00,154fa5e7fd701f2e7c1a4c3ffc27f02c363681ac,Delivery / operations,,See traceability matrix; not inferred from pathname alone,L7 — historical or evidentiary claim only
DOC-0861,docs/reports/fixes/CLEANUP_EXECUTION_REPORT.md,تقرير تنفيذ التنظيف,REPORT,docs/reports/fixes,9884,HISTORICAL_OR_STATUS,2025-12-29T21:52:19+03:00,e19f81ab07bea087097bea1bd68850501be70504,Cross-cutting / undetermined,,See traceability matrix; not inferred from pathname alone,L7 — historical or evidentiary claim only
DOC-0862,docs/reports/fixes/CODE_QUALITY_FIX_REPORT.md,تقرير إصلاح جودة الكود,REPORT,docs/reports/fixes,11336,HISTORICAL_OR_STATUS,2026-01-02T13:15:47+03:00,560c3372de9ac640f01e3854b211ffb6ef0664fd,Cross-cutting / undetermined,,See traceability matrix; not inferred from pathname alone,L7 — historical or evidentiary claim only
DOC-0863,docs/reports/fixes/COMPREHENSIVE_BEST_PRACTICES_VERIFICATION.md,تقرير التحقق الشامل من أفضل الممارسات البرمجية العالمية,UNKNOWN,docs/reports/fixes,18899,HISTORICAL_OR_STATUS,2026-01-02T13:15:47+03:00,560c3372de9ac640f01e3854b211ffb6ef0664fd,Cross-cutting / undetermined,,See traceability matrix; not inferred from pathname alone,UNASSIGNED
DOC-0864,docs/reports/fixes/DARK_MODE_IMPLEMENTATION_REPORT.md,تقرير تنفيذ الوضع الليلي والسمات,REPORT,docs/reports/fixes,16298,HISTORICAL_OR_STATUS,2026-01-02T13:15:47+03:00,560c3372de9ac640f01e3854b211ffb6ef0664fd,Cross-cutting / undetermined,,See traceability matrix; not inferred from pathname alone,L7 — historical or evidentiary claim only
DOC-0865,docs/reports/fixes/DARK_MODE_ISSUES.md,مشاكل الوضع الليلي المحتملة,UNKNOWN,docs/reports/fixes,2053,HISTORICAL_OR_STATUS,2025-12-29T21:11:31+03:00,154fa5e7fd701f2e7c1a4c3ffc27f02c363681ac,Cross-cutting / undetermined,,See traceability matrix; not inferred from pathname alone,UNASSIGNED
DOC-0866,docs/reports/fixes/DARK_MODE_SUMMARY.md,ملخص تنفيذ الوضع الليلي,REPORT,docs/reports/fixes,1400,HISTORICAL_OR_STATUS,2025-12-29T21:11:31+03:00,154fa5e7fd701f2e7c1a4c3ffc27f02c363681ac,Cross-cutting / undetermined,,See traceability matrix; not inferred from pathname alone,L7 — historical or evidentiary claim only
DOC-0867,docs/reports/fixes/FINAL_FIX_SUMMARY.md,ملخص الإصلاح النهائي - مشكلة نصوص الأزرار,STATUS,docs/reports/fixes,6427,HISTORICAL_OR_STATUS,2026-01-02T13:15:47+03:00,560c3372de9ac640f01e3854b211ffb6ef0664fd,Cross-cutting / undetermined,,See traceability matrix; not inferred from pathname alone,L7 — historical or evidentiary claim only
DOC-0868,docs/reports/fixes/FLUTTER_FIXES_2025-12-06.md,تقرير إصلاح مشاكل Flutter,UNKNOWN,docs/reports/fixes,6753,HISTORICAL_OR_STATUS,2026-01-02T13:15:47+03:00,560c3372de9ac640f01e3854b211ffb6ef0664fd,Cross-cutting / undetermined,,See traceability matrix; not inferred from pathname alone,UNASSIGNED
DOC-0869,docs/reports/fixes/FONT_AND_TEXT_FIXES.md,خطة إصلاح الخطوط ومشاكل النصوص,UNKNOWN,docs/reports/fixes,7210,HISTORICAL_OR_STATUS,2026-01-02T13:15:47+03:00,560c3372de9ac640f01e3854b211ffb6ef0664fd,Cross-cutting / undetermined,,See traceability matrix; not inferred from pathname alone,UNASSIGNED
DOC-0870,docs/reports/fixes/FONT_FILES_FIX_FINAL_REPORT.md,تقرير الإصلاح النهائي: ملفات الخطوط التالفة,STATUS,docs/reports/fixes,16924,HISTORICAL_OR_STATUS,2026-01-02T13:15:47+03:00,560c3372de9ac640f01e3854b211ffb6ef0664fd,Cross-cutting / undetermined,,See traceability matrix; not inferred from pathname alone,L7 — historical or evidentiary claim only
DOC-0871,docs/reports/fixes/GITHUB_REPOSITORY_AUDIT.md,تقرير مراجعة شاملة لإعدادات GitHub والمستودع البعيد,REPORT,docs/reports/fixes,17201,HISTORICAL_OR_STATUS,2026-01-02T13:15:47+03:00,560c3372de9ac640f01e3854b211ffb6ef0664fd,Cross-cutting / undetermined,,See traceability matrix; not inferred from pathname alone,L7 — historical or evidentiary claim only
DOC-0872,docs/reports/fixes/GIT_CONTINUATION_PUSH_REPORT.md,تقرير دفع التغييرات المتبقية إلى المستودع البعيد,REPORT,docs/reports/fixes,11881,HISTORICAL_OR_STATUS,2026-01-02T13:15:47+03:00,560c3372de9ac640f01e3854b211ffb6ef0664fd,Cross-cutting / undetermined,,See traceability matrix; not inferred from pathname alone,L7 — historical or evidentiary claim only
DOC-0873,docs/reports/fixes/GIT_GITHUB_CONFIGURATION_AUDIT.md,تقرير مراجعة شاملة لإعدادات Git و GitHub,REPORT,docs/reports/fixes,17187,HISTORICAL_OR_STATUS,2025-12-29T21:11:31+03:00,154fa5e7fd701f2e7c1a4c3ffc27f02c363681ac,Cross-cutting / undetermined,,See traceability matrix; not inferred from pathname alone,L7 — historical or evidentiary claim only
DOC-0874,docs/reports/fixes/IMMEDIATE_ACTION_REQUIRED.md,إجراء فوري مطلوب - مراجعة GitHub,UNKNOWN,docs/reports/fixes,3179,HISTORICAL_OR_STATUS,2026-01-02T13:15:47+03:00,560c3372de9ac640f01e3854b211ffb6ef0664fd,Flutter UI / UX,.kiro/specs/active/basir_master_specification/04_UI_DESIGN_SYSTEM.md,See traceability matrix; not inferred from pathname alone,UNASSIGNED
DOC-0875,docs/reports/fixes/LOGIN_AND_SETTINGS_FIXES_REPORT.md,تقرير إصلاح شاشات تسجيل الدخول والإعدادات,REPORT,docs/reports/fixes,11837,HISTORICAL_OR_STATUS,2026-01-02T13:15:47+03:00,560c3372de9ac640f01e3854b211ffb6ef0664fd,Cross-cutting / undetermined,,See traceability matrix; not inferred from pathname alone,L7 — historical or evidentiary claim only
DOC-0876,docs/reports/fixes/MCP_CONFIGURATION_FIX_REPORT.md,تقرير إصلاح تكوينات MCP,REPORT,docs/reports/fixes,10880,HISTORICAL_OR_STATUS,2025-12-29T21:11:31+03:00,154fa5e7fd701f2e7c1a4c3ffc27f02c363681ac,Cross-cutting / undetermined,,See traceability matrix; not inferred from pathname alone,L7 — historical or evidentiary claim only
DOC-0877,docs/reports/fixes/POWERS_ANALYSIS_REPORT.md,تقرير تحليل احتياجات Powers لمشروع بصير,REPORT,docs/reports/fixes,13633,HISTORICAL_OR_STATUS,2025-12-29T21:11:31+03:00,154fa5e7fd701f2e7c1a4c3ffc27f02c363681ac,Cross-cutting / undetermined,,See traceability matrix; not inferred from pathname alone,L7 — historical or evidentiary claim only
DOC-0878,docs/reports/fixes/REPOSITORY_ANALYSIS_AND_REORGANIZATION_PLAN.md,تحليل المستودع وخطة إعادة الهيكلة,PLAN,docs/reports/fixes,14742,PLANNING_CANDIDATE,2025-12-29T21:52:19+03:00,e19f81ab07bea087097bea1bd68850501be70504,Cross-cutting / undetermined,,See traceability matrix; not inferred from pathname alone,L5 — planning only
DOC-0879,docs/reports/fixes/REPOSITORY_REVIEW_SUMMARY.md,ملخص مراجعة المستودع,REPORT,docs/reports/fixes,9647,HISTORICAL_OR_STATUS,2025-12-29T21:52:19+03:00,e19f81ab07bea087097bea1bd68850501be70504,Cross-cutting / undetermined,,See traceability matrix; not inferred from pathname alone,L7 — historical or evidentiary claim only
DOC-0880,docs/reports/fixes/TASK_10_COMPLETION_REPORT.md,تقرير إنجاز المهمة 10: إنشاء Issue Templates,TASK,docs/reports/fixes,7693,COMPLETED_CLAIM,2025-12-29T21:11:31+03:00,154fa5e7fd701f2e7c1a4c3ffc27f02c363681ac,Cross-cutting / undetermined,,See traceability matrix; not inferred from pathname alone,L5 — planning only
DOC-0881,docs/reports/fixes/TASK_4_COMPLETION_REPORT.md,تقرير إنجاز المهمة 4 - نظام جمع السجلات,TASK,docs/reports/fixes,10342,COMPLETED_CLAIM,2025-12-29T21:11:31+03:00,154fa5e7fd701f2e7c1a4c3ffc27f02c363681ac,Cross-cutting / undetermined,,See traceability matrix; not inferred from pathname alone,L5 — planning only
DOC-0882,docs/reports/fixes/TASK_6_COMPLETION_REPORT.md,تقرير إنجاز المهمة 6 - نظام دفع السجلات إلى Git,TASK,docs/reports/fixes,9503,COMPLETED_CLAIM,2025-12-29T21:11:31+03:00,154fa5e7fd701f2e7c1a4c3ffc27f02c363681ac,Cross-cutting / undetermined,,See traceability matrix; not inferred from pathname alone,L5 — planning only
DOC-0883,docs/reports/fixes/TASK_8_COMPLETION_REPORT.md,تقرير إنجاز المهمة 8: تطوير نظام إنشاء التقارير,TASK,docs/reports/fixes,14917,COMPLETED_CLAIM,2025-12-29T21:11:31+03:00,154fa5e7fd701f2e7c1a4c3ffc27f02c363681ac,Cross-cutting / undetermined,,See traceability matrix; not inferred from pathname alone,L5 — planning only
DOC-0884,docs/reports/fixes/TASK_9_COMPLETION_REPORT.md,تقرير إنجاز المهمة 9: تطوير GitHub Actions Workflows,TASK,docs/reports/fixes,17313,COMPLETED_CLAIM,2025-12-29T21:11:31+03:00,154fa5e7fd701f2e7c1a4c3ffc27f02c363681ac,Cross-cutting / undetermined,,See traceability matrix; not inferred from pathname alone,L5 — planning only
DOC-0885,docs/reports/fixes/TEST_FIX_SESSION_2025-12-05.md,تقرير جلسة إصلاح الاختبارات - 5 ديسمبر 2025,UNKNOWN,docs/reports/fixes,13641,HISTORICAL_OR_STATUS,2025-12-29T21:11:31+03:00,154fa5e7fd701f2e7c1a4c3ffc27f02c363681ac,Testing,,See traceability matrix; not inferred from pathname alone,UNASSIGNED
DOC-0886,docs/reports/fixes/TEST_FIX_SUMMARY_2025-12-05.md,ملخص إصلاح الاختبارات - 5 ديسمبر 2025,REPORT,docs/reports/fixes,7653,HISTORICAL_OR_STATUS,2025-12-29T21:52:19+03:00,e19f81ab07bea087097bea1bd68850501be70504,Testing,,See traceability matrix; not inferred from pathname alone,L7 — historical or evidentiary claim only
DOC-0887,docs/reports/git-github/GITHUB_INTEGRATION_COMPLETION_REPORT.md,تقرير إكمال GitHub Integration - إنجاز مكتمل,STATUS,docs/reports/git-github,9932,COMPLETED_CLAIM,2026-01-02T13:15:47+03:00,560c3372de9ac640f01e3854b211ffb6ef0664fd,Integration,.kiro/specs/active/basir_master_specification/07_INTEGRATION_PROTOCOLS.md,See traceability matrix; not inferred from pathname alone,L7 — historical or evidentiary claim only
DOC-0888,docs/reports/git-github/GIT_GITHUB_FINAL_STATUS.md,الحالة النهائية لـ Git و GitHub,STATUS,docs/reports/git-github,12081,HISTORICAL_OR_STATUS,2026-01-02T13:15:47+03:00,560c3372de9ac640f01e3854b211ffb6ef0664fd,Cross-cutting / undetermined,,See traceability matrix; not inferred from pathname alone,L7 — historical or evidentiary claim only
DOC-0889,docs/reports/git-github/GIT_GITHUB_GUIDE.md,دليل Git و GitHub الشامل,GUIDE,docs/reports/git-github,19087,HISTORICAL_OR_STATUS,2026-01-02T13:15:47+03:00,560c3372de9ac640f01e3854b211ffb6ef0664fd,Flutter UI / UX,.kiro/specs/active/basir_master_specification/04_UI_DESIGN_SYSTEM.md,See traceability matrix; not inferred from pathname alone,L6 — operational guidance / policy candidate
DOC-0890,docs/reports/git-github/GIT_MERGE_AUTOMATION_PLAN.md,خطة أتمتة نظام الدمج الشامل - بصير MVP,PLAN,docs/reports/git-github,46655,PLANNING_CANDIDATE,2025-12-29T21:11:31+03:00,154fa5e7fd701f2e7c1a4c3ffc27f02c363681ac,Cross-cutting / undetermined,,See traceability matrix; not inferred from pathname alone,L5 — planning only
DOC-0891,docs/reports/git-github/GIT_SYNC_ANALYSIS.md,تحليل حالة Git والمزامنة مع GitHub,ANALYSIS,docs/reports/git-github,8046,HISTORICAL_OR_STATUS,2026-01-02T13:15:47+03:00,560c3372de9ac640f01e3854b211ffb6ef0664fd,Cross-cutting / undetermined,.kiro/specs/active/basir_master_specification/07_INTEGRATION_PROTOCOLS.md,See traceability matrix; not inferred from pathname alone,L7 — historical or evidentiary claim only
DOC-0892,docs/reports/git-github/GIT_SYNC_SUCCESS_REPORT.md,تقرير نجاح المزامنة مع GitHub,STATUS,docs/reports/git-github,12557,HISTORICAL_OR_STATUS,2026-01-02T13:15:47+03:00,560c3372de9ac640f01e3854b211ffb6ef0664fd,Cross-cutting / undetermined,.kiro/specs/active/basir_master_specification/07_INTEGRATION_PROTOCOLS.md,See traceability matrix; not inferred from pathname alone,L7 — historical or evidentiary claim only
DOC-0893,docs/reports/git-github/GIT_WORKFLOW_COMPARISON_ANALYSIS.md,📊 تحليل المقارنة: الخطط والتوصيات الموجودة مسبقاً vs الإطار الجديد,ANALYSIS,docs/reports/git-github,15245,HISTORICAL_OR_STATUS,2025-12-29T21:52:19+03:00,e19f81ab07bea087097bea1bd68850501be70504,Cross-cutting / undetermined,,See traceability matrix; not inferred from pathname alone,L7 — historical or evidentiary claim only
DOC-0894,docs/reports/git-github/GIT_WORKFLOW_COMPLETION_REPORT.md,🎉 تقرير إكمال الإطار الشامل لإدارة التغييرات,STATUS,docs/reports/git-github,7810,COMPLETED_CLAIM,2025-12-29T21:52:19+03:00,e19f81ab07bea087097bea1bd68850501be70504,Cross-cutting / undetermined,,See traceability matrix; not inferred from pathname alone,L7 — historical or evidentiary claim only
DOC-0895,docs/reports/git-github/GIT_WORKFLOW_COMPREHENSIVE_ANALYSIS.md,,ANALYSIS,docs/reports/git-github,0,HISTORICAL_OR_STATUS,2025-12-29T21:11:31+03:00,154fa5e7fd701f2e7c1a4c3ffc27f02c363681ac,Cross-cutting / undetermined,,See traceability matrix; not inferred from pathname alone,L7 — historical or evidentiary claim only
DOC-0896,docs/reports/git-github/GIT_WORKFLOW_COMPREHENSIVE_FRAMEWORK.md,📚 الإطار الشامل لإدارة التغييرات والمستودع في مشروع بصير MVP,UNKNOWN,docs/reports/git-github,52551,HISTORICAL_OR_STATUS,2026-01-02T13:15:47+03:00,560c3372de9ac640f01e3854b211ffb6ef0664fd,Cross-cutting / undetermined,,See traceability matrix; not inferred from pathname alone,UNASSIGNED
DOC-0897,docs/reports/git-github/GIT_WORKFLOW_EXECUTIVE_SUMMARY.md,📊 الملخص التنفيذي - إطار إدارة التغييرات,REPORT,docs/reports/git-github,4170,HISTORICAL_OR_STATUS,2025-12-29T21:11:31+03:00,154fa5e7fd701f2e7c1a4c3ffc27f02c363681ac,Cross-cutting / undetermined,,See traceability matrix; not inferred from pathname alone,L7 — historical or evidentiary claim only
DOC-0898,docs/reports/kiro/DEDUPLICATION_LOG.md,.kiro Deduplication Log,UNKNOWN,docs/reports/kiro,19032,HISTORICAL_OR_STATUS,2025-12-29T21:11:31+03:00,154fa5e7fd701f2e7c1a4c3ffc27f02c363681ac,Cross-cutting / undetermined,,See traceability matrix; not inferred from pathname alone,UNASSIGNED
DOC-0899,docs/reports/kiro/README.md,فهرس التقارير - مشروع بصير MVP,GUIDE,docs/reports/kiro,6943,HISTORICAL_OR_STATUS,2025-12-29T21:11:31+03:00,154fa5e7fd701f2e7c1a4c3ffc27f02c363681ac,Cross-cutting / undetermined,,See traceability matrix; not inferred from pathname alone,L6 — operational guidance / policy candidate
DOC-0900,docs/reports/kiro/analysis/CRITICAL_ASSESSMENT_REALITY_CHECK.md,تقييم نقدي صادق - فحص الواقع,REPORT,docs/reports/kiro/analysis,8212,HISTORICAL_OR_STATUS,2025-12-29T21:11:31+03:00,154fa5e7fd701f2e7c1a4c3ffc27f02c363681ac,Cross-cutting / undetermined,,See traceability matrix; not inferred from pathname alone,L7 — historical or evidentiary claim only
DOC-0901,docs/reports/kiro/analysis/DEEP_ANALYSIS_REPORT.md,تقرير التحليل العميق لمجلد .kiro,REPORT,docs/reports/kiro/analysis,10270,HISTORICAL_OR_STATUS,2025-12-29T21:11:31+03:00,154fa5e7fd701f2e7c1a4c3ffc27f02c363681ac,Cross-cutting / undetermined,,See traceability matrix; not inferred from pathname alone,L7 — historical or evidentiary claim only
DOC-0902,docs/reports/kiro/analysis/FINAL_STRATEGIC_DECISION_ANALYSIS.md,التحليل الاستراتيجي النهائي والقرار المدروس,STATUS,docs/reports/kiro/analysis,14756,HISTORICAL_OR_STATUS,2025-12-29T21:11:31+03:00,154fa5e7fd701f2e7c1a4c3ffc27f02c363681ac,Delivery / operations,,See traceability matrix; not inferred from pathname alone,L7 — historical or evidentiary claim only
DOC-0903,docs/reports/kiro/analysis/README.md,تقارير التحليل,GUIDE,docs/reports/kiro/analysis,534,HISTORICAL_OR_STATUS,2025-12-29T21:11:31+03:00,154fa5e7fd701f2e7c1a4c3ffc27f02c363681ac,Cross-cutting / undetermined,,See traceability matrix; not inferred from pathname alone,L6 — operational guidance / policy candidate
DOC-0904,docs/reports/kiro/analysis/TEMPLATE_VS_LOCAL_COMPARISON.md,مقارنة شاملة: المستودع القالب vs مجلد .kiro المحلي,REFERENCE,docs/reports/kiro/analysis,17353,HISTORICAL_OR_STATUS,2025-12-29T21:11:31+03:00,154fa5e7fd701f2e7c1a4c3ffc27f02c363681ac,Cross-cutting / undetermined,,See traceability matrix; not inferred from pathname alone,L6 — operational guidance / policy candidate
DOC-0905,docs/reports/kiro/analysis/flutter-environment-assessment.md,تقرير تقييم بيئة تطوير Flutter - مشروع بصير,REPORT,docs/reports/kiro/analysis,8540,HISTORICAL_OR_STATUS,2025-12-29T21:11:31+03:00,154fa5e7fd701f2e7c1a4c3ffc27f02c363681ac,Cross-cutting / undetermined,,See traceability matrix; not inferred from pathname alone,L7 — historical or evidentiary claim only
DOC-0906,docs/reports/kiro/cleanup/CLEANUP_REPORT.md,تقرير تنظيف ملفات Steering - التحديث النهائي,REPORT,docs/reports/kiro/cleanup,7575,HISTORICAL_OR_STATUS,2025-12-29T21:11:31+03:00,154fa5e7fd701f2e7c1a4c3ffc27f02c363681ac,Cross-cutting / undetermined,,See traceability matrix; not inferred from pathname alone,L7 — historical or evidentiary claim only
DOC-0907,docs/reports/kiro/cleanup/COMPREHENSIVE_CLEANUP_ANALYSIS.md,تحليل شامل إضافي للتنظيف - المرحلة الثانية,ANALYSIS,docs/reports/kiro/cleanup,10417,HISTORICAL_OR_STATUS,2025-12-29T21:11:31+03:00,154fa5e7fd701f2e7c1a4c3ffc27f02c363681ac,Cross-cutting / undetermined,,See traceability matrix; not inferred from pathname alone,L7 — historical or evidentiary claim only
DOC-0908,docs/reports/kiro/cleanup/FINAL_CLEANUP_REPORT.md,تقرير التنظيف النهائي الشامل - مشروع بصير,STATUS,docs/reports/kiro/cleanup,9274,HISTORICAL_OR_STATUS,2025-12-29T21:11:31+03:00,154fa5e7fd701f2e7c1a4c3ffc27f02c363681ac,Cross-cutting / undetermined,,See traceability matrix; not inferred from pathname alone,L7 — historical or evidentiary claim only
DOC-0909,docs/reports/kiro/cleanup/FINAL_CLEANUP_SUMMARY.md,الملخص النهائي للتحليل الشامل لمجلد .kiro,STATUS,docs/reports/kiro/cleanup,8326,HISTORICAL_OR_STATUS,2025-12-29T21:11:31+03:00,154fa5e7fd701f2e7c1a4c3ffc27f02c363681ac,Cross-cutting / undetermined,,See traceability matrix; not inferred from pathname alone,L7 — historical or evidentiary claim only
DOC-0910,docs/reports/kiro/cleanup/LANGUAGE_CLEANUP_REPORT.md,تقرير تنظيف المراجع اللغوية - إصلاح شامل,REPORT,docs/reports/kiro/cleanup,8189,HISTORICAL_OR_STATUS,2026-01-02T13:15:47+03:00,560c3372de9ac640f01e3854b211ffb6ef0664fd,Cross-cutting / undetermined,,See traceability matrix; not inferred from pathname alone,L7 — historical or evidentiary claim only
DOC-0911,docs/reports/kiro/cleanup/README.md,تقارير التنظيف,GUIDE,docs/reports/kiro/cleanup,686,HISTORICAL_OR_STATUS,2025-12-29T21:11:31+03:00,154fa5e7fd701f2e7c1a4c3ffc27f02c363681ac,Cross-cutting / undetermined,,See traceability matrix; not inferred from pathname alone,L6 — operational guidance / policy candidate
DOC-0912,docs/reports/kiro/cleanup/SAFE_CLEANUP_EXECUTION_REPORT.md,تقرير التنفيذ الآمن - إعادة تنظيم Documentation,REPORT,docs/reports/kiro/cleanup,16677,HISTORICAL_OR_STATUS,2025-12-29T21:52:19+03:00,e19f81ab07bea087097bea1bd68850501be70504,Cross-cutting / undetermined,,See traceability matrix; not inferred from pathname alone,L7 — historical or evidentiary claim only
DOC-0913,docs/reports/kiro/compatibility/COMPATIBILITY_FIX_REPORT.md,تقرير إصلاح التوافق - مشروع بصير,REPORT,docs/reports/kiro/compatibility,9457,HISTORICAL_OR_STATUS,2025-12-29T21:11:31+03:00,154fa5e7fd701f2e7c1a4c3ffc27f02c363681ac,Cross-cutting / undetermined,,See traceability matrix; not inferred from pathname alone,L7 — historical or evidentiary claim only
DOC-0914,docs/reports/kiro/compatibility/COMPREHENSIVE_COMPATIBILITY_ANALYSIS.md,تحليل التوافق الشامل - مشروع بصير,ANALYSIS,docs/reports/kiro/compatibility,8772,HISTORICAL_OR_STATUS,2025-12-29T21:11:31+03:00,154fa5e7fd701f2e7c1a4c3ffc27f02c363681ac,Cross-cutting / undetermined,,See traceability matrix; not inferred from pathname alone,L7 — historical or evidentiary claim only
DOC-0915,docs/reports/kiro/compatibility/FINAL_COMPATIBILITY_VALIDATION_REPORT.md,تقرير التحقق النهائي من التوافق - مشروع بصير,STATUS,docs/reports/kiro/compatibility,8875,HISTORICAL_OR_STATUS,2025-12-29T21:11:31+03:00,154fa5e7fd701f2e7c1a4c3ffc27f02c363681ac,Cross-cutting / undetermined,,See traceability matrix; not inferred from pathname alone,L7 — historical or evidentiary claim only
DOC-0916,docs/reports/kiro/compatibility/README.md,تقارير التوافق,GUIDE,docs/reports/kiro/compatibility,699,HISTORICAL_OR_STATUS,2025-12-29T21:11:31+03:00,154fa5e7fd701f2e7c1a4c3ffc27f02c363681ac,Cross-cutting / undetermined,,See traceability matrix; not inferred from pathname alone,L6 — operational guidance / policy candidate
DOC-0917,docs/reports/kiro/compliance/DOCUMENTATION_REORGANIZATION_COMPLIANCE_REPORT.md,تقرير التوافق مع مواصفة إعادة تنظيم الوثائق,REPORT,docs/reports/kiro/compliance,9225,HISTORICAL_OR_STATUS,2025-12-29T21:11:31+03:00,154fa5e7fd701f2e7c1a4c3ffc27f02c363681ac,Cross-cutting / undetermined,.kiro/specs/active/basir_master_specification/06_COMPLIANCE_ENGINES.md,See traceability matrix; not inferred from pathname alone,L7 — historical or evidentiary claim only
DOC-0918,docs/reports/kiro/comprehensive_progress_review.md,مراجعة شاملة للتقدم المحقق - بصير MVP,STATUS,docs/reports/kiro,14999,HISTORICAL_OR_STATUS,2025-12-29T21:11:31+03:00,154fa5e7fd701f2e7c1a4c3ffc27f02c363681ac,Cross-cutting / undetermined,,See traceability matrix; not inferred from pathname alone,L7 — historical or evidentiary claim only
DOC-0919,docs/reports/kiro/comprehensive_repository_merge_plan.md,خطة الدمج والمزامنة الشاملة - بصير MVP,PLAN,docs/reports/kiro,12643,PLANNING_CANDIDATE,2025-12-29T21:11:31+03:00,154fa5e7fd701f2e7c1a4c3ffc27f02c363681ac,Cross-cutting / undetermined,,See traceability matrix; not inferred from pathname alone,L5 — planning only
DOC-0920,docs/reports/kiro/current_issues_analysis.txt,Analyzing Basir_MVP...,ANALYSIS,docs/reports/kiro,25949,HISTORICAL_OR_STATUS,2026-01-02T13:15:47+03:00,560c3372de9ac640f01e3854b211ffb6ef0664fd,Cross-cutting / undetermined,,See traceability matrix; not inferred from pathname alone,L7 — historical or evidentiary claim only
DOC-0921,docs/reports/kiro/emergency/EMERGENCY_RESPONSE_PLAN.md,خطة الاستجابة للطوارئ والتعافي السريع,PLAN,docs/reports/kiro/emergency,18602,PLANNING_CANDIDATE,2025-12-29T21:11:31+03:00,154fa5e7fd701f2e7c1a4c3ffc27f02c363681ac,Cross-cutting / undetermined,,See traceability matrix; not inferred from pathname alone,L5 — planning only
DOC-0922,docs/reports/kiro/emergency/README.md,تقارير الطوارئ,GUIDE,docs/reports/kiro/emergency,505,HISTORICAL_OR_STATUS,2025-12-29T21:11:31+03:00,154fa5e7fd701f2e7c1a4c3ffc27f02c363681ac,Cross-cutting / undetermined,,See traceability matrix; not inferred from pathname alone,L6 — operational guidance / policy candidate
DOC-0923,docs/reports/kiro/emergency/SAFE_BALANCE_GUIDELINES.md,دليل التوازن الآمن وقواعد تجنب النتائج العكسية,GUIDE,docs/reports/kiro/emergency,20134,HISTORICAL_OR_STATUS,2025-12-29T21:11:31+03:00,154fa5e7fd701f2e7c1a4c3ffc27f02c363681ac,Flutter UI / UX,.kiro/specs/active/basir_master_specification/04_UI_DESIGN_SYSTEM.md,See traceability matrix; not inferred from pathname alone,L6 — operational guidance / policy candidate
DOC-0924,docs/reports/kiro/environment_final_optimization_report.md,تقرير التحسين النهائي للبيئة التطويرية - بصير MVP,STATUS,docs/reports/kiro,6121,HISTORICAL_OR_STATUS,2025-12-29T21:11:31+03:00,154fa5e7fd701f2e7c1a4c3ffc27f02c363681ac,Cross-cutting / undetermined,,See traceability matrix; not inferred from pathname alone,L7 — historical or evidentiary claim only
DOC-0925,docs/reports/kiro/environment_optimization_report.md,تقرير تحسين البيئة التطويرية - بصير MVP,REPORT,docs/reports/kiro,6494,HISTORICAL_OR_STATUS,2025-12-29T21:11:31+03:00,154fa5e7fd701f2e7c1a4c3ffc27f02c363681ac,Cross-cutting / undetermined,,See traceability matrix; not inferred from pathname alone,L7 — historical or evidentiary claim only
DOC-0926,docs/reports/kiro/final_verification_report.md,تقرير التحقق النهائي والمراجعة الشاملة - بصير MVP,STATUS,docs/reports/kiro,16182,HISTORICAL_OR_STATUS,2025-12-29T21:11:31+03:00,154fa5e7fd701f2e7c1a4c3ffc27f02c363681ac,Cross-cutting / undetermined,,See traceability matrix; not inferred from pathname alone,L7 — historical or evidentiary claim only
DOC-0927,docs/reports/kiro/general/ADDITIONAL_COMPONENTS.md,🎁 المكونات الإضافية - Kiro Strategic Blueprint,UNKNOWN,docs/reports/kiro/general,8775,HISTORICAL_OR_STATUS,2025-12-29T21:11:31+03:00,154fa5e7fd701f2e7c1a4c3ffc27f02c363681ac,Cross-cutting / undetermined,,See traceability matrix; not inferred from pathname alone,UNASSIGNED
DOC-0928,docs/reports/kiro/general/CUSTOMER_FORM_TEST_FIX_REPORT.md,تقرير إصلاح اختبارات CustomerFormScreen,REPORT,docs/reports/kiro/general,7762,HISTORICAL_OR_STATUS,2025-12-29T21:11:31+03:00,154fa5e7fd701f2e7c1a4c3ffc27f02c363681ac,Testing,,See traceability matrix; not inferred from pathname alone,L7 — historical or evidentiary claim only
DOC-0929,docs/reports/kiro/general/DOCUMENTATION_REORGANIZATION_FINAL_STATUS.md,الحالة النهائية لإعادة تنظيم الوثائق,STATUS,docs/reports/kiro/general,2596,HISTORICAL_OR_STATUS,2025-12-29T21:11:31+03:00,154fa5e7fd701f2e7c1a4c3ffc27f02c363681ac,Cross-cutting / undetermined,,See traceability matrix; not inferred from pathname alone,L7 — historical or evidentiary claim only
DOC-0930,docs/reports/kiro/general/DOCUMENTATION_STRUCTURE_FINAL_SUMMARY.md,الملخص النهائي: بنية الوثائق المحسّنة,STATUS,docs/reports/kiro/general,12557,HISTORICAL_OR_STATUS,2025-12-29T21:11:31+03:00,154fa5e7fd701f2e7c1a4c3ffc27f02c363681ac,Cross-cutting / undetermined,,See traceability matrix; not inferred from pathname alone,L7 — historical or evidentiary claim only
DOC-0931,docs/reports/kiro/general/GIT_AND_DOCS_REORGANIZATION_FINAL_SUMMARY.md,🎉 الملخص النهائي الشامل - إعادة تنظيم Git والوثائق,STATUS,docs/reports/kiro/general,19599,HISTORICAL_OR_STATUS,2025-12-29T21:11:31+03:00,154fa5e7fd701f2e7c1a4c3ffc27f02c363681ac,Cross-cutting / undetermined,,See traceability matrix; not inferred from pathname alone,L7 — historical or evidentiary claim only
DOC-0932,docs/reports/kiro/general/INDEX.md,Kiro Strategic Workspace - Complete Index,UNKNOWN,docs/reports/kiro/general,11497,HISTORICAL_OR_STATUS,2025-12-29T21:52:19+03:00,e19f81ab07bea087097bea1bd68850501be70504,Cross-cutting / undetermined,,See traceability matrix; not inferred from pathname alone,UNASSIGNED
DOC-0933,docs/reports/kiro/general/INTEGRATION_STATUS_REPORT.md,تقرير حالة التكامل والتكييف,STATUS,docs/reports/kiro/general,6702,HISTORICAL_OR_STATUS,2025-12-29T21:11:31+03:00,154fa5e7fd701f2e7c1a4c3ffc27f02c363681ac,Integration,.kiro/specs/active/basir_master_specification/07_INTEGRATION_PROTOCOLS.md,See traceability matrix; not inferred from pathname alone,L7 — historical or evidentiary claim only
DOC-0934,docs/reports/kiro/general/L1_ANALYSIS_LAYER_COMPLETION_REPORT.md,تقرير إكمال L1 Analysis Layer,STATUS,docs/reports/kiro/general,8923,COMPLETED_CLAIM,2025-12-29T21:11:31+03:00,154fa5e7fd701f2e7c1a4c3ffc27f02c363681ac,Cross-cutting / undetermined,,See traceability matrix; not inferred from pathname alone,L7 — historical or evidentiary claim only
DOC-0935,docs/reports/kiro/general/L2_DECISION_LAYER_COMPLETION_REPORT.md,تقرير إكمال L2 Decision Layer,STATUS,docs/reports/kiro/general,15355,COMPLETED_CLAIM,2026-01-02T13:15:47+03:00,560c3372de9ac640f01e3854b211ffb6ef0664fd,Delivery / operations,,See traceability matrix; not inferred from pathname alone,L7 — historical or evidentiary claim only
DOC-0936,docs/reports/kiro/general/L3_EXECUTION_LAYER_COMPLETION_REPORT.md,تقرير إكمال L3 Execution Layer,STATUS,docs/reports/kiro/general,14943,COMPLETED_CLAIM,2025-12-29T21:11:31+03:00,154fa5e7fd701f2e7c1a4c3ffc27f02c363681ac,Cross-cutting / undetermined,,See traceability matrix; not inferred from pathname alone,L7 — historical or evidentiary claim only
DOC-0937,docs/reports/kiro/general/PHASE_16_COMPLETION_REPORT.md,تقرير إكمال المرحلة 16 - التحسينات الاختيارية,STATUS,docs/reports/kiro/general,6242,COMPLETED_CLAIM,2025-12-29T21:11:31+03:00,154fa5e7fd701f2e7c1a4c3ffc27f02c363681ac,Cross-cutting / undetermined,,See traceability matrix; not inferred from pathname alone,L7 — historical or evidentiary claim only
DOC-0938,docs/reports/kiro/general/README.md,التقارير العامة,GUIDE,docs/reports/kiro/general,555,HISTORICAL_OR_STATUS,2025-12-29T21:11:31+03:00,154fa5e7fd701f2e7c1a4c3ffc27f02c363681ac,Cross-cutting / undetermined,,See traceability matrix; not inferred from pathname alone,L6 — operational guidance / policy candidate
DOC-0939,docs/reports/kiro/general/REPORTS_ORGANIZATION_SUMMARY.md,تقرير تنظيم مجلد التقارير - إنجاز مكتمل,REPORT,docs/reports/kiro/general,8479,HISTORICAL_OR_STATUS,2025-12-29T21:11:31+03:00,154fa5e7fd701f2e7c1a4c3ffc27f02c363681ac,Cross-cutting / undetermined,,See traceability matrix; not inferred from pathname alone,L7 — historical or evidentiary claim only
DOC-0940,docs/reports/kiro/general/STATUS.md,حالة مشروع بصير - ملخص شامل,STATUS,docs/reports/kiro/general,3690,HISTORICAL_OR_STATUS,2025-12-29T21:11:31+03:00,154fa5e7fd701f2e7c1a4c3ffc27f02c363681ac,Cross-cutting / undetermined,,See traceability matrix; not inferred from pathname alone,L7 — historical or evidentiary claim only
DOC-0941,docs/reports/kiro/general/STRUCTURE.md,.kiro Directory Structure - بعد التنظيف الآمن,UNKNOWN,docs/reports/kiro/general,14647,HISTORICAL_OR_STATUS,2025-12-29T21:11:31+03:00,154fa5e7fd701f2e7c1a4c3ffc27f02c363681ac,Cross-cutting / undetermined,,See traceability matrix; not inferred from pathname alone,UNASSIGNED
DOC-0942,docs/reports/kiro/general/TASK_12_COMPLETION_REPORT.md,Task 12 - تقرير الإنجاز الشامل,TASK,docs/reports/kiro/general,16231,COMPLETED_CLAIM,2025-12-29T21:11:31+03:00,154fa5e7fd701f2e7c1a4c3ffc27f02c363681ac,Cross-cutting / undetermined,,See traceability matrix; not inferred from pathname alone,L5 — planning only
DOC-0943,docs/reports/kiro/general/TROUBLESHOOTING_INDEX.md,فهرس استكشاف الأخطاء السريع,UNKNOWN,docs/reports/kiro/general,2513,HISTORICAL_OR_STATUS,2025-12-29T21:11:31+03:00,154fa5e7fd701f2e7c1a4c3ffc27f02c363681ac,Cross-cutting / undetermined,,See traceability matrix; not inferred from pathname alone,UNASSIGNED
DOC-0944,docs/reports/kiro/general/WORKSPACE_ACTIVATION.md,🚀 تفعيل Kiro Strategic Workspace,UNKNOWN,docs/reports/kiro/general,11159,HISTORICAL_OR_STATUS,2025-12-29T21:52:19+03:00,e19f81ab07bea087097bea1bd68850501be70504,Tax / VAT,.kiro/specs/active/basir_master_specification/02_ACCOUNTING_ENGINE.md,See traceability matrix; not inferred from pathname alone,UNASSIGNED
DOC-0945,docs/reports/kiro/general/WORKSPACE_TRANSFORMATION_REPORT.md,Workspace Transformation Completion Report,REPORT,docs/reports/kiro/general,2548,HISTORICAL_OR_STATUS,2025-12-29T21:11:31+03:00,154fa5e7fd701f2e7c1a4c3ffc27f02c363681ac,Cross-cutting / undetermined,,See traceability matrix; not inferred from pathname alone,L7 — historical or evidentiary claim only
DOC-0946,docs/reports/kiro/general/improvement-plan.md,خطة تحسين بيئة تطوير Flutter - مشروع بصير,PLAN,docs/reports/kiro/general,12789,PLANNING_CANDIDATE,2025-12-29T21:11:31+03:00,154fa5e7fd701f2e7c1a4c3ffc27f02c363681ac,Cross-cutting / undetermined,,See traceability matrix; not inferred from pathname alone,L5 — planning only
DOC-0947,docs/reports/kiro/general/phase1-completion-report.md,تقرير إكمال المرحلة الأولى - تحسين تغطية الاختبارات,STATUS,docs/reports/kiro/general,9251,COMPLETED_CLAIM,2025-12-29T21:11:31+03:00,154fa5e7fd701f2e7c1a4c3ffc27f02c363681ac,Cross-cutting / undetermined,,See traceability matrix; not inferred from pathname alone,L7 — historical or evidentiary claim only
DOC-0948,docs/reports/kiro/mcp-optimization-report.md,تقرير تحسين MCP,REPORT,docs/reports/kiro,2618,HISTORICAL_OR_STATUS,2025-12-29T21:11:31+03:00,154fa5e7fd701f2e7c1a4c3ffc27f02c363681ac,Cross-cutting / undetermined,,See traceability matrix; not inferred from pathname alone,L7 — historical or evidentiary claim only
DOC-0949,docs/reports/kiro/mcp_configuration_fix_report.md,تقرير إصلاح تكوين MCP - بصير MVP,REPORT,docs/reports/kiro,8229,HISTORICAL_OR_STATUS,2025-12-29T21:11:31+03:00,154fa5e7fd701f2e7c1a4c3ffc27f02c363681ac,Cross-cutting / undetermined,,See traceability matrix; not inferred from pathname alone,L7 — historical or evidentiary claim only
DOC-0950,docs/reports/kiro/risk/COMPREHENSIVE_RISK_ANALYSIS.md,تحليل شامل للمخاطر والسلبيات المحتملة لخطة التنظيف,ANALYSIS,docs/reports/kiro/risk,17538,HISTORICAL_OR_STATUS,2025-12-29T21:11:31+03:00,154fa5e7fd701f2e7c1a4c3ffc27f02c363681ac,Cross-cutting / undetermined,,See traceability matrix; not inferred from pathname alone,L7 — historical or evidentiary claim only
DOC-0951,docs/reports/kiro/risk/CRITICAL_RISKS_ANALYSIS.md,تحليل المخاطر الحرجة لخطة تنظيف .kiro,ANALYSIS,docs/reports/kiro/risk,20368,HISTORICAL_OR_STATUS,2025-12-29T21:52:19+03:00,e19f81ab07bea087097bea1bd68850501be70504,Cross-cutting / undetermined,,See traceability matrix; not inferred from pathname alone,L7 — historical or evidentiary claim only
DOC-0952,docs/reports/kiro/risk/EXECUTIVE_RISK_SUMMARY.md,الملخص التنفيذي للمخاطر - للإدارة العليا,REPORT,docs/reports/kiro/risk,8757,HISTORICAL_OR_STATUS,2025-12-29T21:11:31+03:00,154fa5e7fd701f2e7c1a4c3ffc27f02c363681ac,Cross-cutting / undetermined,,See traceability matrix; not inferred from pathname alone,L7 — historical or evidentiary claim only
DOC-0953,docs/reports/kiro/risk/README.md,تقارير المخاطر,GUIDE,docs/reports/kiro/risk,610,HISTORICAL_OR_STATUS,2025-12-29T21:11:31+03:00,154fa5e7fd701f2e7c1a4c3ffc27f02c363681ac,Cross-cutting / undetermined,,See traceability matrix; not inferred from pathname alone,L6 — operational guidance / policy candidate
DOC-0954,docs/reports/kiro/steering-optimization/ANALYSIS_REPORT_20251217.md,تقرير التحليل الشامل - .kiro/steering,REPORT,docs/reports/kiro/steering-optimization,6724,HISTORICAL_OR_STATUS,2025-12-29T21:11:31+03:00,154fa5e7fd701f2e7c1a4c3ffc27f02c363681ac,Cross-cutting / undetermined,,See traceability matrix; not inferred from pathname alone,L7 — historical or evidentiary claim only
DOC-0955,docs/reports/kiro/steering-optimization/AUDIT_LOG_20251217.md,سجل التدقيق - تحسين .kiro/steering,REPORT,docs/reports/kiro/steering-optimization,10424,HISTORICAL_OR_STATUS,2025-12-29T21:11:31+03:00,154fa5e7fd701f2e7c1a4c3ffc27f02c363681ac,Cross-cutting / undetermined,,See traceability matrix; not inferred from pathname alone,L7 — historical or evidentiary claim only
DOC-0956,docs/reports/kiro/steering-optimization/LOCATION_OPTIMIZATION_PLAN.md,خطة تحسين مواقع الملفات,PLAN,docs/reports/kiro/steering-optimization,9541,PLANNING_CANDIDATE,2025-12-29T21:11:31+03:00,154fa5e7fd701f2e7c1a4c3ffc27f02c363681ac,Cross-cutting / undetermined,,See traceability matrix; not inferred from pathname alone,L5 — planning only
DOC-0957,docs/reports/kiro/steering-optimization/OPTIMIZATION_RESULTS_20251217.md,نتائج تحسين .kiro/steering - التقرير النهائي,UNKNOWN,docs/reports/kiro/steering-optimization,10598,HISTORICAL_OR_STATUS,2025-12-29T21:11:31+03:00,154fa5e7fd701f2e7c1a4c3ffc27f02c363681ac,Cross-cutting / undetermined,,See traceability matrix; not inferred from pathname alone,UNASSIGNED
DOC-0958,docs/reports/kiro/steering-optimization/README.md,تقارير تحسين ملفات التوجيه,GUIDE,docs/reports/kiro/steering-optimization,1266,HISTORICAL_OR_STATUS,2025-12-29T21:11:31+03:00,154fa5e7fd701f2e7c1a4c3ffc27f02c363681ac,Cross-cutting / undetermined,,See traceability matrix; not inferred from pathname alone,L6 — operational guidance / policy candidate
DOC-0959,docs/reports/kiro/steering-optimization/RESTRUCTURE_LOG.md,سجل إعادة هيكلة .kiro/steering,UNKNOWN,docs/reports/kiro/steering-optimization,4176,HISTORICAL_OR_STATUS,2025-12-29T21:11:31+03:00,154fa5e7fd701f2e7c1a4c3ffc27f02c363681ac,Cross-cutting / undetermined,,See traceability matrix; not inferred from pathname alone,UNASSIGNED
DOC-0960,docs/reports/kiro/task_5_completion_report.md,Task 5 Completion Report: Development Workflow Enhancement,TASK,docs/reports/kiro,8384,COMPLETED_CLAIM,2026-01-02T13:15:47+03:00,560c3372de9ac640f01e3854b211ffb6ef0664fd,Cross-cutting / undetermined,,See traceability matrix; not inferred from pathname alone,L5 — planning only
DOC-0961,docs/reports/kiro/task_6_completion_report.md,Task 6 Completion Report: Flutter-Specific Hooks and Automation,TASK,docs/reports/kiro,11960,COMPLETED_CLAIM,2026-01-02T13:15:47+03:00,560c3372de9ac640f01e3854b211ffb6ef0664fd,Cross-cutting / undetermined,,See traceability matrix; not inferred from pathname alone,L5 — planning only
DOC-0962,docs/reports/kiro/task_9_repository_management_report.md,Task 9: Repository Management Enhancement - تقرير التنفيذ,TASK,docs/reports/kiro,11330,HISTORICAL_OR_STATUS,2025-12-29T21:11:31+03:00,154fa5e7fd701f2e7c1a4c3ffc27f02c363681ac,Cross-cutting / undetermined,,See traceability matrix; not inferred from pathname alone,L5 — planning only
DOC-0963,docs/reports/kiro/transformation/CONTEXT_OPTIMIZATION_SUCCESS.md,تقرير نجاح تحسين السياق,STATUS,docs/reports/kiro/transformation,6844,HISTORICAL_OR_STATUS,2025-12-29T21:11:31+03:00,154fa5e7fd701f2e7c1a4c3ffc27f02c363681ac,Cross-cutting / undetermined,,See traceability matrix; not inferred from pathname alone,L7 — historical or evidentiary claim only
DOC-0964,docs/reports/kiro/transformation/QUALITY_SYSTEM_TRANSFORMATION_REPORT.md,تقرير تحويل نظام ضمان الجودة - إنجاز مكتمل,REPORT,docs/reports/kiro/transformation,10226,HISTORICAL_OR_STATUS,2026-01-02T13:15:47+03:00,560c3372de9ac640f01e3854b211ffb6ef0664fd,Cross-cutting / undetermined,,See traceability matrix; not inferred from pathname alone,L7 — historical or evidentiary claim only
DOC-0965,docs/reports/kiro/transformation/strategic-enhancements-completion-report.md,تقرير إكمال التحسينات الاستراتيجية,STATUS,docs/reports/kiro/transformation,12166,COMPLETED_CLAIM,2025-12-29T21:11:31+03:00,154fa5e7fd701f2e7c1a4c3ffc27f02c363681ac,Cross-cutting / undetermined,,See traceability matrix; not inferred from pathname alone,L7 — historical or evidentiary claim only
DOC-0966,docs/reports/kiro/transformation/strategic-template-upgrade-completion.md,Strategic Template Upgrade Completion Report,STATUS,docs/reports/kiro/transformation,12040,COMPLETED_CLAIM,2025-12-29T21:11:31+03:00,154fa5e7fd701f2e7c1a4c3ffc27f02c363681ac,Cross-cutting / undetermined,,See traceability matrix; not inferred from pathname alone,L7 — historical or evidentiary claim only
DOC-0967,docs/reports/kiro/visual_progress_summary.md,ملخص التقدم المرئي - بصير MVP,STATUS,docs/reports/kiro,13874,HISTORICAL_OR_STATUS,2026-01-02T13:15:47+03:00,560c3372de9ac640f01e3854b211ffb6ef0664fd,Cross-cutting / undetermined,,See traceability matrix; not inferred from pathname alone,L7 — historical or evidentiary claim only
DOC-0968,docs/reports/peer-review/STEERING_CLEANUP_PEER_REVIEW.md,تقرير مراجعة الأقران - مشروع تنظيف ملفات التوجيه,UNKNOWN,docs/reports/peer-review,11892,HISTORICAL_OR_STATUS,2025-12-29T21:11:31+03:00,154fa5e7fd701f2e7c1a4c3ffc27f02c363681ac,Cross-cutting / undetermined,,See traceability matrix; not inferred from pathname alone,UNASSIGNED
DOC-0969,docs/reports/performance/PERFORMANCE_AND_ASSETS_ANALYSIS.md,تقرير تحليل الأداء والأصول الشامل,ANALYSIS,docs/reports/performance,10612,HISTORICAL_OR_STATUS,2026-01-02T13:15:47+03:00,560c3372de9ac640f01e3854b211ffb6ef0664fd,Cross-cutting / undetermined,,See traceability matrix; not inferred from pathname alone,L7 — historical or evidentiary claim only
DOC-0970,docs/reports/performance/PERFORMANCE_IMPROVEMENTS_FINAL_SUMMARY.md,ملخص تحسينات الأداء والأصول - النهائي,STATUS,docs/reports/performance,10583,HISTORICAL_OR_STATUS,2026-01-02T13:15:47+03:00,560c3372de9ac640f01e3854b211ffb6ef0664fd,Cross-cutting / undetermined,,See traceability matrix; not inferred from pathname alone,L7 — historical or evidentiary claim only
DOC-0971,docs/reports/performance/PERFORMANCE_IMPROVEMENTS_IMPLEMENTATION_REPORT.md,تقرير تطبيق تحسينات الأداء والأصول,REPORT,docs/reports/performance,14137,HISTORICAL_OR_STATUS,2026-01-02T13:15:47+03:00,560c3372de9ac640f01e3854b211ffb6ef0664fd,Cross-cutting / undetermined,,See traceability matrix; not inferred from pathname alone,L7 — historical or evidentiary claim only
DOC-0972,docs/reports/performance/PERFORMANCE_IMPROVEMENTS_REPORT.md,تقرير تحسينات الأداء والأصول المخصصة,REPORT,docs/reports/performance,10560,HISTORICAL_OR_STATUS,2026-01-02T13:15:47+03:00,560c3372de9ac640f01e3854b211ffb6ef0664fd,Cross-cutting / undetermined,,See traceability matrix; not inferred from pathname alone,L7 — historical or evidentiary claim only
DOC-0973,docs/reports/performance/PERFORMANCE_OPTIMIZATION_FINAL_REPORT.md,تقرير التحسينات النهائي - الأداء والأصول,STATUS,docs/reports/performance,12189,HISTORICAL_OR_STATUS,2026-01-02T13:15:47+03:00,560c3372de9ac640f01e3854b211ffb6ef0664fd,Cross-cutting / undetermined,,See traceability matrix; not inferred from pathname alone,L7 — historical or evidentiary claim only
DOC-0974,docs/reports/project-status/ACHIEVEMENTS.md,🏆 سجل الإنجازات - نظام التوثيق الشامل,UNKNOWN,docs/reports/project-status,12779,HISTORICAL_OR_STATUS,2025-12-29T21:11:31+03:00,154fa5e7fd701f2e7c1a4c3ffc27f02c363681ac,Cross-cutting / undetermined,,See traceability matrix; not inferred from pathname alone,UNASSIGNED
DOC-0975,docs/reports/project-status/ACTION_PLAN.md,خطة العمل التنفيذية - مشروع بصير MVP,PLAN,docs/reports/project-status,9381,PLANNING_CANDIDATE,2025-12-29T21:11:31+03:00,154fa5e7fd701f2e7c1a4c3ffc27f02c363681ac,Cross-cutting / undetermined,,See traceability matrix; not inferred from pathname alone,L5 — planning only
DOC-0976,docs/reports/project-status/ANALYSIS_REPORT_PHASE2.md,تقرير التحليل الشامل - المرحلة 2,REPORT,docs/reports/project-status,14432,HISTORICAL_OR_STATUS,2025-12-29T21:52:19+03:00,e19f81ab07bea087097bea1bd68850501be70504,Cross-cutting / undetermined,,See traceability matrix; not inferred from pathname alone,L7 — historical or evidentiary claim only
DOC-0977,docs/reports/project-status/COMPLETE_DOCS_REORGANIZATION_SUCCESS_REPORT.md,🎉 Comprehensive Success Report - Complete .kiro/docs/ Reorganization,STATUS,docs/reports/project-status,10924,COMPLETED_CLAIM,2026-01-14T19:04:36+03:00,f277bbefaa40ec35456613b248e4d6b3e857898c,Cross-cutting / undetermined,,See traceability matrix; not inferred from pathname alone,L7 — historical or evidentiary claim only
DOC-0978,docs/reports/project-status/COMPLETE_PROJECT_HISTORY.md,السجل الزمني الشامل والمفصل - مشروع بصير MVP,UNKNOWN,docs/reports/project-status,12463,COMPLETED_CLAIM,2026-01-02T13:15:47+03:00,560c3372de9ac640f01e3854b211ffb6ef0664fd,Cross-cutting / undetermined,,See traceability matrix; not inferred from pathname alone,UNASSIGNED
DOC-0979,docs/reports/project-status/COMPLETE_SYSTEM_FINAL_REPORT.md,تقرير النظام الكامل - نظام الوكلاء الذكية الثلاثي الطبقات,STATUS,docs/reports/project-status,29195,COMPLETED_CLAIM,2026-01-02T13:15:47+03:00,560c3372de9ac640f01e3854b211ffb6ef0664fd,Cross-cutting / undetermined,,See traceability matrix; not inferred from pathname alone,L7 — historical or evidentiary claim only
DOC-0980,docs/reports/project-status/CURRENT_STATUS_COMPREHENSIVE.md,📊 تقرير الحالة الشاملة للمشروع,STATUS,docs/reports/project-status,16474,HISTORICAL_OR_STATUS,2025-12-29T21:11:31+03:00,154fa5e7fd701f2e7c1a4c3ffc27f02c363681ac,Cross-cutting / undetermined,,See traceability matrix; not inferred from pathname alone,L7 — historical or evidentiary claim only
DOC-0981,docs/reports/project-status/DOCUMENTATION_REORGANIZATION_FINAL_COMPLETION_REPORT.md,تقرير الإكمال النهائي - إعادة تنظيم الوثائق,STATUS,docs/reports/project-status,8876,COMPLETED_CLAIM,2025-12-29T21:52:19+03:00,e19f81ab07bea087097bea1bd68850501be70504,Cross-cutting / undetermined,,See traceability matrix; not inferred from pathname alone,L7 — historical or evidentiary claim only
DOC-0982,docs/reports/project-status/DOCUMENTATION_REORGANIZATION_PROJECT_COMPLETE.md,🎉 مشروع إعادة تنظيم الوثائق - إكمال نهائي 100%,UNKNOWN,docs/reports/project-status,8190,COMPLETED_CLAIM,2025-12-29T21:52:19+03:00,e19f81ab07bea087097bea1bd68850501be70504,Cross-cutting / undetermined,,See traceability matrix; not inferred from pathname alone,UNASSIGNED
DOC-0983,docs/reports/project-status/EXECUTIVE_SUMMARY.md,الملخص التنفيذي الشامل - مشروع بصير MVP,REPORT,docs/reports/project-status,13316,HISTORICAL_OR_STATUS,2025-12-29T21:11:31+03:00,154fa5e7fd701f2e7c1a4c3ffc27f02c363681ac,Cross-cutting / undetermined,,See traceability matrix; not inferred from pathname alone,L7 — historical or evidentiary claim only
DOC-0984,docs/reports/project-status/FINAL_DEPLOYMENT_REPORT.md,تقرير النشر النهائي - GitHub Workflows,STATUS,docs/reports/project-status,10084,HISTORICAL_OR_STATUS,2026-01-02T13:15:47+03:00,560c3372de9ac640f01e3854b211ffb6ef0664fd,Delivery / operations,,See traceability matrix; not inferred from pathname alone,L7 — historical or evidentiary claim only
DOC-0985,docs/reports/project-status/FINAL_PROJECT_COMPLETION_REPORT.md,,STATUS,docs/reports/project-status,0,COMPLETED_CLAIM,2025-12-29T21:11:31+03:00,154fa5e7fd701f2e7c1a4c3ffc27f02c363681ac,Cross-cutting / undetermined,,See traceability matrix; not inferred from pathname alone,L7 — historical or evidentiary claim only
DOC-0986,docs/reports/project-status/FINAL_PROJECT_STATUS.md,التقرير النهائي الشامل لمشروع بصير MVP,STATUS,docs/reports/project-status,14199,HISTORICAL_OR_STATUS,2025-12-29T21:52:19+03:00,e19f81ab07bea087097bea1bd68850501be70504,Cross-cutting / undetermined,,See traceability matrix; not inferred from pathname alone,L7 — historical or evidentiary claim only
DOC-0987,docs/reports/project-status/FINAL_SESSION_ACHIEVEMENTS_REPORT.md,التقرير النهائي الشامل: إنجازات الجلسة الكاملة,STATUS,docs/reports/project-status,13571,HISTORICAL_OR_STATUS,2026-01-02T13:15:47+03:00,560c3372de9ac640f01e3854b211ffb6ef0664fd,Cross-cutting / undetermined,,See traceability matrix; not inferred from pathname alone,L7 — historical or evidentiary claim only
DOC-0988,docs/reports/project-status/NEXT_STEPS_USER.md,🎯 الخطوات التالية - دليل المستخدم,UNKNOWN,docs/reports/project-status,7257,HISTORICAL_OR_STATUS,2025-12-29T21:11:31+03:00,154fa5e7fd701f2e7c1a4c3ffc27f02c363681ac,Cross-cutting / undetermined,,See traceability matrix; not inferred from pathname alone,UNASSIGNED
DOC-0989,docs/reports/project-status/PRIORITY_EXECUTION_PLAN.md,خطة تنفيذ الأولويات القصوى - مشروع بصير MVP,PLAN,docs/reports/project-status,8715,PLANNING_CANDIDATE,2026-01-02T13:15:47+03:00,560c3372de9ac640f01e3854b211ffb6ef0664fd,Cross-cutting / undetermined,,See traceability matrix; not inferred from pathname alone,L5 — planning only
DOC-0990,docs/reports/project-status/PROGRESS_REPORT.md,📊 تقرير التقدم - نظام التوثيق الشامل,STATUS,docs/reports/project-status,13385,HISTORICAL_OR_STATUS,2025-12-29T21:11:31+03:00,154fa5e7fd701f2e7c1a4c3ffc27f02c363681ac,Cross-cutting / undetermined,,See traceability matrix; not inferred from pathname alone,L7 — historical or evidentiary claim only
DOC-0991,docs/reports/project-status/PROJECT_MILESTONE_REPORT.md,تقرير إنجاز المعالم - المراحل 0-5 مكتملة,REPORT,docs/reports/project-status,11768,HISTORICAL_OR_STATUS,2025-12-29T21:52:19+03:00,e19f81ab07bea087097bea1bd68850501be70504,Cross-cutting / undetermined,,See traceability matrix; not inferred from pathname alone,L7 — historical or evidentiary claim only
DOC-0992,docs/reports/project-status/PROJECT_STATUS.md,حالة مشروع بصير MVP - التقرير الموحد,STATUS,docs/reports/project-status,17268,HISTORICAL_OR_STATUS,2026-01-02T13:15:47+03:00,560c3372de9ac640f01e3854b211ffb6ef0664fd,Cross-cutting / undetermined,,See traceability matrix; not inferred from pathname alone,L7 — historical or evidentiary claim only
DOC-0993,docs/reports/project-status/PROJECT_STATUS_COMPREHENSIVE_REVIEW.md,مراجعة شاملة لحالة المشروع - بصير MVP,STATUS,docs/reports/project-status,18399,HISTORICAL_OR_STATUS,2025-12-29T21:11:31+03:00,154fa5e7fd701f2e7c1a4c3ffc27f02c363681ac,Cross-cutting / undetermined,,See traceability matrix; not inferred from pathname alone,L7 — historical or evidentiary claim only
DOC-0994,docs/reports/project-status/PROJECT_TIMELINE_COMPLETE.md,السجل الزمني الشامل لمشروع بصير MVP,UNKNOWN,docs/reports/project-status,2987,COMPLETED_CLAIM,2025-12-29T21:11:31+03:00,154fa5e7fd701f2e7c1a4c3ffc27f02c363681ac,Cross-cutting / undetermined,,See traceability matrix; not inferred from pathname alone,UNASSIGNED
DOC-0995,docs/reports/project-status/PROJECT_TIMELINE_COMPREHENSIVE.txt,سجل زمني شامل لمشروع بصير MVP,UNKNOWN,docs/reports/project-status,63107,HISTORICAL_OR_STATUS,2026-01-02T13:15:47+03:00,560c3372de9ac640f01e3854b211ffb6ef0664fd,Cross-cutting / undetermined,,See traceability matrix; not inferred from pathname alone,UNASSIGNED
DOC-0996,docs/reports/project-status/REVIEW_COMPLETION_REPORT.md,,STATUS,docs/reports/project-status,0,COMPLETED_CLAIM,2025-12-29T21:11:31+03:00,154fa5e7fd701f2e7c1a4c3ffc27f02c363681ac,Cross-cutting / undetermined,,See traceability matrix; not inferred from pathname alone,L7 — historical or evidentiary claim only
DOC-0997,docs/reports/project-status/REVIEW_SUMMARY.md,ملخص المراجعة - نظام تتبع الأخطاء,REPORT,docs/reports/project-status,3956,HISTORICAL_OR_STATUS,2025-12-29T21:52:19+03:00,e19f81ab07bea087097bea1bd68850501be70504,Cross-cutting / undetermined,,See traceability matrix; not inferred from pathname alone,L7 — historical or evidentiary claim only
DOC-0998,docs/reports/risk-analysis/STEERING_CLEANUP_RISK_ANALYSIS.md,تحليل المخاطر والفجوات - مشروع تنظيف ملفات التوجيه,ANALYSIS,docs/reports/risk-analysis,27582,HISTORICAL_OR_STATUS,2026-01-02T13:15:47+03:00,560c3372de9ac640f01e3854b211ffb6ef0664fd,Cross-cutting / undetermined,,See traceability matrix; not inferred from pathname alone,L7 — historical or evidentiary claim only
DOC-0999,docs/reports/sessions/SESSION_SUMMARY.md,ملخص جلسة العمل الشاملة,REPORT,docs/reports/sessions,13682,HISTORICAL_OR_STATUS,2025-12-29T21:11:31+03:00,154fa5e7fd701f2e7c1a4c3ffc27f02c363681ac,Cross-cutting / undetermined,,See traceability matrix; not inferred from pathname alone,L7 — historical or evidentiary claim only
DOC-1000,docs/reports/sessions/SESSION_SUMMARY_FINAL_TESTING.md,ملخص الجلسة: الاختبار النهائي والتحقق الشامل,STATUS,docs/reports/sessions,10305,HISTORICAL_OR_STATUS,2026-01-02T13:15:47+03:00,560c3372de9ac640f01e3854b211ffb6ef0664fd,Testing,,See traceability matrix; not inferred from pathname alone,L7 — historical or evidentiary claim only
DOC-1001,docs/reports/sessions/SESSION_SUMMARY_GUEST_MODE.md,ملخص الجلسة: تنفيذ وضع الضيف,REPORT,docs/reports/sessions,7981,HISTORICAL_OR_STATUS,2025-12-29T21:11:31+03:00,154fa5e7fd701f2e7c1a4c3ffc27f02c363681ac,Cross-cutting / undetermined,,See traceability matrix; not inferred from pathname alone,L7 — historical or evidentiary claim only
DOC-1002,docs/reports/sessions/SESSION_SUMMARY_OVERFLOW_FIX.md,ملخص الجلسة: إصلاح Overflow واختبار شامل على الموبايل,REPORT,docs/reports/sessions,10584,HISTORICAL_OR_STATUS,2026-01-02T13:15:47+03:00,560c3372de9ac640f01e3854b211ffb6ef0664fd,Cross-cutting / undetermined,,See traceability matrix; not inferred from pathname alone,L7 — historical or evidentiary claim only
DOC-1003,docs/reports/sessions/SESSION_SUMMARY_TASKS_5_6.md,ملخص الجلسة - المهام 5 و 6,TASK,docs/reports/sessions,1173,HISTORICAL_OR_STATUS,2025-12-29T21:11:31+03:00,154fa5e7fd701f2e7c1a4c3ffc27f02c363681ac,Cross-cutting / undetermined,,See traceability matrix; not inferred from pathname alone,L5 — planning only
DOC-1004,docs/reports/sessions/SESSION_SUMMARY_TASK_7.md,ملخص الجلسة - المهمة 7,TASK,docs/reports/sessions,1256,HISTORICAL_OR_STATUS,2025-12-29T21:11:31+03:00,154fa5e7fd701f2e7c1a4c3ffc27f02c363681ac,Cross-cutting / undetermined,,See traceability matrix; not inferred from pathname alone,L5 — planning only
DOC-1005,docs/reports/sessions/SESSION_SUMMARY_UI_TESTING.md,ملخص جلسة اختبار تحسينات واجهة المستخدم,REPORT,docs/reports/sessions,10064,HISTORICAL_OR_STATUS,2025-12-29T21:11:31+03:00,154fa5e7fd701f2e7c1a4c3ffc27f02c363681ac,Flutter UI / UX; Testing,.kiro/specs/active/basir_master_specification/04_UI_DESIGN_SYSTEM.md,See traceability matrix; not inferred from pathname alone,L7 — historical or evidentiary claim only
DOC-1006,docs/reports/tasks/TASK_5_SUMMARY.md,ملخص إكمال المهمة 5 - نظام الأرشفة,TASK,docs/reports/tasks,7773,HISTORICAL_OR_STATUS,2025-12-29T21:11:31+03:00,154fa5e7fd701f2e7c1a4c3ffc27f02c363681ac,Cross-cutting / undetermined,,See traceability matrix; not inferred from pathname alone,L5 — planning only
DOC-1007,docs/reports/tasks/TASK_6_SUMMARY.md,ملخص إكمال المهمة 6 - نظام دفع السجلات إلى Git,TASK,docs/reports/tasks,4871,HISTORICAL_OR_STATUS,2025-12-29T21:11:31+03:00,154fa5e7fd701f2e7c1a4c3ffc27f02c363681ac,Cross-cutting / undetermined,,See traceability matrix; not inferred from pathname alone,L5 — planning only
DOC-1008,docs/reports/tasks/TASK_7_COMPLETION_REPORT.md,تقرير إكمال المهمة 7 - Checkpoint,TASK,docs/reports/tasks,5535,COMPLETED_CLAIM,2025-12-29T21:11:31+03:00,154fa5e7fd701f2e7c1a4c3ffc27f02c363681ac,Cross-cutting / undetermined,,See traceability matrix; not inferred from pathname alone,L5 — planning only
DOC-1009,docs/reports/tasks/comprehensive_report_2025-11-28.md,تقرير شامل - 2025-11-28,REPORT,docs/reports/tasks,1196,HISTORICAL_OR_STATUS,2025-12-29T21:11:31+03:00,154fa5e7fd701f2e7c1a4c3ffc27f02c363681ac,Cross-cutting / undetermined,,See traceability matrix; not inferred from pathname alone,L7 — historical or evidentiary claim only
DOC-1010,docs/reports/tasks/error_tracking_implementation_review.md,مراجعة تنفيذ نظام تتبع الأخطاء والسجلات,UNKNOWN,docs/reports/tasks,13905,HISTORICAL_OR_STATUS,2025-12-29T21:11:31+03:00,154fa5e7fd701f2e7c1a4c3ffc27f02c363681ac,Cross-cutting / undetermined,,See traceability matrix; not inferred from pathname alone,UNASSIGNED
DOC-1011,docs/reports/tasks/task_10_completion_report.md,تقرير إكمال المهمة 10 - Issue Templates,TASK,docs/reports/tasks,15127,COMPLETED_CLAIM,2025-12-29T21:52:19+03:00,e19f81ab07bea087097bea1bd68850501be70504,Cross-cutting / undetermined,,See traceability matrix; not inferred from pathname alone,L5 — planning only
DOC-1012,docs/reports/tasks/task_5_completion_report.md,تقرير إكمال المهمة 5 - نظام الأرشفة,TASK,docs/reports/tasks,10583,COMPLETED_CLAIM,2025-12-29T21:11:31+03:00,154fa5e7fd701f2e7c1a4c3ffc27f02c363681ac,Cross-cutting / undetermined,,See traceability matrix; not inferred from pathname alone,L5 — planning only
DOC-1013,docs/reports/tasks/task_6_completion_report.md,تقرير إكمال المهمة 6 - نظام دفع السجلات إلى Git,TASK,docs/reports/tasks,10225,COMPLETED_CLAIM,2025-12-29T21:11:31+03:00,154fa5e7fd701f2e7c1a4c3ffc27f02c363681ac,Cross-cutting / undetermined,,See traceability matrix; not inferred from pathname alone,L5 — planning only
DOC-1014,docs/reports/tasks/task_7_checkpoint_report.md,تقرير Checkpoint - المهمة 7,TASK,docs/reports/tasks,12628,HISTORICAL_OR_STATUS,2025-12-29T21:11:31+03:00,154fa5e7fd701f2e7c1a4c3ffc27f02c363681ac,Cross-cutting / undetermined,,See traceability matrix; not inferred from pathname alone,L5 — planning only
DOC-1015,docs/reports/tasks/task_8_completion_report.md,تقرير إكمال المهمة 8 - نظام إنشاء التقارير,TASK,docs/reports/tasks,11455,COMPLETED_CLAIM,2025-12-29T21:11:31+03:00,154fa5e7fd701f2e7c1a4c3ffc27f02c363681ac,Cross-cutting / undetermined,,See traceability matrix; not inferred from pathname alone,L5 — planning only
DOC-1016,docs/reports/tasks/task_9_completion_report.md,تقرير إكمال المهمة 9 - GitHub Actions Workflows,TASK,docs/reports/tasks,14181,COMPLETED_CLAIM,2025-12-29T21:52:19+03:00,e19f81ab07bea087097bea1bd68850501be70504,Cross-cutting / undetermined,,See traceability matrix; not inferred from pathname alone,L5 — planning only
DOC-1017,docs/reports/testing/FINAL_MOBILE_TEST_REPORT.md,تقرير الاختبار النهائي للتطبيق على الموبايل,STATUS,docs/reports/testing,15352,HISTORICAL_OR_STATUS,2026-01-02T13:15:47+03:00,560c3372de9ac640f01e3854b211ffb6ef0664fd,Testing,,See traceability matrix; not inferred from pathname alone,L7 — historical or evidentiary claim only
DOC-1018,docs/reports/testing/MOBILE_TESTING_REPORT.md,تقرير الاختبار على الجهاز المحمول,REPORT,docs/reports/testing,10614,HISTORICAL_OR_STATUS,2026-01-02T13:15:47+03:00,560c3372de9ac640f01e3854b211ffb6ef0664fd,Testing,,See traceability matrix; not inferred from pathname alone,L7 — historical or evidentiary claim only
DOC-1019,docs/reports/testing/MOBILE_TESTING_REPORT_DETAILED.md,تقرير الاختبار الشامل على الموبايل - المهام 7 و 8,REPORT,docs/reports/testing,13716,HISTORICAL_OR_STATUS,2026-01-02T13:15:47+03:00,560c3372de9ac640f01e3854b211ffb6ef0664fd,Testing,,See traceability matrix; not inferred from pathname alone,L7 — historical or evidentiary claim only
DOC-1020,docs/reports/testing/MOBILE_TEST_SUMMARY.md,ملخص اختبار التطبيق على الموبايل,REPORT,docs/reports/testing,2021,HISTORICAL_OR_STATUS,2025-12-29T21:11:31+03:00,154fa5e7fd701f2e7c1a4c3ffc27f02c363681ac,Testing,,See traceability matrix; not inferred from pathname alone,L7 — historical or evidentiary claim only
DOC-1021,docs/reports/testing/OVERFLOW_FIX_FINAL_REPORT.md,تقرير إصلاح UI Overflow النهائي,STATUS,docs/reports/testing,10003,HISTORICAL_OR_STATUS,2026-01-02T13:15:47+03:00,560c3372de9ac640f01e3854b211ffb6ef0664fd,Testing,,See traceability matrix; not inferred from pathname alone,L7 — historical or evidentiary claim only
DOC-1022,docs/reports/testing/TASK_1.2_TEST_FIXES_REPORT.md,تقرير إصلاح الاختبارات - Task 1.2,TASK,docs/reports/testing,9996,HISTORICAL_OR_STATUS,2026-01-02T13:15:47+03:00,560c3372de9ac640f01e3854b211ffb6ef0664fd,Testing,,See traceability matrix; not inferred from pathname alone,L5 — planning only
DOC-1023,docs/reports/testing/TESTING.md,دليل الاختبارات - بصير MVP,UNKNOWN,docs/reports/testing,14693,HISTORICAL_OR_STATUS,2026-01-02T13:15:47+03:00,560c3372de9ac640f01e3854b211ffb6ef0664fd,Testing,,See traceability matrix; not inferred from pathname alone,UNASSIGNED
DOC-1024,docs/reports/testing/TESTING_STATUS_REPORT.md,تقرير حالة نظام الاختبارات - تحديث حرج,STATUS,docs/reports/testing,11296,HISTORICAL_OR_STATUS,2025-12-29T21:11:31+03:00,154fa5e7fd701f2e7c1a4c3ffc27f02c363681ac,Testing,,See traceability matrix; not inferred from pathname alone,L7 — historical or evidentiary claim only
DOC-1025,docs/reports/testing/TESTING_SUMMARY.md,ملخص الاختبار والمشاكل المكتشفة,REPORT,docs/reports/testing,8154,HISTORICAL_OR_STATUS,2026-01-02T13:15:47+03:00,560c3372de9ac640f01e3854b211ffb6ef0664fd,Testing,,See traceability matrix; not inferred from pathname alone,L7 — historical or evidentiary claim only
DOC-1026,docs/reports/testing/TEST_FIXES_FINAL_REPORT.md,التقرير النهائي - إصلاح الاختبارات الفاشلة,STATUS,docs/reports/testing,9023,HISTORICAL_OR_STATUS,2025-12-29T21:11:31+03:00,154fa5e7fd701f2e7c1a4c3ffc27f02c363681ac,Testing,,See traceability matrix; not inferred from pathname alone,L7 — historical or evidentiary claim only
DOC-1027,docs/reports/testing/TEST_FIXES_REPORT.md,تقرير إصلاح الاختبارات الفاشلة,REPORT,docs/reports/testing,7595,HISTORICAL_OR_STATUS,2025-12-29T21:11:31+03:00,154fa5e7fd701f2e7c1a4c3ffc27f02c363681ac,Testing,,See traceability matrix; not inferred from pathname alone,L7 — historical or evidentiary claim only
DOC-1028,docs/reports/testing/UI_TESTING_REPORT.md,تقرير اختبار تحسينات واجهة المستخدم على الموبايل,REPORT,docs/reports/testing,11415,HISTORICAL_OR_STATUS,2025-12-29T21:11:31+03:00,154fa5e7fd701f2e7c1a4c3ffc27f02c363681ac,Flutter UI / UX; Testing,.kiro/specs/active/basir_master_specification/04_UI_DESIGN_SYSTEM.md,See traceability matrix; not inferred from pathname alone,L7 — historical or evidentiary claim only
DOC-1029,docs/reports/testing/mcp_server_test_report.md,تقرير اختبار خوادم MCP,REPORT,docs/reports/testing,4715,HISTORICAL_OR_STATUS,2025-12-29T21:11:31+03:00,154fa5e7fd701f2e7c1a4c3ffc27f02c363681ac,Testing,,See traceability matrix; not inferred from pathname alone,L7 — historical or evidentiary claim only
DOC-1030,docs/reports/ui-ux/BRAND_VISUAL_IDENTITY_COMPREHENSIVE_REPORT.md,,REPORT,docs/reports/ui-ux,0,HISTORICAL_OR_STATUS,2025-12-29T21:11:31+03:00,154fa5e7fd701f2e7c1a4c3ffc27f02c363681ac,Flutter UI / UX,.kiro/specs/active/basir_master_specification/04_UI_DESIGN_SYSTEM.md,See traceability matrix; not inferred from pathname alone,L7 — historical or evidentiary claim only
DOC-1031,docs/reports/ui-ux/BRAND_VISUAL_IDENTITY_SYSTEM.md,نظام الهوية البصرية الموحدة لمشروع بصير,UNKNOWN,docs/reports/ui-ux,51135,HISTORICAL_OR_STATUS,2026-01-02T13:15:47+03:00,560c3372de9ac640f01e3854b211ffb6ef0664fd,Flutter UI / UX,.kiro/specs/active/basir_master_specification/04_UI_DESIGN_SYSTEM.md,See traceability matrix; not inferred from pathname alone,UNASSIGNED
DOC-1032,docs/reports/ui-ux/FIGMA_CLEANUP_REPORT.md,تقرير تنظيف ملفات Figma,REPORT,docs/reports/ui-ux,5079,HISTORICAL_OR_STATUS,2025-12-29T21:52:19+03:00,e19f81ab07bea087097bea1bd68850501be70504,Flutter UI / UX,.kiro/specs/active/basir_master_specification/04_UI_DESIGN_SYSTEM.md,See traceability matrix; not inferred from pathname alone,L7 — historical or evidentiary claim only
DOC-1033,docs/reports/ui-ux/FIGMA_INTEGRATION_COMPLETION_REPORT.md,تقرير إكمال تكامل Figma مع Kiro,STATUS,docs/reports/ui-ux,8935,COMPLETED_CLAIM,2025-12-29T21:11:31+03:00,154fa5e7fd701f2e7c1a4c3ffc27f02c363681ac,Flutter UI / UX; Integration,.kiro/specs/active/basir_master_specification/04_UI_DESIGN_SYSTEM.md,See traceability matrix; not inferred from pathname alone,L7 — historical or evidentiary claim only
DOC-1034,docs/reports/ui-ux/FIGMA_INTEGRATION_GUIDE.md,دليل تكامل Figma مع Kiro,GUIDE,docs/reports/ui-ux,10338,HISTORICAL_OR_STATUS,2025-12-29T21:11:31+03:00,154fa5e7fd701f2e7c1a4c3ffc27f02c363681ac,Flutter UI / UX; Integration,.kiro/specs/active/basir_master_specification/04_UI_DESIGN_SYSTEM.md,See traceability matrix; not inferred from pathname alone,L6 — operational guidance / policy candidate
DOC-1035,docs/reports/ui-ux/FIGMA_USAGE_GUIDE.md,دليل استخدام Figma مع Kiro,GUIDE,docs/reports/ui-ux,3607,HISTORICAL_OR_STATUS,2025-12-29T21:11:31+03:00,154fa5e7fd701f2e7c1a4c3ffc27f02c363681ac,Flutter UI / UX,.kiro/specs/active/basir_master_specification/04_UI_DESIGN_SYSTEM.md,See traceability matrix; not inferred from pathname alone,L6 — operational guidance / policy candidate
DOC-1036,docs/reports/ui-ux/UI_UX_IMPROVEMENTS_PROGRESS.md,تقرير تقدم تحسينات واجهة المستخدم (UI/UX),STATUS,docs/reports/ui-ux,16945,HISTORICAL_OR_STATUS,2025-12-29T21:52:19+03:00,e19f81ab07bea087097bea1bd68850501be70504,Flutter UI / UX,.kiro/specs/active/basir_master_specification/04_UI_DESIGN_SYSTEM.md,See traceability matrix; not inferred from pathname alone,L7 — historical or evidentiary claim only
DOC-1037,docs/reports/workflows/AUTOMATION_SYSTEM_COMPLETE.md,تقرير إكمال نظام الأتمتة الذكي للوكلاء,UNKNOWN,docs/reports/workflows,13836,COMPLETED_CLAIM,2025-12-29T21:11:31+03:00,154fa5e7fd701f2e7c1a4c3ffc27f02c363681ac,Cross-cutting / undetermined,,See traceability matrix; not inferred from pathname alone,UNASSIGNED
DOC-1038,docs/reports/workflows/WORKFLOWS_ANALYSIS_REPORT.md,تقرير تحليل وإصلاح GitHub Workflows,REPORT,docs/reports/workflows,13129,HISTORICAL_OR_STATUS,2025-12-29T21:11:31+03:00,154fa5e7fd701f2e7c1a4c3ffc27f02c363681ac,Cross-cutting / undetermined,,See traceability matrix; not inferred from pathname alone,L7 — historical or evidentiary claim only
DOC-1039,docs/reports/workflows/WORKFLOWS_FAILURE_ANALYSIS.md,تحليل فشل GitHub Workflows,ANALYSIS,docs/reports/workflows,2323,HISTORICAL_OR_STATUS,2025-12-29T21:11:31+03:00,154fa5e7fd701f2e7c1a4c3ffc27f02c363681ac,Cross-cutting / undetermined,,See traceability matrix; not inferred from pathname alone,L7 — historical or evidentiary claim only
DOC-1040,docs/reports/workflows/WORKFLOWS_LOCAL_STATUS.md,حالة GitHub Workflows - التحقق المحلي,STATUS,docs/reports/workflows,6293,HISTORICAL_OR_STATUS,2026-01-02T13:15:47+03:00,560c3372de9ac640f01e3854b211ffb6ef0664fd,Cross-cutting / undetermined,,See traceability matrix; not inferred from pathname alone,L7 — historical or evidentiary claim only
DOC-1041,docs/riverpod-v3-migration-plan.md,خطة ترقية Riverpod إلى الإصدار 3.1.0,PLAN,docs,9411,PLANNING_CANDIDATE,2026-01-11T23:12:27+03:00,c458bbcaa0bf25bc561e64c3f926e61178af03f0,Flutter state management,.kiro/specs/active/basir_master_specification/03_DATA_SCHEMA.md,See traceability matrix; not inferred from pathname alone,L5 — planning only
DOC-1042,docs/sessions/COMPLETION_SUMMARY.md,تماً لكشكر,STATUS,docs/sessions,1685,COMPLETED_CLAIM,2025-12-29T21:11:31+03:00,154fa5e7fd701f2e7c1a4c3ffc27f02c363681ac,Cross-cutting / undetermined,,See traceability matrix; not inferred from pathname alone,L7 — historical or evidentiary claim only
DOC-1043,docs/sessions/FINAL_SESSION_COMPLETION_REPORT.md,تقرير إكمال الجلسة النهائي - دفع التغييرات المتبقية,STATUS,docs/sessions,14891,COMPLETED_CLAIM,2025-12-29T21:52:19+03:00,e19f81ab07bea087097bea1bd68850501be70504,Cross-cutting / undetermined,,See traceability matrix; not inferred from pathname alone,L7 — historical or evidentiary claim only
DOC-1044,docs/sessions/FINAL_SESSION_REPORT.md,تقرير الجلسة النهائي - تنفيذ الوضع الليلي,STATUS,docs/sessions,2729,HISTORICAL_OR_STATUS,2025-12-29T21:11:31+03:00,154fa5e7fd701f2e7c1a4c3ffc27f02c363681ac,Cross-cutting / undetermined,,See traceability matrix; not inferred from pathname alone,L7 — historical or evidentiary claim only
DOC-1045,docs/sessions/README.md,ملخصات الجلسات,GUIDE,docs/sessions,1761,HISTORICAL_OR_STATUS,2025-12-29T21:11:31+03:00,154fa5e7fd701f2e7c1a4c3ffc27f02c363681ac,Cross-cutting / undetermined,,See traceability matrix; not inferred from pathname alone,L6 — operational guidance / policy candidate
DOC-1046,docs/sessions/SESSION_COMPLETION_PERFORMANCE_IMPROVEMENTS.md,ملخص الجلسة: تحسينات الأداء والأصول,STATUS,docs/sessions,4016,COMPLETED_CLAIM,2025-12-29T21:11:31+03:00,154fa5e7fd701f2e7c1a4c3ffc27f02c363681ac,Cross-cutting / undetermined,,See traceability matrix; not inferred from pathname alone,L7 — historical or evidentiary claim only
DOC-1047,docs/sessions/SESSION_COMPLETION_SUMMARY.md,ملخص إنجاز الجلسة - تحسينات الأداء والأصول,STATUS,docs/sessions,9051,COMPLETED_CLAIM,2026-01-02T13:15:47+03:00,560c3372de9ac640f01e3854b211ffb6ef0664fd,Cross-cutting / undetermined,,See traceability matrix; not inferred from pathname alone,L7 — historical or evidentiary claim only
DOC-1048,docs/sessions/SESSION_CONTINUATION_REPORT.md,اللوقت,REPORT,docs/sessions,8717,HISTORICAL_OR_STATUS,2026-01-02T13:15:47+03:00,560c3372de9ac640f01e3854b211ffb6ef0664fd,Cross-cutting / undetermined,,See traceability matrix; not inferred from pathname alone,L7 — historical or evidentiary claim only
DOC-1049,docs/sessions/SESSION_CONTINUATION_SUMMARY.md,ملخص جلسة الاستمرارية - دفع التغييرات المتبقية,REPORT,docs/sessions,5100,HISTORICAL_OR_STATUS,2025-12-29T21:11:31+03:00,154fa5e7fd701f2e7c1a4c3ffc27f02c363681ac,Cross-cutting / undetermined,,See traceability matrix; not inferred from pathname alone,L7 — historical or evidentiary claim only
DOC-1050,docs/sessions/SESSION_SUMMARY.md,ملخص الجلسة - مراجعة نظام الاختبارات و CI/CD,REPORT,docs/sessions,8284,HISTORICAL_OR_STATUS,2025-12-29T21:11:31+03:00,154fa5e7fd701f2e7c1a4c3ffc27f02c363681ac,Cross-cutting / undetermined,,See traceability matrix; not inferred from pathname alone,L7 — historical or evidentiary claim only
DOC-1051,docs/sessions/SESSION_SUMMARY_DARK_MODE.md,بين الوكمل منظمعاون** - عالت **5.بشكل رائع,REPORT,docs/sessions,8866,HISTORICAL_OR_STATUS,2025-12-29T21:11:31+03:00,154fa5e7fd701f2e7c1a4c3ffc27f02c363681ac,Cross-cutting / undetermined,,See traceability matrix; not inferred from pathname alone,L7 — historical or evidentiary claim only
DOC-1052,docs/sessions/SESSION_SUMMARY_LOGIN_SETTINGS_FIXES.md,ملخص جلسة إصلاح شاشات تسجيل الدخول والإعدادات,REPORT,docs/sessions,11547,HISTORICAL_OR_STATUS,2026-01-02T13:15:47+03:00,560c3372de9ac640f01e3854b211ffb6ef0664fd,Cross-cutting / undetermined,,See traceability matrix; not inferred from pathname alone,L7 — historical or evidentiary claim only
DOC-1053,docs/sessions/comprehensive/FINAL_ANSWER.md,الإجابة النهائية: هل الإنجازات تتطابق مع التوقعات؟,STATUS,docs/sessions/comprehensive,10326,HISTORICAL_OR_STATUS,2025-12-29T21:11:31+03:00,154fa5e7fd701f2e7c1a4c3ffc27f02c363681ac,Cross-cutting / undetermined,,See traceability matrix; not inferred from pathname alone,L7 — historical or evidentiary claim only
DOC-1054,docs/sessions/comprehensive/FINAL_SESSION_REPORT.md,🎉 التقرير النهائي - جلسة التوثيق الشامل,STATUS,docs/sessions/comprehensive,18269,HISTORICAL_OR_STATUS,2026-01-02T13:15:47+03:00,560c3372de9ac640f01e3854b211ffb6ef0664fd,Cross-cutting / undetermined,,See traceability matrix; not inferred from pathname alone,L7 — historical or evidentiary claim only
DOC-1055,docs/sessions/comprehensive/SESSION_FINAL_SUMMARY.md,ملخص الجلسة النهائي - 3 ديسمبر 2025,STATUS,docs/sessions/comprehensive,4893,HISTORICAL_OR_STATUS,2025-12-29T21:52:19+03:00,e19f81ab07bea087097bea1bd68850501be70504,Cross-cutting / undetermined,,See traceability matrix; not inferred from pathname alone,L7 — historical or evidentiary claim only
DOC-1056,docs/sessions/comprehensive/SESSION_SUMMARY.md,📊 ملخص الجلسة - نظام التوثيق الشامل,REPORT,docs/sessions/comprehensive,15173,HISTORICAL_OR_STATUS,2026-01-02T13:15:47+03:00,560c3372de9ac640f01e3854b211ffb6ef0664fd,Cross-cutting / undetermined,,See traceability matrix; not inferred from pathname alone,L7 — historical or evidentiary claim only
DOC-1057,docs/sessions/comprehensive/SESSION_SUMMARY_2025-12-05.md,ملخص الجلسة - 5 ديسمبر 2025,REPORT,docs/sessions/comprehensive,8871,HISTORICAL_OR_STATUS,2025-12-29T21:52:19+03:00,e19f81ab07bea087097bea1bd68850501be70504,Cross-cutting / undetermined,,See traceability matrix; not inferred from pathname alone,L7 — historical or evidentiary claim only
DOC-1058,docs/sessions/comprehensive/SESSION_SUMMARY_AUTOMATION.md,ملخص الجلسة: نظام الأتمتة الذكي للوكلاء,REPORT,docs/sessions/comprehensive,12696,HISTORICAL_OR_STATUS,2025-12-29T21:52:19+03:00,e19f81ab07bea087097bea1bd68850501be70504,Cross-cutting / undetermined,,See traceability matrix; not inferred from pathname alone,L7 — historical or evidentiary claim only
DOC-1059,docs/sessions/specialized/ALIGNMENT_ANALYSIS_REPORT.md,تقرير التحليل الشامل للتوافق والتناسق,REPORT,docs/sessions/specialized,21661,HISTORICAL_OR_STATUS,2025-12-29T21:11:31+03:00,154fa5e7fd701f2e7c1a4c3ffc27f02c363681ac,Delivery / operations,,See traceability matrix; not inferred from pathname alone,L7 — historical or evidentiary claim only
DOC-1060,docs/sessions/specialized/CONTRADICTIONS_ANALYSIS.md,تحليل التناقضات بين التقارير,ANALYSIS,docs/sessions/specialized,7523,HISTORICAL_OR_STATUS,2025-12-29T21:11:31+03:00,154fa5e7fd701f2e7c1a4c3ffc27f02c363681ac,Delivery / operations,,See traceability matrix; not inferred from pathname alone,L7 — historical or evidentiary claim only
DOC-1061,docs/sessions/specialized/SPECS_ALIGNMENT_SUMMARY.md,ملخص تحليل التوافق - جميع المواصفات,REPORT,docs/sessions/specialized,4076,HISTORICAL_OR_STATUS,2025-12-29T21:11:31+03:00,154fa5e7fd701f2e7c1a4c3ffc27f02c363681ac,Delivery / operations,,See traceability matrix; not inferred from pathname alone,L7 — historical or evidentiary claim only
DOC-1062,docs/sessions/ui-ux/SESSION_SUMMARY_UI_UX_PHASE1.md,ملخص الجلسة: تحسينات واجهة المستخدم - المرحلة 1,REPORT,docs/sessions/ui-ux,12704,HISTORICAL_OR_STATUS,2025-12-29T21:52:19+03:00,e19f81ab07bea087097bea1bd68850501be70504,Flutter UI / UX,.kiro/specs/active/basir_master_specification/04_UI_DESIGN_SYSTEM.md,See traceability matrix; not inferred from pathname alone,L7 — historical or evidentiary claim only
DOC-1063,docs/sessions/ui-ux/SESSION_SUMMARY_UI_UX_PHASE2.md,ملخص الجلسة: إكمال المرحلة 2 من تحسينات UI/UX,REPORT,docs/sessions/ui-ux,11339,HISTORICAL_OR_STATUS,2025-12-29T21:52:19+03:00,e19f81ab07bea087097bea1bd68850501be70504,Flutter UI / UX,.kiro/specs/active/basir_master_specification/04_UI_DESIGN_SYSTEM.md,See traceability matrix; not inferred from pathname alone,L7 — historical or evidentiary claim only
DOC-1064,docs/specs/legacy_blueprint/00_System_Manifesto.md,System Engineering Manifesto: The Basir Paradigm,SPECIFICATION,docs/specs/legacy_blueprint,3012,ARCHIVED_CANDIDATE,2026-02-21T22:35:15+03:00,afca608f78fad5ca683c127ef7b3a8d889e92cb0,Cross-cutting / undetermined,,See traceability matrix; not inferred from pathname alone,UNASSIGNED
DOC-1065,docs/specs/legacy_blueprint/01_Functional_Architecture.md,Functional Architecture Specification,SPECIFICATION,docs/specs/legacy_blueprint,3290,ARCHIVED_CANDIDATE,2026-02-21T22:35:15+03:00,afca608f78fad5ca683c127ef7b3a8d889e92cb0,Cross-cutting / undetermined,,See traceability matrix; not inferred from pathname alone,UNASSIGNED
DOC-1066,docs/specs/legacy_blueprint/02_Accounting_Logic_Model.md,Accounting Logic Model,SPECIFICATION,docs/specs/legacy_blueprint,2383,ARCHIVED_CANDIDATE,2026-02-21T22:35:15+03:00,afca608f78fad5ca683c127ef7b3a8d889e92cb0,Accounting / ledger,.kiro/specs/active/basir_master_specification/02_ACCOUNTING_ENGINE.md,See traceability matrix; not inferred from pathname alone,UNASSIGNED
DOC-1067,docs/specs/legacy_blueprint/03_Data_Schema_Specification.md,Data Schema Specification,SPECIFICATION,docs/specs/legacy_blueprint,2129,ARCHIVED_CANDIDATE,2026-02-21T22:35:15+03:00,afca608f78fad5ca683c127ef7b3a8d889e92cb0,Data / schema; Delivery / operations,.kiro/specs/active/basir_master_specification/03_DATA_SCHEMA.md,See traceability matrix; not inferred from pathname alone,UNASSIGNED
DOC-1068,docs/specs/legacy_blueprint/FINAL_SEAL_OF_APPROVAL.md,Formal Evaluation & Seal of Approval: Basir Master Blueprint,SPECIFICATION,docs/specs/legacy_blueprint,2218,ARCHIVED_CANDIDATE,2026-02-21T22:35:15+03:00,afca608f78fad5ca683c127ef7b3a8d889e92cb0,Cross-cutting / undetermined,,See traceability matrix; not inferred from pathname alone,UNASSIGNED
DOC-1069,docs/specs/legacy_blueprint/FORENSIC_ATLAS.md,The Basir Accounting Forensic Atlas,SPECIFICATION,docs/specs/legacy_blueprint,173227,ARCHIVED_CANDIDATE,2026-02-21T22:35:15+03:00,afca608f78fad5ca683c127ef7b3a8d889e92cb0,Cross-cutting / undetermined,,See traceability matrix; not inferred from pathname alone,UNASSIGNED
DOC-1070,docs/status/PROJECT_STATUS.md,حالة المشروع الحالية - بصير MVP,STATUS,docs/status,29498,HISTORICAL_OR_STATUS,2026-01-02T13:15:47+03:00,560c3372de9ac640f01e3854b211ffb6ef0664fd,Cross-cutting / undetermined,,See traceability matrix; not inferred from pathname alone,L7 — historical or evidentiary claim only
DOC-1071,docs/status/archive/CURRENT_PROJECT_STATUS.md,حالة المشروع الحالية - بصير MVP,STATUS,docs/status/archive,15145,ARCHIVED_CANDIDATE,2026-01-02T13:15:47+03:00,560c3372de9ac640f01e3854b211ffb6ef0664fd,Cross-cutting / undetermined,,See traceability matrix; not inferred from pathname alone,L7 — historical or evidentiary claim only
DOC-1072,docs/status/archive/CURRENT_STATUS.md,الحالة الحالية - ملخص تنفيذي,STATUS,docs/status/archive,6253,ARCHIVED_CANDIDATE,2025-12-29T21:11:31+03:00,154fa5e7fd701f2e7c1a4c3ffc27f02c363681ac,Cross-cutting / undetermined,,See traceability matrix; not inferred from pathname alone,L7 — historical or evidentiary claim only
DOC-1073,docs/status/archive/QUICK_STATUS_SUMMARY.md,ملخص سريع - حالة المشروع,STATUS,docs/status/archive,3297,ARCHIVED_CANDIDATE,2026-01-02T13:15:47+03:00,560c3372de9ac640f01e3854b211ffb6ef0664fd,Flutter UI / UX,.kiro/specs/active/basir_master_specification/04_UI_DESIGN_SYSTEM.md,See traceability matrix; not inferred from pathname alone,L7 — historical or evidentiary claim only
DOC-1074,docs/status/archive/REMAINING_ITEMS_STATUS_REPORT.md,تقرير حالة النقاط المتبقية,STATUS,docs/status/archive,11009,ARCHIVED_CANDIDATE,2025-12-29T21:11:31+03:00,154fa5e7fd701f2e7c1a4c3ffc27f02c363681ac,Cross-cutting / undetermined,,See traceability matrix; not inferred from pathname alone,L7 — historical or evidentiary claim only
DOC-1075,docs/templates/advanced-report-template.md,[عنوان التقرير المتقدم],REPORT,docs/templates,3603,UNDECLARED,2025-12-29T21:11:31+03:00,154fa5e7fd701f2e7c1a4c3ffc27f02c363681ac,Cross-cutting / undetermined,,See traceability matrix; not inferred from pathname alone,L7 — historical or evidentiary claim only
DOC-1076,docs/templates/technical-spec-template.md,مواصفة تقنية: [اسم الميزة],REFERENCE,docs/templates,7619,UNDECLARED,2025-12-29T21:11:31+03:00,154fa5e7fd701f2e7c1a4c3ffc27f02c363681ac,Cross-cutting / undetermined,,See traceability matrix; not inferred from pathname alone,L6 — operational guidance / policy candidate
DOC-1077,docs/test-analysis.md,تحليل حالة الاختبارات - مشروع بصير,ANALYSIS,docs,5754,UNDECLARED,2026-01-11T23:12:27+03:00,c458bbcaa0bf25bc561e64c3f926e61178af03f0,Testing,,See traceability matrix; not inferred from pathname alone,L7 — historical or evidentiary claim only
DOC-1078,docs/test-results.json,"{""protocolVersion"":""0.1.1"",""runnerVersion"":null,""pid"":171382,""type"":""start"",""time"":0}",UNKNOWN,docs,519547,UNDECLARED,2026-01-11T23:12:27+03:00,c458bbcaa0bf25bc561e64c3f926e61178af03f0,Testing,,See traceability matrix; not inferred from pathname alone,UNASSIGNED
DOC-1079,docs/update_dates.sh,سكريبت تحديث التواريخ في ملفات Documentation,UNKNOWN,docs,6146,UNDECLARED,2025-12-29T21:52:19+03:00,e19f81ab07bea087097bea1bd68850501be70504,Cross-cutting / undetermined,,See traceability matrix; not inferred from pathname alone,UNASSIGNED
DOC-1080,final_analysis_report.txt,Analyzing basir_accounting_system...,STATUS,.,14952,UNDECLARED,2026-02-21T22:35:15+03:00,afca608f78fad5ca683c127ef7b3a8d889e92cb0,Cross-cutting / undetermined,,See traceability matrix; not inferred from pathname alone,L7 — historical or evidentiary claim only
DOC-1081,flutter_analyze_output.txt,Analyzing basir_accounting_system...,UNKNOWN,.,1118,UNDECLARED,2026-02-21T22:35:15+03:00,afca608f78fad5ca683c127ef7b3a8d889e92cb0,Cross-cutting / undetermined,,See traceability matrix; not inferred from pathname alone,UNASSIGNED
DOC-1082,ios/Runner/Assets.xcassets/LaunchImage.imageset/README.md,Launch Screen Assets,GUIDE,ios/Runner/Assets.xcassets/LaunchImage.imageset,336,UNDECLARED,2025-12-10T17:25:42+03:00,0ef36f8a804fbc9f45219a20b57df271268259ae,Cross-cutting / undetermined,,See traceability matrix; not inferred from pathname alone,L6 — operational guidance / policy candidate
DOC-1083,l10n_errors.txt,"""ar"": [",UNKNOWN,.,246,UNDECLARED,2026-01-15T18:03:45+03:00,fc4d6d999e92b49ef17ac6e49bca05bbb08c028c,Cross-cutting / undetermined,,See traceability matrix; not inferred from pathname alone,UNASSIGNED
DOC-1084,lib/core/domain/contracts/audit_entry.dart,/// سجل حدث تدقيق موحد لنظام بصير المحاسبي.,REPORT,lib/core/domain/contracts,5735,UNDECLARED,2026-08-13T16:01:23+03:00,b33caea78d108884c36437eb0c1d12b6cadc38db,Cross-cutting / undetermined,,See traceability matrix; not inferred from pathname alone,L7 — historical or evidentiary claim only
DOC-1085,lib/core/domain/contracts/document_status.dart,/// حالات الوثيقة التجارية الست الموحدة لنظام بصير المحاسبي.,STATUS,lib/core/domain/contracts,4440,UNDECLARED,2026-08-13T16:01:23+03:00,b33caea78d108884c36437eb0c1d12b6cadc38db,Cross-cutting / undetermined,,See traceability matrix; not inferred from pathname alone,L7 — historical or evidentiary claim only
DOC-1086,lib/core/models/report.dart,import 'package:basir_accounting_system/core/models/log_entry.dart';,REPORT,lib/core/models,11483,UNDECLARED,2026-01-11T23:12:27+03:00,c458bbcaa0bf25bc561e64c3f926e61178af03f0,Cross-cutting / undetermined,,See traceability matrix; not inferred from pathname alone,L7 — historical or evidentiary claim only
DOC-1087,lib/core/models/sync_status.dart,/// حالة المزامنة (Sync Status),STATUS,lib/core/models,519,UNDECLARED,2026-01-03T19:48:18+03:00,f601c5828d1a0f3c5c73de7c4cb22243e34d3cfb,Cross-cutting / undetermined,.kiro/specs/active/basir_master_specification/07_INTEGRATION_PROTOCOLS.md,See traceability matrix; not inferred from pathname alone,L7 — historical or evidentiary claim only
DOC-1088,lib/core/services/audit_service.dart,import 'dart:io';,REPORT,lib/core/services,3725,UNDECLARED,2026-07-19T21:36:53+03:00,21b4c998c921baaae04dda0206c10dd6c5404f7b,Cross-cutting / undetermined,,See traceability matrix; not inferred from pathname alone,L7 — historical or evidentiary claim only
DOC-1089,lib/core/theme/README.md,نظام الثيمات الموحد (Theme System),GUIDE,lib/core/theme,16605,UNDECLARED,2026-07-27T16:20:21+03:00,a766d6d812a09c6c498a11706629d9ac28f641f5,Cross-cutting / undetermined,.kiro/specs/active/basir_master_specification/04_UI_DESIGN_SYSTEM.md,See traceability matrix; not inferred from pathname alone,L6 — operational guidance / policy candidate
DOC-1090,lib/core/theme/border_contrast_design.dart,import 'package:basir_accounting_system/core/theme/tokens/index.dart';,DESIGN,lib/core/theme,2517,UNDECLARED,2026-07-20T20:05:09+03:00,1ede8b6e11aa4b65d5e39489b431d3d63da270f8,Cross-cutting / undetermined,.kiro/specs/active/basir_master_specification/04_UI_DESIGN_SYSTEM.md,See traceability matrix; not inferred from pathname alone,L3 — design authority candidate
DOC-1091,lib/core/theme/disabled_state_design.dart,import 'package:basir_accounting_system/core/theme/app_state_colors.dart';,DESIGN,lib/core/theme,712,UNDECLARED,2026-07-21T17:11:23+03:00,19bddeecb64650b9e485eed98ddbc9c6f6595641,Cross-cutting / undetermined,.kiro/specs/active/basir_master_specification/04_UI_DESIGN_SYSTEM.md,See traceability matrix; not inferred from pathname alone,L3 — design authority candidate
DOC-1092,lib/core/theme/opacity_compositing_design.dart,import 'package:basir_accounting_system/core/theme/accessibility/state_contrast_calculator.dart';,DESIGN,lib/core/theme,2787,UNDECLARED,2026-07-27T16:52:07+03:00,d890d3644d594731449f9307a4fe33542623133c,Delivery / operations,.kiro/specs/active/basir_master_specification/04_UI_DESIGN_SYSTEM.md,See traceability matrix; not inferred from pathname alone,L3 — design authority candidate
DOC-1093,lib/core/theme/selected_state_design.dart,import 'package:basir_accounting_system/core/theme/app_state_colors.dart';,DESIGN,lib/core/theme,2036,UNDECLARED,2026-07-23T17:15:19+03:00,8546e4aef9b7b2e7f54e045808fd683afc2c5559,Cross-cutting / undetermined,.kiro/specs/active/basir_master_specification/04_UI_DESIGN_SYSTEM.md,See traceability matrix; not inferred from pathname alone,L3 — design authority candidate
DOC-1094,lib/features/accounting/application/financial_reporting_service.dart,import 'package:basir_accounting_system/core/providers.dart';,REPORT,lib/features/accounting/application,7157,UNDECLARED,2026-07-19T21:36:53+03:00,21b4c998c921baaae04dda0206c10dd6c5404f7b,Accounting / ledger; Delivery / operations,.kiro/specs/active/basir_master_specification/02_ACCOUNTING_ENGINE.md,See traceability matrix; not inferred from pathname alone,L7 — historical or evidentiary claim only
DOC-1095,lib/features/accounting/application/financial_strategy_service.dart,import 'package:basir_accounting_system/features/accounting/domain/entities/accounting_agent.dart';,UNKNOWN,lib/features/accounting/application,2806,UNDECLARED,2026-02-21T22:35:15+03:00,afca608f78fad5ca683c127ef7b3a8d889e92cb0,Accounting / ledger; Delivery / operations,.kiro/specs/active/basir_master_specification/02_ACCOUNTING_ENGINE.md,See traceability matrix; not inferred from pathname alone,UNASSIGNED
DOC-1096,lib/features/accounting/application/forensic_audit_service.dart,import 'dart:ui';,REPORT,lib/features/accounting/application,7320,UNDECLARED,2026-02-21T22:35:15+03:00,afca608f78fad5ca683c127ef7b3a8d889e92cb0,Accounting / ledger,.kiro/specs/active/basir_master_specification/02_ACCOUNTING_ENGINE.md,See traceability matrix; not inferred from pathname alone,L7 — historical or evidentiary claim only
DOC-1097,lib/features/accounting/application/multi_standard_coa_engine.dart,import 'package:basir_accounting_system/features/accounting/domain/entities/account.dart';,STANDARD,lib/features/accounting/application,7557,UNDECLARED,2026-02-21T22:35:15+03:00,afca608f78fad5ca683c127ef7b3a8d889e92cb0,Accounting / ledger,.kiro/specs/active/basir_master_specification/02_ACCOUNTING_ENGINE.md,See traceability matrix; not inferred from pathname alone,L6 — operational guidance / policy candidate
DOC-1098,lib/features/accounting/application/reporting_service.dart,import 'package:basir_accounting_system/features/accounting/application/accounting_service.dart';,REPORT,lib/features/accounting/application,9806,UNDECLARED,2026-07-19T21:36:53+03:00,21b4c998c921baaae04dda0206c10dd6c5404f7b,Accounting / ledger,.kiro/specs/active/basir_master_specification/02_ACCOUNTING_ENGINE.md,See traceability matrix; not inferred from pathname alone,L7 — historical or evidentiary claim only
DOC-1099,lib/features/accounting/application/standards_engine_service.dart,// ignore_for_file: lines_longer_than_80_chars,STANDARD,lib/features/accounting/application,3145,UNDECLARED,2026-02-21T22:35:15+03:00,afca608f78fad5ca683c127ef7b3a8d889e92cb0,Accounting / ledger,.kiro/specs/active/basir_master_specification/02_ACCOUNTING_ENGINE.md,See traceability matrix; not inferred from pathname alone,L6 — operational guidance / policy candidate
DOC-1100,lib/features/accounting/domain/entities/financial_report.dart,import 'package:decimal/decimal.dart';,REPORT,lib/features/accounting/domain/entities,2661,UNDECLARED,2026-02-21T22:35:15+03:00,afca608f78fad5ca683c127ef7b3a8d889e92cb0,Accounting / ledger; Delivery / operations,.kiro/specs/active/basir_master_specification/02_ACCOUNTING_ENGINE.md,See traceability matrix; not inferred from pathname alone,L7 — historical or evidentiary claim only
DOC-1101,lib/features/accounting/presentation/screens/aging_reports_screen.dart,// ignore_for_file: lines_longer_than_80_chars,REPORT,lib/features/accounting/presentation/screens,14097,UNDECLARED,2026-07-21T20:04:19+03:00,2e560a4e2ddc7730bf9b00a0fa36a7fbc9d37946,Accounting / ledger,.kiro/specs/active/basir_master_specification/02_ACCOUNTING_ENGINE.md,See traceability matrix; not inferred from pathname alone,L7 — historical or evidentiary claim only
DOC-1102,lib/features/accounting/presentation/screens/reports_screen.dart,import 'dart:async';,REPORT,lib/features/accounting/presentation/screens,6533,UNDECLARED,2026-07-27T16:20:21+03:00,a766d6d812a09c6c498a11706629d9ac28f641f5,Accounting / ledger,.kiro/specs/active/basir_master_specification/02_ACCOUNTING_ENGINE.md,See traceability matrix; not inferred from pathname alone,L7 — historical or evidentiary claim only
DOC-1103,lib/features/accounting/presentation/widgets/consensus_report_overlay.dart,import 'dart:ui';,REPORT,lib/features/accounting/presentation/widgets,11106,UNDECLARED,2026-02-21T22:35:15+03:00,afca608f78fad5ca683c127ef7b3a8d889e92cb0,Accounting / ledger,.kiro/specs/active/basir_master_specification/02_ACCOUNTING_ENGINE.md,See traceability matrix; not inferred from pathname alone,L7 — historical or evidentiary claim only
DOC-1104,lib/features/accounting/presentation/widgets/financial_summary_card.dart,import 'package:basir_accounting_system/core/extensions/context_extensions.dart';,REPORT,lib/features/accounting/presentation/widgets,4069,UNDECLARED,2026-07-19T21:36:53+03:00,21b4c998c921baaae04dda0206c10dd6c5404f7b,Accounting / ledger; Delivery / operations,.kiro/specs/active/basir_master_specification/02_ACCOUNTING_ENGINE.md,See traceability matrix; not inferred from pathname alone,L7 — historical or evidentiary claim only
DOC-1105,lib/features/forensics/domain/entities/integrity_status.dart,import 'package:flutter/material.dart';,STATUS,lib/features/forensics/domain/entities,2185,UNDECLARED,2026-02-21T22:35:15+03:00,afca608f78fad5ca683c127ef7b3a8d889e92cb0,Cross-cutting / undetermined,,See traceability matrix; not inferred from pathname alone,L7 — historical or evidentiary claim only
DOC-1106,lib/features/inventory/presentation/screens/inventory_valuation_report_screen.dart,import 'package:basir_accounting_system/core/extensions/context_extensions.dart';,REPORT,lib/features/inventory/presentation/screens,4943,UNDECLARED,2026-07-27T16:20:21+03:00,a766d6d812a09c6c498a11706629d9ac28f641f5,Cross-cutting / undetermined,,See traceability matrix; not inferred from pathname alone,L7 — historical or evidentiary claim only
DOC-1107,lib/features/invoices/domain/entities/invoice_status.dart,/// حالات الفاتورة (Invoice Status),STATUS,lib/features/invoices/domain/entities,2014,UNDECLARED,2026-01-14T19:04:36+03:00,f277bbefaa40ec35456613b248e4d6b3e857898c,Invoicing,,See traceability matrix; not inferred from pathname alone,L7 — historical or evidentiary claim only
DOC-1108,lib/features/reports/application/report_export_service.dart,import 'dart:typed_data';,REPORT,lib/features/reports/application,4053,HISTORICAL_OR_STATUS,2026-01-10T16:01:39+03:00,0a35807ea138d6c69ff2b25529382c7ab61607c6,Cross-cutting / undetermined,,See traceability matrix; not inferred from pathname alone,L7 — historical or evidentiary claim only
DOC-1109,lib/features/reports/application/report_pdf_service.dart,import 'dart:typed_data';,REPORT,lib/features/reports/application,8840,HISTORICAL_OR_STATUS,2026-01-15T18:03:45+03:00,fc4d6d999e92b49ef17ac6e49bca05bbb08c028c,Cross-cutting / undetermined,,See traceability matrix; not inferred from pathname alone,L7 — historical or evidentiary claim only
DOC-1110,lib/features/reports/presentation/screens/aging_report_screen.dart,// ignore_for_file: lines_longer_than_80_chars,REPORT,lib/features/reports/presentation/screens,5903,HISTORICAL_OR_STATUS,2026-07-27T16:20:21+03:00,a766d6d812a09c6c498a11706629d9ac28f641f5,Cross-cutting / undetermined,,See traceability matrix; not inferred from pathname alone,L7 — historical or evidentiary claim only
DOC-1111,lib/features/reports/presentation/screens/audit_trail_report_screen.dart,// ignore_for_file: lines_longer_than_80_chars,REPORT,lib/features/reports/presentation/screens,7630,HISTORICAL_OR_STATUS,2026-07-27T16:20:21+03:00,a766d6d812a09c6c498a11706629d9ac28f641f5,Cross-cutting / undetermined,,See traceability matrix; not inferred from pathname alone,L7 — historical or evidentiary claim only
DOC-1112,lib/features/reports/presentation/screens/financial_report_screen.dart,// ignore_for_file: lines_longer_than_80_chars,REPORT,lib/features/reports/presentation/screens,10473,HISTORICAL_OR_STATUS,2026-01-15T13:49:53+03:00,bb5feac7244198666253d45dd0a77424975fe88a,Delivery / operations,,See traceability matrix; not inferred from pathname alone,L7 — historical or evidentiary claim only
DOC-1113,lib/features/reports/presentation/screens/reports_dashboard_screen.dart,import 'package:basir_accounting_system/core/extensions/context_extensions.dart';,REPORT,lib/features/reports/presentation/screens,9263,HISTORICAL_OR_STATUS,2026-07-23T17:15:19+03:00,8546e4aef9b7b2e7f54e045808fd683afc2c5559,Cross-cutting / undetermined,,See traceability matrix; not inferred from pathname alone,L7 — historical or evidentiary claim only
DOC-1114,lib/features/reports/presentation/screens/smart_tax_report_screen.dart,import 'package:basir_accounting_system/features/accounting/application/tax_engine_service.dart';,REPORT,lib/features/reports/presentation/screens,7909,HISTORICAL_OR_STATUS,2026-07-27T16:20:21+03:00,a766d6d812a09c6c498a11706629d9ac28f641f5,Cross-cutting / undetermined,.kiro/specs/active/basir_master_specification/02_ACCOUNTING_ENGINE.md,See traceability matrix; not inferred from pathname alone,L7 — historical or evidentiary claim only
DOC-1115,lib/features/reports/presentation/widgets/comparative_analysis_chart.dart,import 'package:basir_accounting_system/core/theme/tokens/index.dart';,ANALYSIS,lib/features/reports/presentation/widgets,5241,HISTORICAL_OR_STATUS,2026-02-21T22:35:15+03:00,afca608f78fad5ca683c127ef7b3a8d889e92cb0,Cross-cutting / undetermined,.kiro/specs/active/basir_master_specification/04_UI_DESIGN_SYSTEM.md,See traceability matrix; not inferred from pathname alone,L7 — historical or evidentiary claim only
DOC-1116,lib/features/reports/presentation/widgets/report_filter_widget.dart,// ignore_for_file: lines_longer_than_80_chars,REPORT,lib/features/reports/presentation/widgets,3614,HISTORICAL_OR_STATUS,2026-01-14T19:04:36+03:00,f277bbefaa40ec35456613b248e4d6b3e857898c,Cross-cutting / undetermined,.kiro/specs/active/basir_master_specification/04_UI_DESIGN_SYSTEM.md,See traceability matrix; not inferred from pathname alone,L7 — historical or evidentiary claim only
DOC-1117,lib/features/reports/presentation/widgets/report_line_item.dart,import 'package:basir_accounting_system/core/utils/format_helpers.dart';,REPORT,lib/features/reports/presentation/widgets,3833,HISTORICAL_OR_STATUS,2026-02-21T22:35:15+03:00,afca608f78fad5ca683c127ef7b3a8d889e92cb0,Cross-cutting / undetermined,.kiro/specs/active/basir_master_specification/04_UI_DESIGN_SYSTEM.md,See traceability matrix; not inferred from pathname alone,L7 — historical or evidentiary claim only
DOC-1118,lib/features/reports/services/reporting_service.dart,import 'package:basir_accounting_system/src/rust/api/reports.dart' as rust;,REPORT,lib/features/reports/services,4838,HISTORICAL_OR_STATUS,2026-02-21T22:35:15+03:00,afca608f78fad5ca683c127ef7b3a8d889e92cb0,Cross-cutting / undetermined,,See traceability matrix; not inferred from pathname alone,L7 — historical or evidentiary claim only
DOC-1119,lib/features/zatca/presentation/widgets/zatca_status_badge.dart,import 'package:basir_accounting_system/core/theme/tokens/index.dart';,STATUS,lib/features/zatca/presentation/widgets,2063,UNDECLARED,2026-07-23T17:15:19+03:00,8546e4aef9b7b2e7f54e045808fd683afc2c5559,Compliance / ZATCA,.kiro/specs/active/basir_master_specification/04_UI_DESIGN_SYSTEM.md,See traceability matrix; not inferred from pathname alone,L7 — historical or evidentiary claim only
DOC-1120,lib/shared/widgets/document_editor/summary_rail.dart,/// لوحة ملخص وإجراءات محرر الوثيقة.,REPORT,lib/shared/widgets/document_editor,8140,UNDECLARED,2026-08-13T17:35:36+00:00,95c8aae8ed7ee08acbe95521dbd6448d35b62bc9,Cross-cutting / undetermined,.kiro/specs/active/basir_master_specification/04_UI_DESIGN_SYSTEM.md,See traceability matrix; not inferred from pathname alone,L7 — historical or evidentiary claim only
DOC-1121,lib/shared/widgets/work_layer/work_audit_timeline.dart,/// السجل الزمني للتدقيق الموحد لنظام بصير المحاسبي.,REPORT,lib/shared/widgets/work_layer,7837,UNDECLARED,2026-08-13T17:35:36+00:00,95c8aae8ed7ee08acbe95521dbd6448d35b62bc9,Cross-cutting / undetermined,.kiro/specs/active/basir_master_specification/04_UI_DESIGN_SYSTEM.md,See traceability matrix; not inferred from pathname alone,L7 — historical or evidentiary claim only
DOC-1122,lib/shared/widgets/work_layer/work_status_badge.dart,/// شارة حالة الوثيقة الموحدة لنظام بصير المحاسبي.,STATUS,lib/shared/widgets/work_layer,4162,UNDECLARED,2026-08-13T17:35:36+00:00,95c8aae8ed7ee08acbe95521dbd6448d35b62bc9,Cross-cutting / undetermined,.kiro/specs/active/basir_master_specification/04_UI_DESIGN_SYSTEM.md,See traceability matrix; not inferred from pathname alone,L7 — historical or evidentiary claim only
DOC-1123,lib/src/rust/api/auditor.dart,"// This file is automatically generated, so please do not edit it.",REPORT,lib/src/rust/api,1325,UNDECLARED,2026-01-15T18:03:45+03:00,fc4d6d999e92b49ef17ac6e49bca05bbb08c028c,Rust engine / FFI,.kiro/specs/active/basir_master_specification/07_INTEGRATION_PROTOCOLS.md,See traceability matrix; not inferred from pathname alone,L7 — historical or evidentiary claim only
DOC-1124,lib/src/rust/api/reports.dart,"// This file is automatically generated, so please do not edit it.",REPORT,lib/src/rust/api,9051,UNDECLARED,2026-01-11T17:34:11+03:00,888fbe7d7493f3e7baf0324353b3fd677ed44504,Rust engine / FFI,.kiro/specs/active/basir_master_specification/07_INTEGRATION_PROTOCOLS.md,See traceability matrix; not inferred from pathname alone,L7 — historical or evidentiary claim only
DOC-1125,lib/src/rust/api/standards.dart,"// This file is automatically generated, so please do not edit it.",STANDARD,lib/src/rust/api,1336,UNDECLARED,2026-01-09T19:40:02+03:00,a9c4f3824e0671dbb88b8ed4fa177fb24503d330,Rust engine / FFI,.kiro/specs/active/basir_master_specification/07_INTEGRATION_PROTOCOLS.md,See traceability matrix; not inferred from pathname alone,L6 — operational guidance / policy candidate
DOC-1126,lib/tools/documentation/README.md,📚 نظام التوثيق الشامل,GUIDE,lib/tools/documentation,10726,UNDECLARED,2025-12-10T17:25:42+03:00,0ef36f8a804fbc9f45219a20b57df271268259ae,Cross-cutting / undetermined,,See traceability matrix; not inferred from pathname alone,L6 — operational guidance / policy candidate
DOC-1127,lib/tools/documentation/analysis/analysis_engine.dart,import 'dart:io';,ANALYSIS,lib/tools/documentation/analysis,6642,UNDECLARED,2026-01-02T13:15:47+03:00,560c3372de9ac640f01e3854b211ffb6ef0664fd,Cross-cutting / undetermined,,See traceability matrix; not inferred from pathname alone,L7 — historical or evidentiary claim only
DOC-1128,linux/CMakeLists.txt,Project-level configuration.,UNKNOWN,linux,5429,UNDECLARED,2026-01-02T13:14:13+03:00,3454e1ec3a4a6e47388f738d7ab82639f929998e,Cross-cutting / undetermined,.kiro/specs/active/basir_master_specification/04_UI_DESIGN_SYSTEM.md,See traceability matrix; not inferred from pathname alone,UNASSIGNED
DOC-1129,linux/flutter/CMakeLists.txt,This file controls Flutter-level build steps. It should not be edited.,UNKNOWN,linux/flutter,2815,UNDECLARED,2025-12-10T17:25:42+03:00,0ef36f8a804fbc9f45219a20b57df271268259ae,Cross-cutting / undetermined,.kiro/specs/active/basir_master_specification/04_UI_DESIGN_SYSTEM.md,See traceability matrix; not inferred from pathname alone,UNASSIGNED
DOC-1130,logs/archive/analysis_report.txt,Analyzing Basir_MVP...,REPORT,logs/archive,2074,ARCHIVED_CANDIDATE,2026-01-02T13:15:47+03:00,560c3372de9ac640f01e3854b211ffb6ef0664fd,Cross-cutting / undetermined,,See traceability matrix; not inferred from pathname alone,L7 — historical or evidentiary claim only
DOC-1131,logs/archive/analyze_results.txt,Analyzing Basir_MVP...,ARCHIVE,logs/archive,6051,ARCHIVED_CANDIDATE,2026-01-02T13:15:47+03:00,560c3372de9ac640f01e3854b211ffb6ef0664fd,Cross-cutting / undetermined,,See traceability matrix; not inferred from pathname alone,L7 — historical or evidentiary claim only
DOC-1132,logs/archive/app_icon_block1.txt,12-25 22:18:11.047 6509 6509 I flutter : BASE64_START:app_icon.png,ARCHIVE,logs/archive,367550,ARCHIVED_CANDIDATE,2026-01-02T13:15:47+03:00,560c3372de9ac640f01e3854b211ffb6ef0664fd,Cross-cutting / undetermined,,See traceability matrix; not inferred from pathname alone,L7 — historical or evidentiary claim only
DOC-1133,logs/archive/app_icon_block2.txt,12-25 22:21:38.397 6509 6509 I flutter : BASE64_START:app_icon.png,ARCHIVE,logs/archive,361879,ARCHIVED_CANDIDATE,2025-12-26T13:15:06+03:00,e5967de10290512044c4f315a1b08933721aa352,Cross-cutting / undetermined,,See traceability matrix; not inferred from pathname alone,L7 — historical or evidentiary claim only
DOC-1134,logs/archive/assets_output.txt,00:00 +0: loading /home/m/Projects/Basir_MVP/integration_test/generate_assets_test.dart,ARCHIVE,logs/archive,1053028,ARCHIVED_CANDIDATE,2026-01-02T13:15:47+03:00,560c3372de9ac640f01e3854b211ffb6ef0664fd,Cross-cutting / undetermined,,See traceability matrix; not inferred from pathname alone,L7 — historical or evidentiary claim only
DOC-1135,logs/archive/extraction_source.txt,beginning of main,ARCHIVE,logs/archive,1592728,ARCHIVED_CANDIDATE,2026-01-02T13:15:47+03:00,560c3372de9ac640f01e3854b211ffb6ef0664fd,Cross-cutting / undetermined,,See traceability matrix; not inferred from pathname alone,L7 — historical or evidentiary claim only
DOC-1136,logs/archive/flutter_analyze_report.txt,Analyzing Basir_MVP...,REPORT,logs/archive,4146,ARCHIVED_CANDIDATE,2026-01-02T13:15:47+03:00,560c3372de9ac640f01e3854b211ffb6ef0664fd,Cross-cutting / undetermined,,See traceability matrix; not inferred from pathname alone,L7 — historical or evidentiary claim only
DOC-1137,logs/archive/full_log.txt,beginning of main,ARCHIVE,logs/archive,242963,ARCHIVED_CANDIDATE,2026-01-02T13:15:47+03:00,560c3372de9ac640f01e3854b211ffb6ef0664fd,Cross-cutting / undetermined,,See traceability matrix; not inferred from pathname alone,L7 — historical or evidentiary claim only
DOC-1138,logs/archive/full_log_retry.txt,beginning of main,ARCHIVE,logs/archive,12437568,ARCHIVED_CANDIDATE,2026-01-02T13:15:47+03:00,560c3372de9ac640f01e3854b211ffb6ef0664fd,Cross-cutting / undetermined,,See traceability matrix; not inferred from pathname alone,L7 — historical or evidentiary claim only
DOC-1139,logs/archive/github_integration_report.json,"""timestamp"": ""2025-12-15T10:30:00Z"",",REPORT,logs/archive,153,ARCHIVED_CANDIDATE,2025-12-26T13:15:06+03:00,e5967de10290512044c4f315a1b08933721aa352,Integration,.kiro/specs/active/basir_master_specification/07_INTEGRATION_PROTOCOLS.md,See traceability matrix; not inferred from pathname alone,L7 — historical or evidentiary claim only
DOC-1140,logs/archive/manual_run_log.txt,Launching integration_test/generate_assets_test.dart on U693CL in debug mode...,ARCHIVE,logs/archive,1057394,ARCHIVED_CANDIDATE,2026-01-02T13:15:47+03:00,560c3372de9ac640f01e3854b211ffb6ef0664fd,Cross-cutting / undetermined,,See traceability matrix; not inferred from pathname alone,L7 — historical or evidentiary claim only
DOC-1141,logs/archive/manual_run_log_retry.txt,Launching integration_test/generate_assets_test.dart on U693CL in debug mode...,ARCHIVE,logs/archive,1054993,ARCHIVED_CANDIDATE,2026-01-02T13:15:47+03:00,560c3372de9ac640f01e3854b211ffb6ef0664fd,Cross-cutting / undetermined,,See traceability matrix; not inferred from pathname alone,L7 — historical or evidentiary claim only
DOC-1142,logs/archive/test_final.txt,00:00 +0: loading /home/m/Projects/Basir_MVP/test/features/customers/domain/entities/customer_test.dart,STATUS,logs/archive,430525,ARCHIVED_CANDIDATE,2026-01-02T13:15:47+03:00,560c3372de9ac640f01e3854b211ffb6ef0664fd,Testing,,See traceability matrix; not inferred from pathname alone,L7 — historical or evidentiary claim only
DOC-1143,logs/archive/test_output_2.txt,00:00 +0: loading /home/m/Projects/Basir_MVP/test/features/customers/domain/entities/customer_test.dart,ARCHIVE,logs/archive,491675,ARCHIVED_CANDIDATE,2026-01-02T13:15:47+03:00,560c3372de9ac640f01e3854b211ffb6ef0664fd,Testing,,See traceability matrix; not inferred from pathname alone,L7 — historical or evidentiary claim only
DOC-1144,logs/archive/test_output_3.txt,00:00 +0: loading /home/m/Projects/Basir_MVP/test/features/customers/domain/entities/customer_test.dart,ARCHIVE,logs/archive,458804,ARCHIVED_CANDIDATE,2026-01-02T13:15:47+03:00,560c3372de9ac640f01e3854b211ffb6ef0664fd,Testing,,See traceability matrix; not inferred from pathname alone,L7 — historical or evidentiary claim only
DOC-1145,logs/archive/test_output_final.txt,00:00 +0: loading /home/m/Projects/Basir_MVP/integration_test/generate_assets_external.dart Running Gradle task 'assembleDebug'...,STATUS,logs/archive,10755,ARCHIVED_CANDIDATE,2026-01-02T13:15:47+03:00,560c3372de9ac640f01e3854b211ffb6ef0664fd,Testing,,See traceability matrix; not inferred from pathname alone,L7 — historical or evidentiary claim only
DOC-1146,logs/errors_detailed.txt,00:36 +73 -1: /home/m/Projects/Basir_MVP/test/widget/features/dashboard/dashboard_screen_test.dart: DashboardScreen Quick Actions Section should display new invoice button [E],UNKNOWN,logs,19831,UNDECLARED,2026-01-02T13:15:47+03:00,560c3372de9ac640f01e3854b211ffb6ef0664fd,Cross-cutting / undetermined,,See traceability matrix; not inferred from pathname alone,UNASSIGNED
DOC-1147,logs/git-recovery/CORRECT_RECOVERY_PLAN.md,خطة الاستعادة الصحيحة - استرجاع التطورات المفقودة,PLAN,logs/git-recovery,4520,PLANNING_CANDIDATE,2025-12-19T00:07:35+03:00,5a8bd2f0fa0d4681971e364a026bf4e52a4574d3,Cross-cutting / undetermined,,See traceability matrix; not inferred from pathname alone,L5 — planning only
DOC-1148,logs/git-recovery/FINAL_RECOVERY_REPORT.md,Git Repository Recovery - Final Report,STATUS,logs/git-recovery,4517,UNDECLARED,2025-12-19T00:07:35+03:00,5a8bd2f0fa0d4681971e364a026bf4e52a4574d3,Cross-cutting / undetermined,,See traceability matrix; not inferred from pathname alone,L7 — historical or evidentiary claim only
DOC-1149,logs/git-recovery/GIT_MCP_DEBUG_REPORT.md,Git MCP Server Debug Report,REPORT,logs/git-recovery,4550,UNDECLARED,2026-01-02T13:15:47+03:00,560c3372de9ac640f01e3854b211ffb6ef0664fd,Cross-cutting / undetermined,,See traceability matrix; not inferred from pathname alone,L7 — historical or evidentiary claim only
DOC-1150,logs/reports/daily_report_20251230.md,تقرير يومي - نظام تتبع الأخطاء والسجلات,REPORT,logs/reports,2239,HISTORICAL_OR_STATUS,2025-12-31T20:48:36+03:00,6d2b36b5963fc74833e2a28f54d4838b06e08729,Cross-cutting / undetermined,,See traceability matrix; not inferred from pathname alone,L7 — historical or evidentiary claim only
DOC-1151,logs/reports/latest_report.md,📊 Basir Quality Report - 20260110_155129,REPORT,logs/reports,331883,HISTORICAL_OR_STATUS,2026-01-10T16:01:39+03:00,0a35807ea138d6c69ff2b25529382c7ab61607c6,Testing,,See traceability matrix; not inferred from pathname alone,L7 — historical or evidentiary claim only
DOC-1152,logs/reports/quality_report_20260110_152214.md,📊 Basir Quality Report - 20260110_152214,REPORT,logs/reports,232639,HISTORICAL_OR_STATUS,2026-01-10T16:01:39+03:00,0a35807ea138d6c69ff2b25529382c7ab61607c6,Cross-cutting / undetermined,,See traceability matrix; not inferred from pathname alone,L7 — historical or evidentiary claim only
DOC-1153,logs/reports/quality_report_20260110_155129.md,📊 Basir Quality Report - 20260110_155129,REPORT,logs/reports,331883,HISTORICAL_OR_STATUS,2026-01-10T16:01:39+03:00,0a35807ea138d6c69ff2b25529382c7ab61607c6,Cross-cutting / undetermined,,See traceability matrix; not inferred from pathname alone,L7 — historical or evidentiary claim only
DOC-1154,metadata/google_play_ar.txt,نظام بصير المحاسبي - منصة الذكاء المالي المعرفي,UNKNOWN,metadata,1617,UNDECLARED,2026-01-15T13:49:53+03:00,bb5feac7244198666253d45dd0a77424975fe88a,Cross-cutting / undetermined,,See traceability matrix; not inferred from pathname alone,UNASSIGNED
DOC-1155,metadata/google_play_en.txt,Basir Accounting System - The Cognitive Financial Intelligence Platform,UNKNOWN,metadata,1058,UNDECLARED,2026-01-15T13:49:53+03:00,bb5feac7244198666253d45dd0a77424975fe88a,Cross-cutting / undetermined,,See traceability matrix; not inferred from pathname alone,UNASSIGNED
DOC-1156,pubspec.lock,Generated by pub,UNKNOWN,.,57195,UNDECLARED,2026-08-12T20:41:57+00:00,c9cf8d446e52e81a3bc59cc12f302633ae8e9376,Cross-cutting / undetermined,,See traceability matrix; not inferred from pathname alone,UNASSIGNED
DOC-1157,pubspec.yaml,The following line prevents the package from being accidentally published to,UNKNOWN,.,5031,UNDECLARED,2026-07-27T16:20:21+03:00,a766d6d812a09c6c498a11706629d9ac28f641f5,Cross-cutting / undetermined,,See traceability matrix; not inferred from pathname alone,UNASSIGNED
DOC-1158,reports/build_debug_20260113.txt,Running Gradle task 'assembleDebug'... 125.7s,UNKNOWN,reports,127,HISTORICAL_OR_STATUS,2026-01-14T19:04:36+03:00,f277bbefaa40ec35456613b248e4d6b3e857898c,Flutter UI / UX,.kiro/specs/active/basir_master_specification/04_UI_DESIGN_SYSTEM.md,See traceability matrix; not inferred from pathname alone,UNASSIGNED
DOC-1159,reports/build_test_report_20260113.md,"Build Test Report - January 13, 2026",REPORT,reports,8675,HISTORICAL_OR_STATUS,2026-01-15T13:07:43+03:00,cc1606aa007799d428d096e69c8f3b708202ce77,Flutter UI / UX; Testing,.kiro/specs/active/basir_master_specification/04_UI_DESIGN_SYSTEM.md,See traceability matrix; not inferred from pathname alone,L7 — historical or evidentiary claim only
DOC-1160,reports/code_structure_analysis_20260113.md,"Code Structure Analysis Report - January 13, 2026",ANALYSIS,reports,9528,HISTORICAL_OR_STATUS,2026-01-15T13:07:43+03:00,cc1606aa007799d428d096e69c8f3b708202ce77,Cross-cutting / undetermined,,See traceability matrix; not inferred from pathname alone,L7 — historical or evidentiary claim only
DOC-1161,reports/cognitive_overlay_fix_20260114.md,Cognitive Overlay Test Compatibility Fix,UNKNOWN,reports,10762,HISTORICAL_OR_STATUS,2026-01-15T13:07:43+03:00,cc1606aa007799d428d096e69c8f3b708202ce77,Cross-cutting / undetermined,,See traceability matrix; not inferred from pathname alone,UNASSIGNED
DOC-1162,reports/comprehensive_assessment_$(date +%Y%m%d).md,تقرير التشخيص الشامل - نظام بصير المحاسبي,REPORT,reports,10624,HISTORICAL_OR_STATUS,2026-01-14T19:04:36+03:00,f277bbefaa40ec35456613b248e4d6b3e857898c,Cross-cutting / undetermined,,See traceability matrix; not inferred from pathname alone,L7 — historical or evidentiary claim only
DOC-1163,reports/comprehensive_system_diagnosis_20260113.md,"Comprehensive System Diagnosis Report - January 13, 2026",ANALYSIS,reports,11354,HISTORICAL_OR_STATUS,2026-01-15T13:07:43+03:00,cc1606aa007799d428d096e69c8f3b708202ce77,Cross-cutting / undetermined,,See traceability matrix; not inferred from pathname alone,L7 — historical or evidentiary claim only
DOC-1164,reports/daily_progress_summary_20260113.md,"Daily Progress Summary - January 13, 2026",STATUS,reports,8254,HISTORICAL_OR_STATUS,2026-01-15T13:07:43+03:00,cc1606aa007799d428d096e69c8f3b708202ce77,Cross-cutting / undetermined,,See traceability matrix; not inferred from pathname alone,L7 — historical or evidentiary claim only
DOC-1165,reports/daily_progress_summary_20260113_final.md,"Daily Progress Summary - January 13, 2026 (Final)",STATUS,reports,10742,HISTORICAL_OR_STATUS,2026-01-15T13:07:43+03:00,cc1606aa007799d428d096e69c8f3b708202ce77,Cross-cutting / undetermined,,See traceability matrix; not inferred from pathname alone,L7 — historical or evidentiary claim only
DOC-1166,reports/dashboard_test_integration_success_report_20260113.md,Dashboard Test Integration - Project Success Report,STATUS,reports,13460,HISTORICAL_OR_STATUS,2026-01-15T13:07:43+03:00,cc1606aa007799d428d096e69c8f3b708202ce77,Testing; Integration,.kiro/specs/active/basir_master_specification/07_INTEGRATION_PROTOCOLS.md,See traceability matrix; not inferred from pathname alone,L7 — historical or evidentiary claim only
DOC-1167,reports/dependencies_20260113.txt,Showing outdated packages.,UNKNOWN,reports,3209,HISTORICAL_OR_STATUS,2026-01-14T19:04:36+03:00,f277bbefaa40ec35456613b248e4d6b3e857898c,Delivery / operations,,See traceability matrix; not inferred from pathname alone,UNASSIGNED
DOC-1168,reports/dependencies_analysis_20260113.md,"Dependencies Analysis Report - January 13, 2026",ANALYSIS,reports,7863,HISTORICAL_OR_STATUS,2026-01-15T13:07:43+03:00,cc1606aa007799d428d096e69c8f3b708202ce77,Delivery / operations,,See traceability matrix; not inferred from pathname alone,L7 — historical or evidentiary claim only
DOC-1169,reports/flutter_analyze_20260113.txt,Analyzing basir_accounting_system...,UNKNOWN,reports,21678,HISTORICAL_OR_STATUS,2026-01-14T19:04:36+03:00,f277bbefaa40ec35456613b248e4d6b3e857898c,Cross-cutting / undetermined,,See traceability matrix; not inferred from pathname alone,UNASSIGNED
DOC-1170,reports/flutter_analyze_report_20260113.md,"Flutter Analyze Report - January 13, 2026",REPORT,reports,6002,HISTORICAL_OR_STATUS,2026-01-15T13:07:43+03:00,cc1606aa007799d428d096e69c8f3b708202ce77,Cross-cutting / undetermined,,See traceability matrix; not inferred from pathname alone,L7 — historical or evidentiary claim only
DOC-1171,reports/flutter_test_20260113.txt,00:00 +0: loading /home/m/Projects/basir_accounting_system/test/features/customers/domain/entities/customer_test.dart,UNKNOWN,reports,3490414,HISTORICAL_OR_STATUS,2026-01-14T19:04:36+03:00,f277bbefaa40ec35456613b248e4d6b3e857898c,Testing,,See traceability matrix; not inferred from pathname alone,UNASSIGNED
DOC-1172,reports/flutter_test_report_20260113.md,"Flutter Test Report - January 13, 2026",REPORT,reports,6593,HISTORICAL_OR_STATUS,2026-01-15T13:07:43+03:00,cc1606aa007799d428d096e69c8f3b708202ce77,Testing,,See traceability matrix; not inferred from pathname alone,L7 — historical or evidentiary claim only
DOC-1173,reports/phase_1_critical_fixes_completion_report_20260113.md,Phase 1 Critical Fixes - Completion Report,STATUS,reports,11214,COMPLETED_CLAIM,2026-01-15T13:07:43+03:00,cc1606aa007799d428d096e69c8f3b708202ce77,Cross-cutting / undetermined,,See traceability matrix; not inferred from pathname alone,L7 — historical or evidentiary claim only
DOC-1174,reports/repository_synchronization_analysis_20260114.md,Repository Synchronization Analysis Report,ANALYSIS,reports,11111,HISTORICAL_OR_STATUS,2026-01-14T19:04:36+03:00,f277bbefaa40ec35456613b248e4d6b3e857898c,Cross-cutting / undetermined,.kiro/specs/active/basir_master_specification/07_INTEGRATION_PROTOCOLS.md,See traceability matrix; not inferred from pathname alone,L7 — historical or evidentiary claim only
DOC-1175,reports/repository_synchronization_completion_20260114.md,Repository Synchronization Completion Report,STATUS,reports,10568,COMPLETED_CLAIM,2026-01-15T13:07:43+03:00,cc1606aa007799d428d096e69c8f3b708202ce77,Cross-cutting / undetermined,.kiro/specs/active/basir_master_specification/07_INTEGRATION_PROTOCOLS.md,See traceability matrix; not inferred from pathname alone,L7 — historical or evidentiary claim only
DOC-1176,reports/task_2_1_completion_report_20260113.md,Task 2.1 Completion Report: Critical Technical Issues Resolution,TASK,reports,7137,COMPLETED_CLAIM,2026-01-15T13:07:43+03:00,cc1606aa007799d428d096e69c8f3b708202ce77,Cross-cutting / undetermined,,See traceability matrix; not inferred from pathname alone,L5 — planning only
DOC-1177,reports/task_2_1_progress_report_20260113.md,Task 2.1 Progress Report: Critical Technical Issues Resolution,TASK,reports,5403,HISTORICAL_OR_STATUS,2026-01-15T13:07:43+03:00,cc1606aa007799d428d096e69c8f3b708202ce77,Cross-cutting / undetermined,,See traceability matrix; not inferred from pathname alone,L5 — planning only
DOC-1178,reports/task_2_2_dependency_update_plan_20260113.md,Task 2.2 Dependency Update Plan: Safe Incremental Approach,TASK,reports,7083,PLANNING_CANDIDATE,2026-01-15T13:07:43+03:00,cc1606aa007799d428d096e69c8f3b708202ce77,Cross-cutting / undetermined,,See traceability matrix; not inferred from pathname alone,L5 — planning only
DOC-1179,reports/task_2_2_phase_1_completion_report_20260113.md,Task 2.2 Phase 1 Completion Report: Dependency Updates,TASK,reports,7015,COMPLETED_CLAIM,2026-01-15T13:07:43+03:00,cc1606aa007799d428d096e69c8f3b708202ce77,Cross-cutting / undetermined,,See traceability matrix; not inferred from pathname alone,L5 — planning only
DOC-1180,reports/task_2_2_phase_1_status_20260113.md,Task 2.2 Phase 1 Status Report: Dependency Constraints Analysis,TASK,reports,6803,HISTORICAL_OR_STATUS,2026-01-15T13:07:43+03:00,cc1606aa007799d428d096e69c8f3b708202ce77,Cross-cutting / undetermined,,See traceability matrix; not inferred from pathname alone,L5 — planning only
DOC-1181,reports/task_2_3_authentication_system_analysis_20260113.md,Task 2.3 Authentication System Analysis & Implementation Plan,TASK,reports,9322,HISTORICAL_OR_STATUS,2026-01-15T13:07:43+03:00,cc1606aa007799d428d096e69c8f3b708202ce77,Authentication / authorization,.kiro/specs/active/basir_master_specification/05_SECURITY_GOVERNANCE.md,See traceability matrix; not inferred from pathname alone,L5 — planning only
DOC-1182,reports/widget_tests_analysis_20260114.md,Widget Tests Analysis Report,ANALYSIS,reports,7332,HISTORICAL_OR_STATUS,2026-01-14T19:04:36+03:00,f277bbefaa40ec35456613b248e4d6b3e857898c,Testing,.kiro/specs/active/basir_master_specification/04_UI_DESIGN_SYSTEM.md,See traceability matrix; not inferred from pathname alone,L7 — historical or evidentiary claim only
DOC-1183,reports/widget_tests_phase1_completion_20260114.md,Widget Tests Fix - Phase 1 Completion Report,STATUS,reports,7736,COMPLETED_CLAIM,2026-01-14T19:04:36+03:00,f277bbefaa40ec35456613b248e4d6b3e857898c,Testing,.kiro/specs/active/basir_master_specification/04_UI_DESIGN_SYSTEM.md,See traceability matrix; not inferred from pathname alone,L7 — historical or evidentiary claim only
DOC-1184,reports/widget_tests_phase2_completion_20260114.md,Widget Tests Fix - Phase 2 Completion Report,STATUS,reports,11461,COMPLETED_CLAIM,2026-01-14T19:32:04+03:00,67cde21b6a6e278a252a9a668b451cc047b4b7bb,Testing,.kiro/specs/active/basir_master_specification/04_UI_DESIGN_SYSTEM.md,See traceability matrix; not inferred from pathname alone,L7 — historical or evidentiary claim only
DOC-1185,reports/widget_tests_phase2_progress_20260114.md,Widget Tests Fix - Phase 2 Progress Report,STATUS,reports,7766,HISTORICAL_OR_STATUS,2026-01-14T19:04:36+03:00,f277bbefaa40ec35456613b248e4d6b3e857898c,Testing,.kiro/specs/active/basir_master_specification/04_UI_DESIGN_SYSTEM.md,See traceability matrix; not inferred from pathname alone,L7 — historical or evidentiary claim only
DOC-1186,reports/widget_tests_project_final_summary_20260114.md,Widget Tests Fix Project - Final Summary Report,STATUS,reports,14577,HISTORICAL_OR_STATUS,2026-01-14T19:53:55+03:00,318a8ed0fc302d1723cf791b345e80c969b5a920,Testing,.kiro/specs/active/basir_master_specification/04_UI_DESIGN_SYSTEM.md,See traceability matrix; not inferred from pathname alone,L7 — historical or evidentiary claim only
DOC-1187,rust/audit.toml,"Ignore this security advisory because it only affects MySQL, which we don't use in the project.",REPORT,rust,266,UNDECLARED,2026-07-20T18:00:18+03:00,2c932dcd3f53763c63b7bd4dbee8eb8176a09173,Rust engine / FFI,,See traceability matrix; not inferred from pathname alone,L7 — historical or evidentiary claim only
DOC-1188,rust/crates/accounting_core/tests/audit_properties.rs,//! Property-Based Tests for Audit Trail and Temporal Justification,REPORT,rust/crates/accounting_core/tests,4310,UNDECLARED,2026-01-08T19:50:37+03:00,c107bc357765564c62fff304a60e000308388a9c,Accounting / ledger; Rust engine / FFI; Testing,.kiro/specs/active/basir_master_specification/02_ACCOUNTING_ENGINE.md,See traceability matrix; not inferred from pathname alone,L7 — historical or evidentiary claim only
DOC-1189,rust/crates/accounting_core/tests/prop_audit.rs,use accounting_core::{,REPORT,rust/crates/accounting_core/tests,4970,UNDECLARED,2026-01-08T19:08:37+03:00,68436d6937393c51f11c3b83137c0a22f66c5b8b,Accounting / ledger; Rust engine / FFI; Testing,.kiro/specs/active/basir_master_specification/02_ACCOUNTING_ENGINE.md,See traceability matrix; not inferred from pathname alone,L7 — historical or evidentiary claim only
DOC-1190,rust/crates/accounting_core/tests/prop_standards.rs,use accounting_core::{,STANDARD,rust/crates/accounting_core/tests,1543,UNDECLARED,2026-01-08T19:08:37+03:00,68436d6937393c51f11c3b83137c0a22f66c5b8b,Accounting / ledger; Rust engine / FFI; Testing,.kiro/specs/active/basir_master_specification/02_ACCOUNTING_ENGINE.md,See traceability matrix; not inferred from pathname alone,L6 — operational guidance / policy candidate
DOC-1191,rust/crates/accounting_core/tests/reporting_properties.rs,//! Property-Based Tests for Reporting Integrity,REPORT,rust/crates/accounting_core/tests,4195,UNDECLARED,2026-01-08T19:50:37+03:00,c107bc357765564c62fff304a60e000308388a9c,Accounting / ledger; Rust engine / FFI; Testing,.kiro/specs/active/basir_master_specification/02_ACCOUNTING_ENGINE.md,See traceability matrix; not inferred from pathname alone,L7 — historical or evidentiary claim only
DOC-1192,rust/crates/accounting_data/src/db/reporting.rs,"use accounting_core::reporting::models::{FinancialReport, TrialBalance, TrialBalanceLine};",REPORT,rust/crates/accounting_data/src/db,25987,UNDECLARED,2026-01-11T17:34:11+03:00,888fbe7d7493f3e7baf0324353b3fd677ed44504,Accounting / ledger; Rust engine / FFI,.kiro/specs/active/basir_master_specification/02_ACCOUNTING_ENGINE.md,See traceability matrix; not inferred from pathname alone,L7 — historical or evidentiary claim only
DOC-1193,rust/crates/accounting_data/src/db/standards.rs,"use accounting_core::audit::chain::{compute_record_hash, GENESIS_HASH};",STANDARD,rust/crates/accounting_data/src/db,6664,UNDECLARED,2026-01-08T19:08:37+03:00,68436d6937393c51f11c3b83137c0a22f66c5b8b,Accounting / ledger; Rust engine / FFI,.kiro/specs/active/basir_master_specification/02_ACCOUNTING_ENGINE.md,See traceability matrix; not inferred from pathname alone,L6 — operational guidance / policy candidate
DOC-1194,rust/crates/accounting_native/src/api/auditor.rs,"use crate::api::ledger::{map_dto_to_entity, EntryDto};",REPORT,rust/crates/accounting_native/src/api,1605,UNDECLARED,2026-01-15T13:07:43+03:00,cc1606aa007799d428d096e69c8f3b708202ce77,Accounting / ledger; Rust engine / FFI,.kiro/specs/active/basir_master_specification/02_ACCOUNTING_ENGINE.md,See traceability matrix; not inferred from pathname alone,L7 — historical or evidentiary claim only
DOC-1195,rust/crates/accounting_native/src/api/reports.rs,use crate::api::get_pool;,REPORT,rust/crates/accounting_native/src/api,11109,UNDECLARED,2026-01-11T17:34:11+03:00,888fbe7d7493f3e7baf0324353b3fd677ed44504,Accounting / ledger; Rust engine / FFI,.kiro/specs/active/basir_master_specification/02_ACCOUNTING_ENGINE.md,See traceability matrix; not inferred from pathname alone,L7 — historical or evidentiary claim only
DOC-1196,rust/crates/accounting_native/src/api/standards.rs,use accounting_core::standards::registry::StandardsRegistry;,STANDARD,rust/crates/accounting_native/src/api,1706,UNDECLARED,2026-01-08T19:08:37+03:00,68436d6937393c51f11c3b83137c0a22f66c5b8b,Accounting / ledger; Rust engine / FFI,.kiro/specs/active/basir_master_specification/02_ACCOUNTING_ENGINE.md,See traceability matrix; not inferred from pathname alone,L6 — operational guidance / policy candidate
DOC-1197,rust/migrations/20260103194619_create_standards_registry.sql,CREATE TABLE standards (,STANDARD,rust/migrations,349,UNDECLARED,2026-01-08T19:08:37+03:00,68436d6937393c51f11c3b83137c0a22f66c5b8b,Rust engine / FFI,.kiro/specs/active/basir_master_specification/03_DATA_SCHEMA.md,See traceability matrix; not inferred from pathname alone,L6 — operational guidance / policy candidate
DOC-1198,rust/migrations/20260103194648_create_ledger_architecture.sql,Accounts,ARCHITECTURE,rust/migrations,2473,UNDECLARED,2026-01-08T19:08:37+03:00,68436d6937393c51f11c3b83137c0a22f66c5b8b,Rust engine / FFI,.kiro/specs/active/basir_master_specification/02_ACCOUNTING_ENGINE.md,See traceability matrix; not inferred from pathname alone,L3 — design authority candidate
DOC-1199,rust/migrations/20260104191000_inventory_audit_hardening.sql,Inventory Audit Hardening: Cryptographic Hash Chain for Stock Movements,REPORT,rust/migrations,486,UNDECLARED,2026-01-08T19:08:37+03:00,68436d6937393c51f11c3b83137c0a22f66c5b8b,Rust engine / FFI,.kiro/specs/active/basir_master_specification/03_DATA_SCHEMA.md,See traceability matrix; not inferred from pathname alone,L7 — historical or evidentiary claim only
DOC-1200,rust_builder/README.md,"Please ignore this folder, which is just glue to build Rust with Flutter.",GUIDE,rust_builder,73,UNDECLARED,2026-01-08T16:24:42+03:00,4fa2d6d83410603ebfba11bc69931a08eba23ec6,Rust engine / FFI; Flutter UI / UX,.kiro/specs/active/basir_master_specification/04_UI_DESIGN_SYSTEM.md,See traceability matrix; not inferred from pathname alone,L6 — operational guidance / policy candidate
DOC-1201,rust_builder/cargokit/README,/// This is copied from Cargokit (which is the official way to use it currently),GUIDE,rust_builder/cargokit,483,UNDECLARED,2026-01-08T16:24:42+03:00,4fa2d6d83410603ebfba11bc69931a08eba23ec6,Rust engine / FFI; Flutter UI / UX,.kiro/specs/active/basir_master_specification/04_UI_DESIGN_SYSTEM.md,See traceability matrix; not inferred from pathname alone,L6 — operational guidance / policy candidate
DOC-1202,rust_builder/cargokit/build_tool/README.md,/// This is copied from Cargokit (which is the official way to use it currently),GUIDE,rust_builder/cargokit/build_tool,288,UNDECLARED,2026-01-08T16:24:42+03:00,4fa2d6d83410603ebfba11bc69931a08eba23ec6,Rust engine / FFI; Flutter UI / UX,.kiro/specs/active/basir_master_specification/04_UI_DESIGN_SYSTEM.md,See traceability matrix; not inferred from pathname alone,L6 — operational guidance / policy candidate
DOC-1203,rust_builder/cargokit/build_tool/analysis_options.yaml,This is copied from Cargokit (which is the official way to use it currently),ANALYSIS,rust_builder/cargokit/build_tool,1227,UNDECLARED,2026-01-08T16:24:42+03:00,4fa2d6d83410603ebfba11bc69931a08eba23ec6,Rust engine / FFI; Flutter UI / UX,.kiro/specs/active/basir_master_specification/04_UI_DESIGN_SYSTEM.md,See traceability matrix; not inferred from pathname alone,L7 — historical or evidentiary claim only
DOC-1204,rust_builder/cargokit/build_tool/pubspec.lock,Generated by pub,UNKNOWN,rust_builder/cargokit/build_tool,13052,UNDECLARED,2026-01-08T16:24:42+03:00,4fa2d6d83410603ebfba11bc69931a08eba23ec6,Rust engine / FFI; Flutter UI / UX,.kiro/specs/active/basir_master_specification/04_UI_DESIGN_SYSTEM.md,See traceability matrix; not inferred from pathname alone,UNASSIGNED
DOC-1205,rust_builder/cargokit/build_tool/pubspec.yaml,This is copied from Cargokit (which is the official way to use it currently),UNKNOWN,rust_builder/cargokit/build_tool,804,UNDECLARED,2026-01-08T16:24:42+03:00,4fa2d6d83410603ebfba11bc69931a08eba23ec6,Rust engine / FFI; Flutter UI / UX,.kiro/specs/active/basir_master_specification/04_UI_DESIGN_SYSTEM.md,See traceability matrix; not inferred from pathname alone,UNASSIGNED
DOC-1206,rust_builder/ios/rust_lib_basir_app.podspec,To learn more about a Podspec see http://guides.cocoapods.org/syntax/podspec.html.,UNKNOWN,rust_builder/ios,1996,UNDECLARED,2026-01-08T16:24:42+03:00,4fa2d6d83410603ebfba11bc69931a08eba23ec6,Rust engine / FFI; Flutter UI / UX,.kiro/specs/active/basir_master_specification/04_UI_DESIGN_SYSTEM.md,See traceability matrix; not inferred from pathname alone,UNASSIGNED
DOC-1207,rust_builder/linux/CMakeLists.txt,The Flutter tooling requires that developers have CMake 3.10 or later,UNKNOWN,rust_builder/linux,789,UNDECLARED,2026-01-08T16:24:42+03:00,4fa2d6d83410603ebfba11bc69931a08eba23ec6,Rust engine / FFI; Flutter UI / UX,.kiro/specs/active/basir_master_specification/04_UI_DESIGN_SYSTEM.md,See traceability matrix; not inferred from pathname alone,UNASSIGNED
DOC-1208,rust_builder/macos/rust_lib_basir_app.podspec,To learn more about a Podspec see http://guides.cocoapods.org/syntax/podspec.html.,UNKNOWN,rust_builder/macos,1903,UNDECLARED,2026-01-08T16:24:42+03:00,4fa2d6d83410603ebfba11bc69931a08eba23ec6,Rust engine / FFI; Flutter UI / UX,.kiro/specs/active/basir_master_specification/04_UI_DESIGN_SYSTEM.md,See traceability matrix; not inferred from pathname alone,UNASSIGNED
DOC-1209,rust_builder/pubspec.yaml,name: rust_lib_basir_app,UNKNOWN,rust_builder,678,UNDECLARED,2026-01-08T16:24:42+03:00,4fa2d6d83410603ebfba11bc69931a08eba23ec6,Rust engine / FFI; Flutter UI / UX,.kiro/specs/active/basir_master_specification/04_UI_DESIGN_SYSTEM.md,See traceability matrix; not inferred from pathname alone,UNASSIGNED
DOC-1210,rust_builder/windows/CMakeLists.txt,The Flutter tooling requires that developers have a version of Visual Studio,UNKNOWN,rust_builder/windows,819,UNDECLARED,2026-01-08T16:24:42+03:00,4fa2d6d83410603ebfba11bc69931a08eba23ec6,Rust engine / FFI; Flutter UI / UX,.kiro/specs/active/basir_master_specification/04_UI_DESIGN_SYSTEM.md,See traceability matrix; not inferred from pathname alone,UNASSIGNED
DOC-1211,scripts/README.md,سكريبتات الإصلاح والصيانة - مشروع بصير,GUIDE,scripts,6268,UNDECLARED,2025-12-17T22:32:28+03:00,b29af6bd686a8ad76056703f40b7ef7d45c9ea33,Cross-cutting / undetermined,,See traceability matrix; not inferred from pathname alone,L6 — operational guidance / policy candidate
DOC-1212,scripts/README_STEERING_COMPATIBILITY.md,نظام فحص التوافق التلقائي لملفات التوجيه,GUIDE,scripts,10669,UNDECLARED,2025-12-17T22:32:28+03:00,b29af6bd686a8ad76056703f40b7ef7d45c9ea33,Cross-cutting / undetermined,,See traceability matrix; not inferred from pathname alone,L6 — operational guidance / policy candidate
DOC-1213,scripts/archive/analysis/reports/full_analysis.txt,Basic Statistics,ANALYSIS,scripts/archive/analysis/reports,2776,ARCHIVED_CANDIDATE,2026-01-10T16:25:47+03:00,3949e860a901b4584f2d0ed8b9ea5cdfc3ab6430,Cross-cutting / undetermined,,See traceability matrix; not inferred from pathname alone,L7 — historical or evidentiary claim only
DOC-1214,scripts/archive/analysis/reports/smart_classification.txt,REPORT (788 files),ARCHIVE,scripts/archive/analysis/reports,5618,ARCHIVED_CANDIDATE,2026-01-10T16:25:47+03:00,3949e860a901b4584f2d0ed8b9ea5cdfc3ab6430,Cross-cutting / undetermined,,See traceability matrix; not inferred from pathname alone,L7 — historical or evidentiary claim only
DOC-1215,scripts/archive/generate_quality_report.dart,// ignore_for_file: avoid_print,REPORT,scripts/archive,2117,ARCHIVED_CANDIDATE,2026-01-10T16:01:39+03:00,0a35807ea138d6c69ff2b25529382c7ab61607c6,Cross-cutting / undetermined,,See traceability matrix; not inferred from pathname alone,L7 — historical or evidentiary claim only
DOC-1216,scripts/archive/generate_report.sh,سكريبت إنشاء التقارير - نظام تتبع الأخطاء والسجلات,REPORT,scripts/archive,17607,ARCHIVED_CANDIDATE,2026-01-10T16:01:39+03:00,0a35807ea138d6c69ff2b25529382c7ab61607c6,Cross-cutting / undetermined,,See traceability matrix; not inferred from pathname alone,L7 — historical or evidentiary claim only
DOC-1217,scripts/figma_quick_guide.md,دليل Figma السريع,GUIDE,scripts,1543,UNDECLARED,2025-12-29T21:52:19+03:00,e19f81ab07bea087097bea1bd68850501be70504,Flutter UI / UX,.kiro/specs/active/basir_master_specification/04_UI_DESIGN_SYSTEM.md,See traceability matrix; not inferred from pathname alone,L6 — operational guidance / policy candidate
DOC-1218,scripts/generate_quality_report.sh,Script: generate_quality_report.sh,REPORT,scripts,1343,UNDECLARED,2026-01-10T16:01:39+03:00,0a35807ea138d6c69ff2b25529382c7ab61607c6,Cross-cutting / undetermined,,See traceability matrix; not inferred from pathname alone,L7 — historical or evidentiary claim only
DOC-1219,scripts/hooks/README.md,Git Hooks - Error Tracking System,GUIDE,scripts/hooks,3041,UNDECLARED,2025-12-10T17:25:42+03:00,0ef36f8a804fbc9f45219a20b57df271268259ae,Cross-cutting / undetermined,,See traceability matrix; not inferred from pathname alone,L6 — operational guidance / policy candidate
DOC-1220,scripts/maintenance/archive_old_reports.sh,Archive Old Reports Script,REPORT,scripts/maintenance,2618,UNDECLARED,2026-01-02T13:15:47+03:00,560c3372de9ac640f01e3854b211ffb6ef0664fd,Cross-cutting / undetermined,,See traceability matrix; not inferred from pathname alone,L7 — historical or evidentiary claim only
DOC-1221,scripts/requirements.txt,httpx>=0.25.0,REQUIREMENT,scripts,24,UNDECLARED,2025-12-12T15:54:04+03:00,781c0427bc4c2b7170b562441b8625e268886434,Flutter UI / UX,.kiro/specs/active/basir_master_specification/04_UI_DESIGN_SYSTEM.md,See traceability matrix; not inferred from pathname alone,L4 — requirement authority candidate
DOC-1222,scripts/test_updated_guidelines.dart,#!/usr/bin/env dart,GUIDE,scripts,11109,UNDECLARED,2026-01-10T16:01:39+03:00,0a35807ea138d6c69ff2b25529382c7ab61607c6,Flutter UI / UX; Testing,.kiro/specs/active/basir_master_specification/04_UI_DESIGN_SYSTEM.md,See traceability matrix; not inferred from pathname alone,L6 — operational guidance / policy candidate
DOC-1223,test/README.md,مجلد الاختبارات - Error Tracking System,GUIDE,test,1167,UNDECLARED,2025-12-10T17:25:42+03:00,0ef36f8a804fbc9f45219a20b57df271268259ae,Testing,,See traceability matrix; not inferred from pathname alone,L6 — operational guidance / policy candidate
DOC-1224,test/archive/README.md,اختبارات نظام الأرشفة,GUIDE,test/archive,3385,ARCHIVED_CANDIDATE,2025-12-10T17:25:42+03:00,0ef36f8a804fbc9f45219a20b57df271268259ae,Testing,,See traceability matrix; not inferred from pathname alone,L6 — operational guidance / policy candidate
DOC-1225,test/generate_test_report.sh,Enhanced Test Report Generator,REPORT,test,4387,UNDECLARED,2025-12-10T20:50:55+03:00,28930af15035d1d30a708628a08bd46afae81287,Testing,,See traceability matrix; not inferred from pathname alone,L7 — historical or evidentiary claim only
DOC-1226,test/git_push/README.md,اختبارات نظام دفع السجلات إلى Git,GUIDE,test/git_push,5803,UNDECLARED,2025-12-10T17:25:42+03:00,0ef36f8a804fbc9f45219a20b57df271268259ae,Testing,,See traceability matrix; not inferred from pathname alone,L6 — operational guidance / policy candidate
DOC-1227,test/helpers/README.md,Test Helpers - دوال مساعدة للاختبارات,GUIDE,test/helpers,2178,UNDECLARED,2025-12-10T17:25:42+03:00,0ef36f8a804fbc9f45219a20b57df271268259ae,Testing,,See traceability matrix; not inferred from pathname alone,L6 — operational guidance / policy candidate
DOC-1228,test/integration/README.md,اختبارات التكامل - Integration Tests,GUIDE,test/integration,9529,UNDECLARED,2025-12-29T21:52:19+03:00,e19f81ab07bea087097bea1bd68850501be70504,Testing; Integration,.kiro/specs/active/basir_master_specification/07_INTEGRATION_PROTOCOLS.md,See traceability matrix; not inferred from pathname alone,L6 — operational guidance / policy candidate
DOC-1229,test/log_collection/README.md,اختبارات نظام جمع السجلات,GUIDE,test/log_collection,4894,UNDECLARED,2025-12-10T17:25:42+03:00,0ef36f8a804fbc9f45219a20b57df271268259ae,Testing,,See traceability matrix; not inferred from pathname alone,L6 — operational guidance / policy candidate
DOC-1230,test/mocks/README.md,Test Mocks - Mock Objects للاختبارات,GUIDE,test/mocks,2570,UNDECLARED,2025-12-10T17:25:42+03:00,0ef36f8a804fbc9f45219a20b57df271268259ae,Testing,,See traceability matrix; not inferred from pathname alone,L6 — operational guidance / policy candidate
DOC-1231,test/mocks/mock_financial_reporting_service.dart,// ignore_for_file: lines_longer_than_80_chars,REPORT,test/mocks,2128,UNDECLARED,2026-01-14T19:04:36+03:00,f277bbefaa40ec35456613b248e4d6b3e857898c,Testing; Delivery / operations,,See traceability matrix; not inferred from pathname alone,L7 — historical or evidentiary claim only
DOC-1232,test/reports/README.md,اختبارات نظام التقارير,GUIDE,test/reports,3494,HISTORICAL_OR_STATUS,2025-12-10T17:25:42+03:00,0ef36f8a804fbc9f45219a20b57df271268259ae,Testing,,See traceability matrix; not inferred from pathname alone,L6 — operational guidance / policy candidate
DOC-1233,test/run_report_tests.sh,سكريبت تشغيل اختبارات نظام التقارير,REPORT,test,2477,UNDECLARED,2025-12-10T17:25:42+03:00,0ef36f8a804fbc9f45219a20b57df271268259ae,Testing,,See traceability matrix; not inferred from pathname alone,L7 — historical or evidentiary claim only
DOC-1234,test/security/README.md,اختبارات الأمان - Security Tests,GUIDE,test/security,8072,UNDECLARED,2026-01-02T13:15:42+03:00,0d041345285a3a87e20edacecf4bf5f79d154008,Security; Testing,.kiro/specs/active/basir_master_specification/05_SECURITY_GOVERNANCE.md,See traceability matrix; not inferred from pathname alone,L6 — operational guidance / policy candidate
DOC-1235,test/unit/core/theme/border_contrast_design_test.dart,import 'package:basir_accounting_system/core/theme/border_contrast_design.dart';,DESIGN,test/unit/core/theme,1534,UNDECLARED,2026-07-20T19:26:13+03:00,66a52adf5efd257f57979294cfb28926eb7c88ea,Testing,.kiro/specs/active/basir_master_specification/04_UI_DESIGN_SYSTEM.md,See traceability matrix; not inferred from pathname alone,L3 — design authority candidate
DOC-1236,test/unit/core/theme/disabled_state_design_test.dart,import 'package:basir_accounting_system/core/theme/app_state_colors.dart';,DESIGN,test/unit/core/theme,1887,UNDECLARED,2026-07-20T19:31:23+03:00,00e5dacf2e2e8013193fe2cd4beac12ff39c1608,Testing,.kiro/specs/active/basir_master_specification/04_UI_DESIGN_SYSTEM.md,See traceability matrix; not inferred from pathname alone,L3 — design authority candidate
DOC-1237,test/unit/core/theme/opacity_compositing_design_test.dart,import 'package:basir_accounting_system/core/theme/opacity_compositing_design.dart';,DESIGN,test/unit/core/theme,2455,UNDECLARED,2026-07-23T17:18:18+03:00,b59d925867de7dd535aa9d1c2f31140d6dbe4c92,Testing; Delivery / operations,.kiro/specs/active/basir_master_specification/04_UI_DESIGN_SYSTEM.md,See traceability matrix; not inferred from pathname alone,L3 — design authority candidate
DOC-1238,test/unit/core/theme/selected_state_design_test.dart,import 'package:basir_accounting_system/core/theme/selected_state_design.dart';,DESIGN,test/unit/core/theme,1629,UNDECLARED,2026-07-20T19:31:23+03:00,00e5dacf2e2e8013193fe2cd4beac12ff39c1608,Testing,.kiro/specs/active/basir_master_specification/04_UI_DESIGN_SYSTEM.md,See traceability matrix; not inferred from pathname alone,L3 — design authority candidate
DOC-1239,test/unit/features/accounting/forensic_audit_service_test.dart,// ignore_for_file: lines_longer_than_80_chars,REPORT,test/unit/features/accounting,6220,UNDECLARED,2026-08-13T17:35:36+00:00,95c8aae8ed7ee08acbe95521dbd6448d35b62bc9,Accounting / ledger; Testing,.kiro/specs/active/basir_master_specification/02_ACCOUNTING_ENGINE.md,See traceability matrix; not inferred from pathname alone,L7 — historical or evidentiary claim only
DOC-1240,test/unit/features/reports/services/reporting_service_test.dart,import 'package:basir_accounting_system/features/reports/services/reporting_service.dart';,REPORT,test/unit/features/reports/services,3100,HISTORICAL_OR_STATUS,2026-01-11T23:12:27+03:00,c458bbcaa0bf25bc561e64c3f926e61178af03f0,Testing,,See traceability matrix; not inferred from pathname alone,L7 — historical or evidentiary claim only
DOC-1241,test/unit/tools/documentation/analysis/analysis_engine_test.dart,import 'package:basir_accounting_system/tools/documentation/analysis/analysis_engine.dart';,ANALYSIS,test/unit/tools/documentation/analysis,10790,UNDECLARED,2026-01-11T23:12:27+03:00,c458bbcaa0bf25bc561e64c3f926e61178af03f0,Testing,,See traceability matrix; not inferred from pathname alone,L7 — historical or evidentiary claim only
DOC-1242,test/widget/features/dashboard/README.md,Dashboard Screen Tests - Technical Documentation,GUIDE,test/widget/features/dashboard,12654,UNDECLARED,2026-01-15T13:07:43+03:00,cc1606aa007799d428d096e69c8f3b708202ce77,Testing,.kiro/specs/active/basir_master_specification/04_UI_DESIGN_SYSTEM.md,See traceability matrix; not inferred from pathname alone,L6 — operational guidance / policy candidate
DOC-1243,test/widget/features/reports/aging_report_screen_test.dart,import 'package:basir_accounting_system/core/providers.dart';,REPORT,test/widget/features/reports,3428,HISTORICAL_OR_STATUS,2026-07-19T22:51:24+03:00,54fb7646c6112e9089a99a77206f2b4fdc59f33d,Testing,.kiro/specs/active/basir_master_specification/04_UI_DESIGN_SYSTEM.md,See traceability matrix; not inferred from pathname alone,L7 — historical or evidentiary claim only
DOC-1244,test/widget/features/reports/reports_dashboard_screen_test.dart,import 'package:basir_accounting_system/core/providers.dart';,REPORT,test/widget/features/reports,3605,HISTORICAL_OR_STATUS,2026-07-19T22:51:24+03:00,54fb7646c6112e9089a99a77206f2b4fdc59f33d,Testing,.kiro/specs/active/basir_master_specification/04_UI_DESIGN_SYSTEM.md,See traceability matrix; not inferred from pathname alone,L7 — historical or evidentiary claim only
DOC-1245,tmp_rust/api/auditor.dart,"// This file is automatically generated, so please do not edit it.",REPORT,tmp_rust/api,1325,UNDECLARED,2026-01-15T13:07:43+03:00,cc1606aa007799d428d096e69c8f3b708202ce77,Rust engine / FFI,.kiro/specs/active/basir_master_specification/07_INTEGRATION_PROTOCOLS.md,See traceability matrix; not inferred from pathname alone,L7 — historical or evidentiary claim only
DOC-1246,tmp_rust/api/reports.dart,"// This file is automatically generated, so please do not edit it.",REPORT,tmp_rust/api,9074,UNDECLARED,2026-01-15T13:07:43+03:00,cc1606aa007799d428d096e69c8f3b708202ce77,Rust engine / FFI,.kiro/specs/active/basir_master_specification/07_INTEGRATION_PROTOCOLS.md,See traceability matrix; not inferred from pathname alone,L7 — historical or evidentiary claim only
DOC-1247,tmp_rust/api/standards.dart,"// This file is automatically generated, so please do not edit it.",STANDARD,tmp_rust/api,1336,UNDECLARED,2026-01-15T13:07:43+03:00,cc1606aa007799d428d096e69c8f3b708202ce77,Rust engine / FFI,.kiro/specs/active/basir_master_specification/07_INTEGRATION_PROTOCOLS.md,See traceability matrix; not inferred from pathname alone,L6 — operational guidance / policy candidate
DOC-1248,tools/kiro_optimizers/flutter/comprehensive_analysis.sh,Comprehensive Flutter Analysis Hook,ANALYSIS,tools/kiro_optimizers/flutter,11660,UNDECLARED,2025-12-28T20:44:26+03:00,91b6b606cc3c41a8261309ca7144637b5f3706aa,Cross-cutting / undetermined,,See traceability matrix; not inferred from pathname alone,L7 — historical or evidentiary claim only
DOC-1249,tools/kiro_optimizers/flutter/performance_analysis.sh,Flutter Performance Analysis,ANALYSIS,tools/kiro_optimizers/flutter,11077,UNDECLARED,2025-12-28T20:44:26+03:00,91b6b606cc3c41a8261309ca7144637b5f3706aa,Cross-cutting / undetermined,,See traceability matrix; not inferred from pathname alone,L7 — historical or evidentiary claim only
DOC-1250,tools/repository_cleaner/lib/domain/entities/cleanup_plan.dart,import 'package:repository_cleaner/domain/entities/file_info.dart';,PLAN,tools/repository_cleaner/lib/domain/entities,1260,PLANNING_CANDIDATE,2025-12-31T20:48:36+03:00,6d2b36b5963fc74833e2a28f54d4838b06e08729,Cross-cutting / undetermined,,See traceability matrix; not inferred from pathname alone,L5 — planning only
DOC-1251,tools/repository_cleaner/pubspec.lock,Generated by pub,UNKNOWN,tools/repository_cleaner,11863,UNDECLARED,2025-12-31T20:48:36+03:00,6d2b36b5963fc74833e2a28f54d4838b06e08729,Cross-cutting / undetermined,,See traceability matrix; not inferred from pathname alone,UNASSIGNED
DOC-1252,tools/repository_cleaner/pubspec.yaml,name: repository_cleaner,UNKNOWN,tools/repository_cleaner,350,UNDECLARED,2025-12-31T20:48:36+03:00,6d2b36b5963fc74833e2a28f54d4838b06e08729,Cross-cutting / undetermined,,See traceability matrix; not inferred from pathname alone,UNASSIGNED
DOC-1253,tools/test_diagnostics/test_reporter.dart,/// Test Reporting System,REPORT,tools/test_diagnostics,21886,UNDECLARED,2026-01-10T16:01:39+03:00,0a35807ea138d6c69ff2b25529382c7ab61607c6,Testing,,See traceability matrix; not inferred from pathname alone,L7 — historical or evidentiary claim only
DOC-1254,windows/CMakeLists.txt,Project-level configuration.,UNKNOWN,windows,4154,UNDECLARED,2026-01-02T13:14:13+03:00,3454e1ec3a4a6e47388f738d7ab82639f929998e,Cross-cutting / undetermined,,See traceability matrix; not inferred from pathname alone,UNASSIGNED
DOC-1255,windows/flutter/CMakeLists.txt,This file controls Flutter-level build steps. It should not be edited.,UNKNOWN,windows/flutter,3742,UNDECLARED,2025-12-10T17:25:42+03:00,0ef36f8a804fbc9f45219a20b57df271268259ae,Cross-cutting / undetermined,,See traceability matrix; not inferred from pathname alone,UNASSIGNED
DOC-1256,windows/runner/CMakeLists.txt,"Define the application target. To change its name, change BINARY_NAME in the",UNKNOWN,windows/runner,1796,UNDECLARED,2025-12-10T17:25:42+03:00,0ef36f8a804fbc9f45219a20b57df271268259ae,Cross-cutting / undetermined,,See traceability matrix; not inferred from pathname alone,UNASSIGNED
